DonorID,Name,Phone,Email,City,SignupDate,Past_Donations,Reliability_Score,Last_Feedback,Flagged
D000001,Cheryl Nelson,3075524310,lindsay21@example.net,Pune,2024-07-09,4,0.44998745790900146,2025-09-27,False
D000002,Dakota Preston,949-938-4986,jmartinez@example.com,Kolkata,2023-11-15,2,0.8849549260809972,2025-09-27,False
D000003,Michael Gutierrez,465.657.6954x00822,kristen24@example.net,Hyderabad,2023-10-08,0,0.26883173389368265,2025-09-27,True
D000004,Carla Thompson,7106938335,leonardtina@example.com,Lucknow,2025-05-30,3,0.46974693032602094,2025-09-27,False
D000005,Paul Rivas,(866)365-4566x991,drakegordon@example.net,Bhopal,2025-02-14,3,0.6962072844310212,2025-09-27,True
D000006,Nicole Howell,(937)305-3788,beltranjose@example.org,Bengaluru,2024-05-05,2,0.8711008778424264,2025-09-27,False
D000007,Evan Andrews,(439)320-0404x768,edwardssylvia@example.com,Lucknow,2025-08-20,1,0.7421165132560785,2025-09-27,False
D000008,Patrick Taylor,934.254.5662x8523,jenniferyoung@example.org,Pune,2024-04-09,3,0.4911180438940312,2025-09-27,False
D000009,Dana Rodriguez,+1-328-492-7857x069,cvalenzuela@example.com,Thane,2025-09-17,4,0.8697494707820945,2025-09-27,False
D000010,Valerie Smith,589.226.5040x38912,tristantorres@example.com,Thane,2023-11-07,6,0.6698460661945399,2025-09-27,False
D000011,Brandi Miller,258.803.7984x596,nmays@example.org,Jaipur,2024-11-28,2,0.8010984903770199,2025-09-27,False
D000012,Julie Mclaughlin,2082957193,lauraanderson@example.org,Pune,2024-07-13,2,0.40703991135754225,2025-09-27,False
D000013,Kelly Payne,484.593.7234,kcarney@example.com,Ahmedabad,2024-02-01,2,0.5792328642721363,2025-09-27,False
D000014,Megan Graham,775-547-5296,cody82@example.net,Pune,2025-07-30,2,0.5854091260991332,2025-09-27,False
D000015,Christopher Shaw,(667)235-7035x2559,vthompson@example.com,Kolkata,2024-10-02,4,0.7566223936114975,2025-09-27,False
D000016,Robert Carlson,001-795-552-7434x317,amy93@example.net,Lucknow,2024-06-25,2,0.7553314448428937,2025-09-27,False
D000017,Sherry Johnson,001-728-946-0419x9573,burnettandrea@example.com,Nagpur,2025-07-18,1,0.7182052056318902,2025-09-27,False
D000018,Annette Clayton,(747)523-6934,kfuentes@example.net,Chennai,2024-02-06,4,0.4384899549143965,2025-09-27,False
D000019,Jocelyn Aguirre,001-431-628-2166,johnshea@example.net,Hyderabad,2025-07-28,3,0.6282672852414551,2025-09-27,False
D000020,Kelly Lucas,(340)932-6399x5731,phughes@example.net,Chennai,2024-01-05,5,0.5139675812709709,2025-09-27,False
D000021,Michael Wilson,001-773-754-2703x77296,anthony72@example.com,Chennai,2024-10-25,2,0.667044709687721,2025-09-27,False
D000022,Darlene Fleming,001-931-211-8287x035,daniel32@example.org,Delhi,2025-02-28,1,0.8714548519562596,2025-09-27,False
D000023,James Powell,854-737-2935x39250,sararamos@example.net,Ahmedabad,2024-03-17,5,0.5504391549083849,2025-09-27,False
D000024,Melissa Perry,621.708.8140x95956,andersonerik@example.org,Delhi,2024-02-24,3,0.5725356240133415,2025-09-27,False
D000025,Sheila Chen,001-728-366-1748x6928,wlee@example.com,Thane,2024-05-24,3,0.7360677737029393,2025-09-27,False
D000026,Thomas Bernard,(590)482-2217,calebhill@example.com,Kanpur,2024-02-03,4,0.8082159366096919,2025-09-27,False
D000027,Thomas Fisher,(789)918-9124x20705,jjohnson@example.net,Jaipur,2024-11-30,2,0.6954464715941209,2025-09-27,False
D000028,Jeffrey Hamilton,256-353-5423x90382,waltersmatthew@example.net,Bengaluru,2025-07-13,3,0.870261632244802,2025-09-27,False
D000029,Ruben Wiggins,780.762.1790,judithcollins@example.net,Pune,2023-10-14,2,0.45673676062029456,2025-09-27,False
D000030,William Escobar,9908691081,dmcmahon@example.org,Thane,2025-04-06,2,0.8910841716647178,2025-09-27,False
D000031,Susan Hawkins,001-572-265-4825x6437,howardgarcia@example.com,Delhi,2025-08-19,1,0.8486078789766633,2025-09-27,False
D000032,Theodore Hodges,371.661.4308x430,thompsonmckenzie@example.com,Kanpur,2025-06-10,2,0.823330571119153,2025-09-27,False
D000033,Samantha Larson,(636)226-2195x25835,eric07@example.com,Hyderabad,2024-03-16,2,0.4808143570473069,2025-09-27,False
D000034,Leon Kaiser,001-889-271-3788x1991,gsims@example.com,Chennai,2025-05-07,5,0.6428068767931133,2025-09-27,False
D000035,Janet Buchanan,001-394-662-2927x49925,alyssa95@example.com,Indore,2025-02-28,2,0.5626998490796339,2025-09-27,False
D000036,Joshua Garcia,+1-718-871-7316x9324,ymacias@example.com,Ahmedabad,2024-12-21,3,0.5838579015297167,2025-09-27,False
D000037,Darius Webb,940-231-3700x2003,vdouglas@example.com,Thane,2024-10-11,5,0.7225516810152824,2025-09-27,False
D000038,Daniel Baker,(234)794-4954x0761,matthewwilliams@example.org,Delhi,2025-03-26,2,0.41215798321572694,2025-09-27,False
D000039,Mrs. Rhonda Cox,001-315-983-4940x82751,reynoldsbeverly@example.net,Delhi,2024-09-14,6,0.676382483417745,2025-09-27,False
D000040,Brandon Mclaughlin,001-958-343-0902x7877,nsanchez@example.com,Nagpur,2024-08-17,4,0.48474637334304627,2025-09-27,False
D000041,Christopher Hardy,001-340-934-3536x417,ireed@example.com,Bhopal,2025-04-26,3,0.2206715275236076,2025-09-27,True
D000042,Austin Jordan,417-516-3570,christine00@example.org,Bhopal,2025-05-13,6,0.8046805777392568,2025-09-27,False
D000043,Ryan Montoya,404-962-5413,foconnor@example.net,Jaipur,2024-02-10,2,0.7139472074743181,2025-09-27,False
D000044,Betty Chen,9202917876,ptate@example.net,Ahmedabad,2024-08-18,5,0.689140070498087,2025-09-27,True
D000045,Charles Gonzales,313.792.3337x32950,karenvaughn@example.net,Jaipur,2025-07-20,4,0.4194173672147116,2025-09-27,False
D000046,Gwendolyn Baker,906-373-2044x732,stephen09@example.com,Kanpur,2024-01-14,3,0.7114452379095002,2025-09-27,False
D000047,Brandon Horne,001-286-724-8495x794,richardsonfrederick@example.org,Indore,2025-01-01,3,0.46637271112148493,2025-09-27,False
D000048,Michele Lee,+1-803-377-4787x63551,vaughnelizabeth@example.org,Lucknow,2025-03-09,3,0.439228190671133,2025-09-27,True
D000049,Elizabeth Beck,+1-634-706-1763x598,mortonjon@example.com,Kolkata,2024-03-16,1,0.7442499503826832,2025-09-27,False
D000050,Michael Smith,7978803798,lashley@example.org,Lucknow,2024-03-28,1,0.6746133323530603,2025-09-27,False
D000051,Elizabeth Anderson,999-935-1947,frankfisher@example.net,Ahmedabad,2024-04-03,6,0.6830186052470382,2025-09-27,False
D000052,David Burton,001-658-734-0808,sfernandez@example.net,Hyderabad,2025-07-02,0,0.45803632025345814,2025-09-27,True
D000053,Brett Moore,+1-476-510-6837x206,jenniferharrell@example.net,Delhi,2024-05-02,3,0.7816822115019555,2025-09-27,False
D000054,Christopher Delgado,(632)537-2441,crystal05@example.com,Chennai,2025-06-10,2,0.7079250490261082,2025-09-27,False
D000055,Monica Taylor,238-645-1624,brian65@example.org,Mumbai,2024-07-18,1,0.8667181540397415,2025-09-27,False
D000056,Morgan Garza,652.868.6236,gentryjoy@example.net,Ahmedabad,2023-10-04,2,0.7212096391031578,2025-09-27,True
D000057,Jose Barrett,+1-868-675-2640x267,mooreanthony@example.com,Kanpur,2024-09-18,3,0.8056020883680015,2025-09-27,False
D000058,Keith Mckee,407.379.6088x78406,baileyayala@example.net,Nagpur,2025-07-03,4,0.45038900068871335,2025-09-27,True
D000059,Susan Walker,+1-829-280-7314x042,jamie51@example.com,Bengaluru,2025-02-23,4,0.57031228473212,2025-09-27,False
D000060,Devin Nguyen,964-495-3059,chasewilliams@example.org,Pune,2025-06-20,3,0.7675355219019429,2025-09-27,False
D000061,Annette Grimes,001-304-510-5701x2766,smithjesse@example.com,Jaipur,2025-08-15,5,0.5250082246080523,2025-09-27,False
D000062,Cheryl Green,534.504.1900x0374,paulahart@example.com,Pune,2024-10-16,5,0.8512764533397834,2025-09-27,False
D000063,Craig Rojas,561.744.4002,moorejared@example.org,Jaipur,2025-03-17,3,0.8526909882096319,2025-09-27,False
D000064,Philip Rojas,491.695.4166,jennifer39@example.net,Pune,2025-07-21,4,0.44585207362924056,2025-09-27,False
D000065,Mark Tucker,222.851.6665,dpayne@example.net,Chennai,2025-09-08,4,0.6472101523512908,2025-09-27,False
D000066,Shelby Peterson,+1-301-682-2143x704,whitejohn@example.com,Bhopal,2024-01-12,1,0.6729578850824944,2025-09-27,False
D000067,Ray Mcdonald,+1-738-682-1305x443,terrihernandez@example.net,Bhopal,2025-06-19,3,0.1326160209172496,2025-09-27,True
D000068,Zachary Vasquez,980-423-6419x3717,xpennington@example.com,Lucknow,2025-09-09,3,0.516614036212264,2025-09-27,False
D000069,Stephen Jacobs,2938155264,schwartzadam@example.com,Indore,2024-01-09,6,0.7885734579637185,2025-09-27,False
D000070,Vincent Lopez,001-624-887-9683x5793,timothy62@example.org,Kanpur,2025-04-24,2,0.5268410869365694,2025-09-27,False
D000071,Jason Harris,001-635-393-0202x869,johnsondavid@example.com,Thane,2024-09-27,1,0.45876312338855246,2025-09-27,False
D000072,Michelle Bailey,(331)603-5302x89721,pricelaura@example.com,Delhi,2025-07-01,3,0.44144566084667713,2025-09-27,False
D000073,Charles West,001-774-938-7505,glassmadeline@example.org,Kolkata,2024-06-18,1,0.8849394133538195,2025-09-27,True
D000074,Claire Smith,+1-313-909-4614x603,jeremiah15@example.org,Kolkata,2024-12-02,0,0.862321665111798,2025-09-27,False
D000075,Betty Stein,452-685-0644x64338,evanstiffany@example.net,Chennai,2024-09-15,6,0.6921571559615501,2025-09-27,False
D000076,Joe Chavez,+1-434-912-6686x202,shannondiaz@example.org,Jaipur,2025-08-29,3,0.4533780329679422,2025-09-27,False
D000077,Sandra Fowler,497-975-4584x7310,linda15@example.net,Lucknow,2023-12-05,2,0.6918280559254361,2025-09-27,False
D000078,James Graham,284-277-9847x381,danielgonzales@example.net,Jaipur,2024-08-19,2,0.5398817535844729,2025-09-27,False
D000079,Shane Peterson,001-476-210-0259x56207,larry20@example.org,Indore,2024-02-27,6,0.6091215181453095,2025-09-27,False
D000080,Benjamin Brady,454.389.9066x0803,rbrown@example.org,Mumbai,2024-02-27,2,0.7888011418676129,2025-09-27,False
D000081,Dr. Wesley Padilla,001-624-483-2261,heather14@example.com,Bhopal,2025-02-20,2,0.8849571989073016,2025-09-27,False
D000082,Destiny Boone,237.893.0898,crosstheresa@example.com,Indore,2024-03-31,1,0.14007781782009499,2025-09-27,True
D000083,Kristie Reeves,868.654.2009x1970,mollyphillips@example.org,Pune,2024-06-17,9,0.4645797075757475,2025-09-27,False
D000084,Joseph Goodman,997.986.8954,xhowell@example.net,Indore,2025-01-23,3,0.5343362410126538,2025-09-27,True
D000085,Dominic Garrett,880.826.6239,markrivas@example.net,Lucknow,2025-06-04,6,0.6017414331061985,2025-09-27,False
D000086,Sarah Crosby,001-715-572-0323x87196,brittany09@example.net,Bhopal,2023-12-08,8,0.6774078042711129,2025-09-27,False
D000087,Chelsea Johnson,(489)573-9545x12729,jeffreysmith@example.org,Mumbai,2024-09-28,4,0.8311818543733727,2025-09-27,False
D000088,Benjamin Whitaker,436-504-3968,cconner@example.org,Chennai,2024-01-22,3,0.4229306332023165,2025-09-27,False
D000089,Carolyn Torres,001-849-827-9547x6365,dhicks@example.org,Mumbai,2025-06-14,3,0.46443986095532463,2025-09-27,False
D000090,Mr. Cameron Williams,001-903-782-1569x471,reyeswilliam@example.com,Bhopal,2025-09-16,3,0.605830607178764,2025-09-27,False
D000091,Beth Farley,440-622-4498,rwaller@example.org,Kanpur,2024-07-22,2,0.42043430813323945,2025-09-27,False
D000092,Veronica Brown,344.277.7043x298,grahamkyle@example.com,Nagpur,2023-12-05,1,0.6743576546037043,2025-09-27,False
D000093,Christopher Bishop,216.835.5474x5829,holtstephanie@example.com,Nagpur,2024-01-04,2,0.7451974143146827,2025-09-27,True
D000094,Jennifer Hendricks,+1-888-711-9257,ijohnson@example.org,Jaipur,2024-11-15,3,0.5886429826210363,2025-09-27,True
D000095,Tamara Smith,+1-296-561-7180x026,fwilson@example.net,Chennai,2025-08-25,3,0.585236051395691,2025-09-27,False
D000096,Natalie Williams,001-903-258-1819x6987,xlong@example.org,Lucknow,2024-09-06,3,0.47386954595311337,2025-09-27,False
D000097,Michelle Johnson,439-573-4049,rachelfreeman@example.org,Bengaluru,2025-01-18,3,0.6237061834117273,2025-09-27,False
D000098,Walter Dudley,001-863-340-7776x7750,qpalmer@example.org,Bhopal,2024-01-08,2,0.6819825460094182,2025-09-27,False
D000099,Tracy Mayer,+1-744-901-9723x963,carlajackson@example.org,Hyderabad,2025-05-20,1,0.8452636403699475,2025-09-27,False
D000100,Haley Mcgee,+1-408-413-2668x6045,jacob83@example.org,Chennai,2025-08-22,4,0.6788711329752187,2025-09-27,False
D000101,Ashley Moody,(615)484-8771x97635,erikashelton@example.org,Nagpur,2025-08-19,1,0.5815411481993176,2025-09-27,False
D000102,Roberto Powell,474-690-3352x5687,uhutchinson@example.net,Mumbai,2025-01-08,2,0.2600537735639812,2025-09-27,True
D000103,Matthew Mejia DDS,(421)997-2722x477,matthew67@example.com,Kolkata,2023-10-07,1,0.48034068662977786,2025-09-27,False
D000104,Michaela Walker,001-704-493-9800x27599,leonmelinda@example.net,Thane,2023-11-24,1,0.8211570176490908,2025-09-27,False
D000105,Nicole Campos,824-776-1220,shannon02@example.org,Bhopal,2025-09-25,2,0.5989277995228708,2025-09-27,False
D000106,April Wilson,361-959-4580x1047,chadayers@example.com,Chennai,2024-12-07,0,0.8875335814725713,2025-09-27,False
D000107,Karen Clark,+1-719-582-1392x48802,judith51@example.org,Hyderabad,2025-09-22,5,0.4935218742787617,2025-09-27,False
D000108,Nathan Powers,(620)340-8550x463,james28@example.com,Bengaluru,2025-01-11,4,0.44364508979483774,2025-09-27,False
D000109,Eric Burns,+1-990-967-7794x3885,tiffany43@example.com,Bhopal,2024-08-26,2,0.5683021390969603,2025-09-27,False
D000110,Daniel Turner,7828613504,yross@example.com,Pune,2024-07-20,3,0.4694123867210102,2025-09-27,True
D000111,Kelsey Johnson,507.489.2655,lisaruiz@example.org,Jaipur,2024-11-09,3,0.864764572123913,2025-09-27,False
D000112,Cynthia Smith,538-855-5627,carl00@example.com,Nagpur,2024-06-28,4,0.8632247117948556,2025-09-27,False
D000113,Kari Carney,437.829.6977x19922,russoteresa@example.net,Nagpur,2023-10-11,3,0.4818279714328523,2025-09-27,False
D000114,Collin Kim,255.611.9257x95425,sara31@example.org,Kolkata,2024-11-15,3,0.6941533378975284,2025-09-27,False
D000115,Jamie Hays,586-321-7038x58664,jonathanrobinson@example.com,Ahmedabad,2024-03-10,3,0.7738046900881256,2025-09-27,False
D000116,Reginald Williams,7448873942,miguelyoung@example.net,Jaipur,2025-02-23,3,0.5145126954623982,2025-09-27,False
D000117,Jesse Jones,6767558784,janetbuck@example.org,Hyderabad,2025-01-02,3,0.7970125946351481,2025-09-27,False
D000118,Wesley Davis,9599341013,sharon24@example.net,Chennai,2024-02-03,6,0.5022722965847317,2025-09-27,False
D000119,Joshua Johnson,907-673-5773x6477,rosalesrachel@example.org,Kolkata,2025-05-18,3,0.8232261458672592,2025-09-27,False
D000120,Timothy Perry,922.309.2240x248,scastillo@example.org,Ahmedabad,2024-03-23,4,0.4061015361590223,2025-09-27,False
D000121,Matthew Austin,001-399-716-6746x258,frussell@example.com,Chennai,2024-08-14,2,0.49079885840071286,2025-09-27,False
D000122,Michelle Lewis,4072411549,buchananmary@example.com,Hyderabad,2024-11-19,2,0.7074751315763272,2025-09-27,False
D000123,Toni Garcia,(641)780-8620x465,rwashington@example.com,Ahmedabad,2024-03-25,2,0.8360619544720758,2025-09-27,False
D000124,Mark Hansen,905-786-7525,yjennings@example.org,Chennai,2024-02-21,2,0.7256836054941231,2025-09-27,False
D000125,Rhonda Holmes,001-963-898-4078,youngshari@example.com,Bhopal,2024-11-17,6,0.8924205994811674,2025-09-27,False
D000126,Michele Parker,948.366.3374x3842,cbean@example.net,Hyderabad,2024-04-23,3,0.7039471968971294,2025-09-27,False
D000127,Tanya Johnson,(592)572-9470x94466,dominique59@example.org,Kolkata,2024-07-27,2,0.5667495858455721,2025-09-27,False
D000128,Danielle Rice,271-756-3507,kyle42@example.org,Jaipur,2024-09-16,6,0.2569124194318693,2025-09-27,True
D000129,Martha Yu MD,+1-386-730-2139x5060,owenspatrick@example.com,Jaipur,2025-09-05,4,0.7161321439597652,2025-09-27,True
D000130,Michael Nash,237-299-2696x6884,lori71@example.org,Kolkata,2025-05-18,6,0.5497979558832385,2025-09-27,False
D000131,Deanna Hicks,356.774.7652x1286,suzannepatel@example.net,Thane,2024-12-04,3,0.4953438603318333,2025-09-27,True
D000132,Amanda Mullen,377-268-6025,egarcia@example.org,Thane,2025-02-20,5,0.640543974193793,2025-09-27,False
D000133,Adam Gutierrez,601.367.3638,porterchristopher@example.net,Bengaluru,2025-07-03,1,0.8308928105067587,2025-09-27,False
D000134,Mr. Robert Carr DDS,451-307-4052,nanderson@example.net,Lucknow,2025-04-09,3,0.4780762986830952,2025-09-27,False
D000135,Kim Moon,494.376.0244,judith22@example.org,Indore,2024-02-21,3,0.6527539395530169,2025-09-27,False
D000136,Thomas Olsen,991.765.9721x086,markcarlson@example.org,Jaipur,2025-08-20,3,0.13491620891390177,2025-09-27,True
D000137,James Rice,+1-997-736-4803x81800,rebeccathomas@example.org,Thane,2025-01-19,5,0.5619950305533998,2025-09-27,False
D000138,Sara Montoya,+1-979-326-0698x77398,mitchellteresa@example.com,Lucknow,2024-07-24,1,0.4132661019369099,2025-09-27,False
D000139,Stephanie Miller,(590)887-1575x2410,amysmall@example.net,Chennai,2023-11-29,6,0.4171140554102646,2025-09-27,False
D000140,Rachel Kerr,558-220-4322x1662,scott53@example.org,Kolkata,2024-07-29,3,0.8742266534810783,2025-09-27,False
D000141,Peter Wilson,001-573-938-9237x15262,wwhitney@example.net,Ahmedabad,2024-08-25,3,0.49105356941079165,2025-09-27,False
D000142,Laura Mclean,001-912-606-3632x16520,kathleen13@example.org,Delhi,2023-12-19,3,0.4696780370364121,2025-09-27,False
D000143,Todd Perry,819.411.3656x542,rortega@example.com,Chennai,2024-04-11,4,0.6648308393275406,2025-09-27,False
D000144,Michael Snyder,465-980-6909,owensgary@example.com,Jaipur,2024-05-12,4,0.40549791432924026,2025-09-27,False
D000145,Rebekah Brown,240-540-4303,michelewilliams@example.net,Jaipur,2025-07-14,2,0.7165490316787237,2025-09-27,False
D000146,Jake Nielsen,+1-505-916-6604x41306,bellsamuel@example.org,Lucknow,2024-05-14,4,0.4831416843780397,2025-09-27,False
D000147,Mark Larson,945.238.0953,kelly00@example.com,Bengaluru,2025-01-19,2,0.8185394953515147,2025-09-27,False
D000148,David White,264-706-6103x21731,benjaminbranch@example.net,Chennai,2024-12-31,4,0.868414869662379,2025-09-27,False
D000149,Kristi Marsh,001-760-740-3325x14897,lovesarah@example.net,Delhi,2024-04-27,2,0.24622944904650648,2025-09-27,True
D000150,Cody Randall,+1-325-473-7989x141,zcombs@example.org,Kanpur,2024-05-22,3,0.4375688908679044,2025-09-27,False
D000151,Jacob Ward,001-361-433-1289x60264,ysimmons@example.org,Jaipur,2024-06-25,3,0.43888267203947856,2025-09-27,True
D000152,Elizabeth Glenn,001-980-600-8035,cherrybeverly@example.net,Bengaluru,2025-08-30,3,0.8586567877311214,2025-09-27,False
D000153,Aaron Livingston,808-368-8696x29660,grasmussen@example.com,Lucknow,2024-09-15,2,0.8790853965019652,2025-09-27,False
D000154,April Estrada,226.418.8380x67100,matthewwhite@example.net,Bhopal,2023-11-05,5,0.5106047209098011,2025-09-27,False
D000155,Benjamin Schaefer,+1-334-516-8427,garciawanda@example.net,Indore,2025-06-28,1,0.6941318784849655,2025-09-27,False
D000156,Michael Thomas,(382)415-4342x2124,inewton@example.org,Lucknow,2025-02-17,2,0.74871013362342,2025-09-27,False
D000157,Victoria Mata,966.969.3665x101,jessicavelasquez@example.org,Ahmedabad,2024-11-21,7,0.6981349392410265,2025-09-27,False
D000158,Theresa Horn,001-869-458-1433x3596,edwardarmstrong@example.org,Nagpur,2024-06-25,4,0.6862138797167329,2025-09-27,False
D000159,Heather Ward,001-479-617-8584x16498,klong@example.com,Chennai,2025-07-13,5,0.41220039077826903,2025-09-27,False
D000160,Chad Conner,(476)658-0380,karacantrell@example.com,Thane,2025-08-10,0,0.49273645478836126,2025-09-27,False
D000161,Antonio Zimmerman,(617)346-8360x3373,osullivan@example.net,Bengaluru,2024-10-15,1,0.4263419179886143,2025-09-27,False
D000162,Hailey Dalton,(252)851-6144x16087,njones@example.net,Thane,2025-09-27,6,0.7687911507944458,2025-09-27,False
D000163,Christina Anderson,7824906156,andrew25@example.net,Bengaluru,2024-10-17,5,0.8551695510287671,2025-09-27,True
D000164,James Cook,(880)751-0588x47251,bryanhart@example.com,Bhopal,2024-09-12,4,0.4447055011561298,2025-09-27,False
D000165,Marie Peck,318-765-0326,scox@example.com,Ahmedabad,2024-05-24,5,0.6007901182127438,2025-09-27,False
D000166,Lisa Lee,+1-870-585-7069x342,kimgarcia@example.net,Hyderabad,2025-07-26,3,0.5102431045350877,2025-09-27,False
D000167,Elizabeth Ramirez,(715)438-0365,kathleen20@example.com,Bengaluru,2025-03-23,4,0.6986370362151706,2025-09-27,False
D000168,Jennifer Davies,816-305-6156,sarahclark@example.org,Kanpur,2025-07-14,3,0.8079165624953089,2025-09-27,False
D000169,David Castro,+1-997-981-6255x6789,lopezmichelle@example.com,Ahmedabad,2024-04-05,1,0.84746072061392,2025-09-27,False
D000170,Joseph Chan,572-661-6104x5926,znavarro@example.com,Kanpur,2024-03-12,2,0.8443740399344886,2025-09-27,False
D000171,Shane Parsons,3719159354,johnbradley@example.net,Nagpur,2024-05-12,0,0.5645256826849355,2025-09-27,False
D000172,Annette Roth,(674)663-8586,hendersonhaley@example.net,Kanpur,2024-10-27,1,0.586344258506157,2025-09-27,False
D000173,Joanna Williams,+1-221-569-6126x2123,davidray@example.org,Kolkata,2025-05-19,0,0.666301259700381,2025-09-27,False
D000174,Nathan Jimenez,+1-613-317-1388x24244,morenogregory@example.org,Indore,2024-08-11,3,0.6580395102218084,2025-09-27,False
D000175,Jessica Stafford,001-949-440-6246,qsmith@example.org,Bengaluru,2024-12-24,3,0.2517944979532737,2025-09-27,True
D000176,Steven Arellano,001-560-594-9608,emmaspencer@example.org,Ahmedabad,2024-02-07,1,0.48020005266503607,2025-09-27,False
D000177,Bruce Watkins,+1-529-503-9600x84557,oodonnell@example.org,Indore,2025-07-20,4,0.8404353795994642,2025-09-27,False
D000178,Frank Smith,(914)504-2660,tamara35@example.com,Bengaluru,2025-02-18,1,0.8099734587040501,2025-09-27,False
D000179,James Snyder,598-584-2444x171,samuel20@example.net,Pune,2024-03-25,4,0.5435190665874564,2025-09-27,False
D000180,Christopher Malone,683.632.5749x92735,deborah83@example.net,Delhi,2024-05-21,2,0.4045362023263625,2025-09-27,False
D000181,Alicia Campos,(276)643-1087,woodarderin@example.com,Hyderabad,2024-01-19,1,0.6161203919462561,2025-09-27,False
D000182,Kathryn Johnson,001-443-648-6951x2299,warrenmelanie@example.com,Nagpur,2025-08-27,4,0.433918529552586,2025-09-27,False
D000183,Christina Harmon,001-315-947-3984x20845,aalvarado@example.net,Delhi,2024-04-04,3,0.43734720887892703,2025-09-27,False
D000184,Jackie Williams,(202)952-6888x314,jhenderson@example.org,Thane,2024-05-30,5,0.41106177576449865,2025-09-27,False
D000185,Rachel Miller,611.393.1663x003,lawrence84@example.com,Bhopal,2024-05-13,2,0.1438407424915135,2025-09-27,True
D000186,Rodney Roberts,2753696479,lnguyen@example.net,Chennai,2025-06-10,2,0.7974047743749647,2025-09-27,False
D000187,Raymond Floyd,(557)821-0117,stacey60@example.net,Chennai,2025-07-16,3,0.8340271612661465,2025-09-27,False
D000188,Brandon Carey,9512770519,wilsonelizabeth@example.org,Ahmedabad,2025-08-06,4,0.537107601174335,2025-09-27,False
D000189,Lisa Davis,001-505-438-1324x6855,james09@example.com,Delhi,2025-06-13,3,0.8340614067452655,2025-09-27,False
D000190,Dawn Garcia,802.331.0793x41441,phillipclayton@example.org,Mumbai,2024-01-30,5,0.785460922322026,2025-09-27,False
D000191,Lori Owen,5458091888,sandramann@example.com,Chennai,2024-04-11,0,0.7983989139320138,2025-09-27,False
D000192,Charles Mcneil,001-413-315-9553x788,thompsonwilliam@example.net,Ahmedabad,2024-10-09,4,0.46259289610127524,2025-09-27,False
D000193,Miss Deborah Bailey,248.932.8458,apark@example.org,Chennai,2024-10-04,2,0.7257597334011323,2025-09-27,False
D000194,Mark Owens,356.697.9268x40069,timothy26@example.org,Mumbai,2024-11-14,3,0.43622344389727946,2025-09-27,False
D000195,Kaitlyn Martinez,828.701.9335,beckerjennifer@example.net,Thane,2025-06-27,8,0.45139620224633287,2025-09-27,False
D000196,Michael Brown,599-727-4718,ibryant@example.org,Bhopal,2024-09-10,4,0.563230654121996,2025-09-27,False
D000197,Matthew Boyle,+1-579-778-8162x496,fordanna@example.net,Delhi,2024-08-30,3,0.5610473511096676,2025-09-27,False
D000198,Kyle Gallagher,714.302.0968x256,jasminrodriguez@example.com,Lucknow,2024-03-18,3,0.45228392016720015,2025-09-27,False
D000199,Gabriel Townsend,001-717-212-4267x699,bhicks@example.org,Bengaluru,2024-06-21,7,0.7917113629708074,2025-09-27,False
D000200,Kristin White,001-593-455-7245,cward@example.net,Bhopal,2024-11-25,2,0.8086488849812469,2025-09-27,False
D000201,Aaron Scott,(478)906-7685x580,pmills@example.net,Bengaluru,2024-05-03,0,0.48199974049474864,2025-09-27,False
D000202,Jessica Wong,+1-788-843-7542x8252,jasmine09@example.org,Mumbai,2024-11-08,1,0.4797723400565942,2025-09-27,False
D000203,Paul Gomez,871.409.7450x1266,danielle50@example.org,Lucknow,2024-10-22,4,0.4218308288536806,2025-09-27,False
D000204,Sarah Turner,+1-323-327-3209x48268,pageashley@example.net,Hyderabad,2024-06-29,5,0.7401141212156457,2025-09-27,False
D000205,Stephen Brewer,651.631.4464,saraburns@example.com,Bhopal,2025-04-01,2,0.8803902757434885,2025-09-27,False
D000206,Joel Graham,(448)429-9898,ygomez@example.org,Ahmedabad,2024-07-03,4,0.8335157480612243,2025-09-27,False
D000207,Kelly Paul,613.411.8223x6074,johnsonluke@example.org,Chennai,2023-10-03,0,0.5977575849245076,2025-09-27,False
D000208,Elizabeth Valdez,304-777-4623,michael17@example.com,Bhopal,2025-02-05,5,0.7114832917817414,2025-09-27,False
D000209,Molly Bowman,924-614-8878x9622,qedwards@example.net,Bhopal,2025-06-22,3,0.7162702666131531,2025-09-27,False
D000210,Becky Bird,+1-444-297-9015x83196,brandoncalderon@example.net,Mumbai,2025-06-06,3,0.8353749506362558,2025-09-27,False
D000211,Julie Avila,001-747-207-4204x43918,juliegilbert@example.com,Ahmedabad,2024-02-17,2,0.2178184868295657,2025-09-27,True
D000212,Megan Ortega,(656)427-9835,angela66@example.org,Nagpur,2024-07-17,3,0.46543683035917494,2025-09-27,False
D000213,Jennifer Nelson,001-796-281-4932,elizabeth29@example.org,Bhopal,2025-03-22,3,0.6243887869157015,2025-09-27,False
D000214,Amanda Walker,(731)679-9055x6073,megan42@example.com,Jaipur,2025-03-19,3,0.1450562861851425,2025-09-27,True
D000215,Margaret Murray,+1-871-867-7436x1081,paulaclarke@example.net,Jaipur,2023-10-13,5,0.8321080888370844,2025-09-27,False
D000216,Evan Collins,862.393.6651x78025,cynthia12@example.org,Kanpur,2024-05-02,1,0.42854342804465745,2025-09-27,False
D000217,Valerie Gill,+1-476-948-1981x3111,michealmacdonald@example.org,Chennai,2023-12-01,1,0.51235058848634,2025-09-27,False
D000218,Joyce Johnson,001-533-499-6395x04422,trobertson@example.com,Kanpur,2024-09-09,2,0.47417160048104445,2025-09-27,False
D000219,Colton Gray,+1-878-300-6371x958,larabenjamin@example.com,Ahmedabad,2023-10-07,1,0.5615653285351393,2025-09-27,False
D000220,Jeffrey Richardson,(682)662-9467x35351,bflores@example.com,Pune,2023-10-01,4,0.414986794936339,2025-09-27,False
D000221,Jacob Wilson,(788)983-3819x743,pfrancis@example.net,Mumbai,2024-05-08,3,0.7363010591125632,2025-09-27,False
D000222,Mr. Billy Monroe,260-907-3718,kempjennifer@example.com,Kolkata,2024-07-26,5,0.5220736452111872,2025-09-27,False
D000223,Gina Fisher,820.625.6354x646,mhunt@example.net,Bhopal,2024-01-28,1,0.865474347753489,2025-09-27,False
D000224,Sarah Coffey,215.276.6409x03388,joseph57@example.org,Delhi,2023-11-22,6,0.7024769613452704,2025-09-27,False
D000225,Lindsey Romero,(360)814-9805x9435,ascott@example.org,Delhi,2024-05-21,6,0.5635165807816194,2025-09-27,False
D000226,Lawrence Jackson,001-657-779-8913x84614,millerkeith@example.net,Hyderabad,2025-09-15,5,0.7245373293971966,2025-09-27,False
D000227,Christopher Waller,693.382.7188x7479,kaylaharris@example.org,Delhi,2024-02-07,3,0.1873040433933796,2025-09-27,True
D000228,Devon Delgado,(721)763-4511x52389,maryoconnor@example.org,Delhi,2024-01-06,1,0.6935308538505756,2025-09-27,False
D000229,Nathan Gutierrez,001-947-389-7970x683,mccoyrobert@example.net,Thane,2024-10-16,4,0.6395909388148655,2025-09-27,True
D000230,Bryan Griffin,466-856-8622x444,dmedina@example.org,Lucknow,2025-02-08,1,0.6633118986344798,2025-09-27,False
D000231,Joseph Bryant,+1-840-797-4149x94439,robinpotter@example.com,Chennai,2023-11-15,5,0.49788899284177307,2025-09-27,True
D000232,Justin Hansen,997-852-6296,brian72@example.org,Bhopal,2025-01-03,2,0.5900372544686027,2025-09-27,False
D000233,William Espinoza,(201)899-7316,millerdenise@example.net,Indore,2025-03-27,1,0.6429358795931628,2025-09-27,False
D000234,Elizabeth Cook,(754)812-7376,kevinbutler@example.net,Chennai,2024-03-21,4,0.7588178929543148,2025-09-27,False
D000235,Victor Reid,2338922952,ktate@example.org,Indore,2025-02-11,2,0.7405589269824915,2025-09-27,False
D000236,Jennifer Nelson,(337)575-5611,uriley@example.org,Indore,2025-03-24,2,0.49261422327370485,2025-09-27,False
D000237,John Contreras,6688195252,jacksonalexander@example.org,Chennai,2025-05-03,3,0.7165756877970112,2025-09-27,False
D000238,Logan Gonzales,882.800.4487x175,marquezmark@example.com,Pune,2023-10-15,5,0.5803862595553,2025-09-27,False
D000239,Tonya Wilson,9305817474,david02@example.net,Ahmedabad,2024-04-06,3,0.8113071592568393,2025-09-27,False
D000240,Rebecca Wallace,327-310-9531x692,brownwalter@example.org,Lucknow,2023-12-30,3,0.47649190041428136,2025-09-27,False
D000241,Michael Green,897-249-1099,kstone@example.org,Nagpur,2024-08-25,2,0.4118192930231682,2025-09-27,False
D000242,Crystal Mcdonald,001-230-249-4994x25404,goodmanjennifer@example.org,Nagpur,2024-09-10,2,0.7160077430102092,2025-09-27,False
D000243,Brenda Barnes,(242)924-1773,rubiowilliam@example.com,Jaipur,2024-08-11,3,0.6140998074628075,2025-09-27,False
D000244,Anthony Dillon,3613645154,griffinjoseph@example.org,Delhi,2023-12-10,0,0.5705450122371103,2025-09-27,False
D000245,Christopher Lopez,8898190188,adrianagordon@example.com,Chennai,2024-09-15,3,0.4428291247982153,2025-09-27,False
D000246,Ralph Perez,7637402109,katherine04@example.org,Bengaluru,2023-09-28,3,0.6212049682403348,2025-09-27,False
D000247,Kara Evans,669.423.3922,jennifercollins@example.com,Nagpur,2024-09-10,5,0.16865006296730634,2025-09-27,True
D000248,Emily Gordon,+1-435-396-4415,laura85@example.org,Hyderabad,2025-09-18,1,0.581472135922996,2025-09-27,False
D000249,Rachel Hendrix,+1-254-945-5792,peter62@example.org,Pune,2024-08-11,1,0.6811484079389549,2025-09-27,False
D000250,Michael Foster,001-616-699-6505,tgill@example.com,Indore,2024-09-01,3,0.6113445566980948,2025-09-27,False
D000251,Taylor Pratt,001-204-624-4636x13186,christopherreyes@example.com,Nagpur,2024-06-06,4,0.5996579579046541,2025-09-27,False
D000252,Donald Noble,666-308-7990,bartlettanthony@example.net,Kolkata,2024-03-03,4,0.5285236332160399,2025-09-27,False
D000253,Kenneth Miller,401-840-5674,bingram@example.org,Delhi,2024-03-05,2,0.4315545165395751,2025-09-27,False
D000254,Lauren Maynard,+1-664-706-4514x20054,kristina20@example.org,Pune,2024-04-02,2,0.8684789115155314,2025-09-27,False
D000255,Mark Washington,001-885-696-7573,janetbennett@example.net,Kanpur,2024-04-29,4,0.7931379783785473,2025-09-27,False
D000256,Joshua Patterson,(702)349-3209x011,nicole42@example.net,Nagpur,2024-09-05,3,0.8087248542455958,2025-09-27,False
D000257,Janice Mckinney,9249196631,toddbeth@example.com,Ahmedabad,2024-06-03,3,0.8093675020371351,2025-09-27,False
D000258,Jonathan Carter,2295992779,caroline20@example.org,Bengaluru,2024-03-30,2,0.8878051004299574,2025-09-27,False
D000259,Connie Jefferson,220.251.0776x619,dmoore@example.org,Jaipur,2025-06-17,4,0.849130813646353,2025-09-27,False
D000260,Rachel Adams PhD,001-761-538-0705,hooperdana@example.com,Chennai,2025-02-03,2,0.5837672111457657,2025-09-27,False
D000261,Peter Jones,+1-969-411-9445x224,shawn24@example.net,Mumbai,2024-02-24,2,0.7883618152358464,2025-09-27,False
D000262,Ann Davis,(637)552-1188,laurahernandez@example.org,Nagpur,2025-03-18,3,0.21612394720353093,2025-09-27,True
D000263,Lori Bray,4648762467,jacksontaylor@example.net,Thane,2024-06-07,3,0.4958912277959303,2025-09-27,False
D000264,Benjamin Wade,937-352-1808,hwhite@example.org,Thane,2025-09-07,2,0.8918394626317068,2025-09-27,False
D000265,Jennifer Harris,381-940-7028,yknight@example.org,Bengaluru,2025-02-26,2,0.4888831939256241,2025-09-27,False
D000266,Jean Harvey,001-545-910-1615x8722,brivas@example.org,Delhi,2024-08-25,5,0.6635207319558258,2025-09-27,False
D000267,Dylan Lloyd,+1-520-713-9181x6346,kdavis@example.net,Bhopal,2025-08-28,4,0.6408174232674312,2025-09-27,False
D000268,Julie Chapman,(701)785-0235x97062,fred81@example.org,Indore,2025-01-29,1,0.6080769990898808,2025-09-27,False
D000269,Kenneth Hurst,2574562905,jacob74@example.net,Hyderabad,2025-06-05,4,0.5617501974557368,2025-09-27,False
D000270,Patricia Sanchez,762-673-3874,tanya25@example.net,Indore,2023-11-25,4,0.6739797444868465,2025-09-27,False
D000271,Christina Wilkerson,223.310.2157,ryanmontes@example.com,Chennai,2024-10-20,1,0.4635998813437248,2025-09-27,False
D000272,John Harvey,440-549-3225x7349,eortega@example.net,Nagpur,2025-08-04,6,0.45107476482876907,2025-09-27,False
D000273,Kevin Valdez,+1-841-531-1957,cannonallen@example.net,Jaipur,2024-03-11,4,0.8508809960677117,2025-09-27,False
D000274,Sherry Patterson,7424302349,kristyhayes@example.org,Kanpur,2025-03-07,3,0.2534086374193266,2025-09-27,True
D000275,Cindy Gonzalez,446-568-4517,kathleen50@example.com,Indore,2025-03-04,3,0.42083645030119216,2025-09-27,False
D000276,Martin Brown DDS,364.516.9977x25748,fernando46@example.org,Kanpur,2025-07-28,3,0.6542896447237893,2025-09-27,False
D000277,Gerald Dawson,+1-482-411-5283x335,dannybutler@example.org,Bhopal,2024-03-13,4,0.4870546676670422,2025-09-27,False
D000278,Sydney Bell,322-797-3348,colton08@example.net,Thane,2025-05-02,2,0.44130883172963437,2025-09-27,False
D000279,Carmen Herrera,967-876-7236x2017,jessemiller@example.com,Delhi,2024-08-26,4,0.46069320907970324,2025-09-27,False
D000280,Elizabeth Fuller,9082068425,michelleturner@example.org,Thane,2024-12-26,2,0.8479072986859411,2025-09-27,False
D000281,Kristina Phillips,245-233-4981x77722,sbishop@example.com,Chennai,2024-12-27,6,0.46404787318310003,2025-09-27,False
D000282,Gary Cole,+1-856-386-2192x49903,ugalloway@example.com,Ahmedabad,2023-11-21,2,0.6750459702290781,2025-09-27,False
D000283,Roy Rowland,001-975-236-0468,dana23@example.com,Mumbai,2024-10-25,2,0.4987352449299687,2025-09-27,False
D000284,Charles Zuniga,+1-376-711-6281x8389,danielbarnes@example.net,Ahmedabad,2024-05-31,4,0.6720082895913758,2025-09-27,False
D000285,Lori Martinez,242-367-5218,janice18@example.org,Thane,2025-07-27,5,0.6725134594484692,2025-09-27,False
D000286,Ian Brown,753.534.9995x76620,hoffmancarla@example.org,Hyderabad,2024-02-08,2,0.7426490080579367,2025-09-27,False
D000287,Courtney Wright,559-280-3754x8724,tgarcia@example.net,Mumbai,2024-04-12,4,0.6951738452293865,2025-09-27,False
D000288,Cynthia Davenport,001-535-238-8463x8321,schroederdanielle@example.org,Bhopal,2024-04-08,1,0.44687846032277834,2025-09-27,False
D000289,Samantha Berry,544.313.2009x6558,kunderwood@example.com,Jaipur,2025-06-01,3,0.5233394322608116,2025-09-27,False
D000290,Debra Avery,593-495-0932x47365,watkinscassandra@example.org,Delhi,2024-02-05,2,0.7287801563890115,2025-09-27,False
D000291,Charles Thomas,+1-880-631-7556,nicole28@example.net,Kolkata,2025-04-06,3,0.7918958922426986,2025-09-27,False
D000292,John King,563-340-8152,brandydixon@example.com,Hyderabad,2024-04-15,3,0.7747727422344441,2025-09-27,False
D000293,Travis Lin,808.482.5498x17064,mlloyd@example.org,Chennai,2025-02-17,1,0.5528021077451075,2025-09-27,False
D000294,Mark Miller,371.835.2821,osmith@example.net,Kolkata,2024-09-08,1,0.7216825899558922,2025-09-27,False
D000295,Roger Hart,+1-752-540-1018x95518,andrew51@example.com,Hyderabad,2023-11-14,4,0.7097946687299204,2025-09-27,False
D000296,Natalie Newman,+1-479-899-1219,donald52@example.com,Jaipur,2023-10-01,5,0.512719377731847,2025-09-27,False
D000297,Joshua Beck,282-847-1118x17393,jeffreymartin@example.net,Ahmedabad,2024-02-01,5,0.4385291395671656,2025-09-27,False
D000298,Kevin White,001-920-934-5939,jenniferparker@example.net,Indore,2024-08-18,5,0.461188378662589,2025-09-27,False
D000299,Nancy Willis,205-919-7266x2164,ralph58@example.com,Delhi,2024-09-10,1,0.6991126470318694,2025-09-27,False
D000300,Sheryl Richardson,001-867-423-1216x83714,webertracy@example.org,Kanpur,2024-08-16,2,0.7187766322351149,2025-09-27,False
D000301,Amber Smith,+1-721-537-9568x237,gpitts@example.org,Bhopal,2025-08-07,1,0.8199011428178087,2025-09-27,False
D000302,Judy Bolton,(568)751-4277x82317,clarkmeredith@example.net,Jaipur,2025-01-25,4,0.7501259797222606,2025-09-27,False
D000303,Michelle Martinez,(410)756-6328,lwatson@example.net,Hyderabad,2024-05-19,2,0.8703396225576703,2025-09-27,False
D000304,Brian Richards,914.265.7498x63023,esteskendra@example.net,Thane,2024-01-08,2,0.6404530003765349,2025-09-27,False
D000305,Monica Rodriguez,802-711-5307x494,kellylawrence@example.com,Kolkata,2024-11-19,2,0.8519566651301873,2025-09-27,False
D000306,Brian Holmes,786.886.1648x6724,kathleensmith@example.com,Ahmedabad,2024-10-13,4,0.7756875430145229,2025-09-27,False
D000307,Karen Kane,001-714-837-1927x82373,hillanna@example.com,Chennai,2024-08-30,0,0.5413728447893811,2025-09-27,True
D000308,Danielle Morgan,+1-256-748-3812x1452,dwilson@example.net,Hyderabad,2025-01-28,3,0.5359748630643155,2025-09-27,False
D000309,Monique Delgado,5245276662,james80@example.net,Lucknow,2024-08-25,2,0.8265448117018253,2025-09-27,True
D000310,Roberto Moore,001-386-252-2879x002,katherine80@example.com,Mumbai,2025-05-05,3,0.5736716631294214,2025-09-27,False
D000311,Robert Kennedy,928-787-2072,robertsmegan@example.org,Mumbai,2025-01-21,3,0.5967239232817958,2025-09-27,False
D000312,Matthew Wright,(342)914-9672,matthew98@example.com,Ahmedabad,2023-11-27,3,0.7270873007370373,2025-09-27,False
D000313,Mr. Todd Williams,(404)685-5444x530,katherine07@example.com,Ahmedabad,2024-01-23,4,0.4110175801487521,2025-09-27,False
D000314,Ralph Figueroa,+1-377-743-4620x931,adrianariley@example.net,Bhopal,2025-07-26,4,0.8300698466747175,2025-09-27,False
D000315,Jeremy Herman,(765)762-1408,lisa01@example.net,Jaipur,2024-05-12,5,0.47047981376088466,2025-09-27,False
D000316,Amy Frye,486.373.7416,nicholascox@example.net,Jaipur,2023-12-21,4,0.43113655294094283,2025-09-27,False
D000317,April Oconnor,624-520-8726x807,twilliams@example.com,Nagpur,2025-02-03,4,0.8360678500112383,2025-09-27,False
D000318,Joel Blake,8495531264,tracy60@example.com,Chennai,2024-02-22,6,0.6256196720904941,2025-09-27,False
D000319,Angela Kelly,+1-737-563-7439x5470,sday@example.net,Lucknow,2024-03-16,2,0.17154947889136543,2025-09-27,True
D000320,Tina Mccarthy,001-532-659-5940x69572,tfowler@example.net,Lucknow,2025-06-06,2,0.8110515803001128,2025-09-27,False
D000321,Cindy Edwards,5793530302,calderonedwin@example.com,Bengaluru,2024-02-11,2,0.4470180522171332,2025-09-27,False
D000322,Kathryn Dominguez,756-986-5886x9819,barnettmonica@example.com,Jaipur,2025-03-12,6,0.7479495590844012,2025-09-27,False
D000323,Tony Rodriguez,(406)408-7312,cjones@example.com,Pune,2025-03-10,3,0.6535255519327205,2025-09-27,False
D000324,Corey Francis,650-649-8034x5892,susan07@example.net,Pune,2024-12-07,3,0.6201617091841745,2025-09-27,False
D000325,Bryan Medina,932-847-7356x897,johnknight@example.com,Hyderabad,2025-06-25,3,0.8942079947060383,2025-09-27,False
D000326,Cheryl Walker,001-491-608-3613x0757,lozanocynthia@example.org,Kolkata,2024-07-29,4,0.4811167028912397,2025-09-27,True
D000327,Bethany Williamson,722-585-4252x6370,hmitchell@example.com,Jaipur,2023-11-05,1,0.811479223110743,2025-09-27,False
D000328,Paul Lucero,985.325.6191x9036,dnunez@example.com,Thane,2023-12-03,5,0.5571750565918743,2025-09-27,False
D000329,Jacqueline Branch,(751)831-4161x94605,timothy72@example.org,Bhopal,2025-02-24,3,0.8399109569758476,2025-09-27,False
D000330,Heather Peters,001-761-335-1377x885,gthornton@example.org,Kolkata,2025-07-19,1,0.2278616171030783,2025-09-27,True
D000331,Suzanne Massey,877.991.5421,erose@example.net,Mumbai,2023-10-15,4,0.5761874733048272,2025-09-27,False
D000332,Shannon Horton,278-997-8099x553,matthewcalhoun@example.com,Kanpur,2024-12-12,2,0.7696473675823866,2025-09-27,False
D000333,Richard Evans,697.674.3333x587,cherylelliott@example.com,Bengaluru,2023-09-28,1,0.4874407185879797,2025-09-27,False
D000334,Julia Brown,530-517-7142x7760,davidhiggins@example.com,Nagpur,2024-05-14,2,0.5701900463333375,2025-09-27,False
D000335,Douglas Heath,001-930-772-5525x66508,cynthiaedwards@example.com,Bhopal,2025-01-27,2,0.5519732006203619,2025-09-27,False
D000336,Angela Simmons,700.892.2169,howardshawn@example.net,Thane,2025-04-13,3,0.8494236940901236,2025-09-27,False
D000337,Diana Montgomery,207-414-2279,kramirez@example.net,Hyderabad,2025-03-26,2,0.6235277719032127,2025-09-27,False
D000338,Nicholas Wilson,856.776.9917,uhatfield@example.com,Chennai,2025-05-02,1,0.1819141693899039,2025-09-27,True
D000339,Frank Stanton,+1-742-302-1919x57242,pbaird@example.org,Kanpur,2024-10-20,1,0.7699520603834652,2025-09-27,False
D000340,Denise Richardson,751.504.8493x1340,zchen@example.org,Pune,2024-01-15,5,0.8908993466303139,2025-09-27,False
D000341,Catherine Ford,001-350-674-2076,hmiller@example.net,Jaipur,2024-05-06,4,0.7518429887303979,2025-09-27,False
D000342,Faith Simpson,(868)420-0055,msimmons@example.net,Ahmedabad,2023-12-18,1,0.6835853899596929,2025-09-27,False
D000343,James White,707.943.8639,margaret90@example.com,Thane,2025-04-09,3,0.42407141798917675,2025-09-27,False
D000344,Elaine Pruitt,681.401.0310,moorechristine@example.net,Ahmedabad,2025-05-30,5,0.8190760917759623,2025-09-27,False
D000345,Tasha Ortiz,(506)888-7885x384,qmeyers@example.net,Nagpur,2024-03-30,4,0.815686757192855,2025-09-27,False
D000346,Natasha Velazquez,589-373-8663x730,kimberlysummers@example.net,Delhi,2025-09-18,2,0.8342757531601444,2025-09-27,False
D000347,Robert Andrade,845.982.1734,barronjustin@example.com,Delhi,2024-12-19,0,0.7472252280653544,2025-09-27,False
D000348,Jake Hunt,425-829-8831,benjamin91@example.com,Hyderabad,2024-03-03,5,0.7156537765459944,2025-09-27,False
D000349,Eric Bernard,001-892-794-0847x091,ethan64@example.com,Indore,2024-06-06,3,0.7933751675772185,2025-09-27,False
D000350,Holly Wilson,295-512-8782x3648,johnstonderrick@example.org,Nagpur,2024-06-14,5,0.5271957904209235,2025-09-27,False
D000351,Scott Brooks,527.245.7613x637,alexissanchez@example.org,Nagpur,2025-08-26,4,0.636485673047755,2025-09-27,False
D000352,Stephen Mendoza,219-256-3518,veronicawilliams@example.net,Thane,2024-10-15,2,0.6582863142229896,2025-09-27,True
D000353,Pam Randolph,(547)401-3903x6294,schwartzmatthew@example.net,Thane,2024-01-23,0,0.8166585357365063,2025-09-27,False
D000354,Michael Garcia,554.265.6522,jennifer94@example.com,Delhi,2025-02-12,4,0.8658768597164082,2025-09-27,False
D000355,Sarah Welch,001-925-380-8100,chadrichard@example.net,Kolkata,2024-11-10,5,0.22131303113206338,2025-09-27,True
D000356,Zachary King,316.605.3012x727,dyoung@example.net,Kanpur,2023-10-04,1,0.5972880377988232,2025-09-27,False
D000357,Ian Moore,506.467.3069x7604,john31@example.com,Nagpur,2023-11-25,4,0.7592146149093677,2025-09-27,False
D000358,Vanessa Mccullough,(496)958-3939,leevictor@example.org,Kolkata,2024-08-26,0,0.7182006850917035,2025-09-27,False
D000359,Jo Andrews DVM,(408)309-9634x7060,gaineskaren@example.com,Indore,2024-03-07,1,0.8357988636441154,2025-09-27,False
D000360,Austin Johnson,804.522.5450,judyevans@example.org,Chennai,2024-08-24,3,0.6094738950937377,2025-09-27,False
D000361,Valerie Lopez,209.970.7203x061,victor07@example.com,Delhi,2024-11-18,3,0.7230480875025316,2025-09-27,False
D000362,Erin Duffy,001-596-592-0836x211,kathleen99@example.org,Bengaluru,2025-04-04,1,0.7180480232047711,2025-09-27,False
D000363,Kristy Wells,286-504-7070x714,hbond@example.org,Jaipur,2024-04-02,1,0.718938546331817,2025-09-27,False
D000364,Mrs. Christy James,001-989-278-6059x8400,allisoncarter@example.org,Indore,2024-12-22,1,0.47106856189672885,2025-09-27,True
D000365,Michael Bennett,001-245-746-0735,maria59@example.com,Thane,2025-05-15,2,0.5996843741973454,2025-09-27,False
D000366,Ronald Lewis,+1-924-372-5759x085,tmiller@example.org,Thane,2023-10-12,6,0.7364833111972162,2025-09-27,False
D000367,Patricia Williams,329.548.6060x323,traceyvazquez@example.org,Kolkata,2024-12-01,3,0.6250616805909661,2025-09-27,False
D000368,George Caldwell,(465)418-6285,tcobb@example.org,Jaipur,2024-08-29,3,0.7005370834001166,2025-09-27,False
D000369,Kristina Sullivan,001-311-332-8948x1022,amberhall@example.com,Delhi,2025-08-30,2,0.7228702550478061,2025-09-27,True
D000370,Kirk Johnson,4186337301,joe54@example.org,Delhi,2024-02-14,2,0.7229111931432421,2025-09-27,False
D000371,Dylan Moody,001-970-378-7250x98312,brittanygreer@example.com,Kanpur,2025-02-05,3,0.8235697448468926,2025-09-27,False
D000372,Laura Cannon,301-548-0867x8916,matthewreyes@example.com,Chennai,2024-03-27,2,0.483679866569314,2025-09-27,False
D000373,Molly Lewis,308-885-8695x79082,washingtonjonathan@example.org,Thane,2023-12-05,0,0.652727558955225,2025-09-27,False
D000374,Elizabeth Martinez,995.455.7415x26488,allison51@example.net,Chennai,2024-03-12,1,0.8628186650126679,2025-09-27,False
D000375,Christopher Miller,(921)231-0913x223,hannah61@example.com,Bengaluru,2025-02-01,0,0.7781068069750885,2025-09-27,False
D000376,Megan Irwin,4422085850,ucruz@example.net,Thane,2024-09-23,2,0.5874017838908983,2025-09-27,False
D000377,Mark Rivera,393-379-1632x098,leejessica@example.org,Hyderabad,2025-03-29,6,0.5701935521272529,2025-09-27,False
D000378,Elizabeth Anderson,(298)757-4293x81252,sbrandt@example.net,Kolkata,2025-02-01,2,0.5234537133337929,2025-09-27,False
D000379,Maria Thomas,001-605-527-4118x75840,davidthompson@example.org,Bengaluru,2024-11-19,2,0.42882379109951246,2025-09-27,False
D000380,Timothy Dougherty,001-707-543-4446x027,jennifer16@example.net,Nagpur,2024-11-22,3,0.6914922130823012,2025-09-27,False
D000381,Brian Ballard,347-852-1936,alexandriajackson@example.org,Indore,2025-07-13,6,0.710330239912292,2025-09-27,False
D000382,James Pratt,303.226.8334x423,hblack@example.org,Kolkata,2024-02-12,4,0.6965072501802989,2025-09-27,False
D000383,Anthony Padilla,702.977.2937,bmatthews@example.org,Hyderabad,2023-12-30,3,0.46241040698342417,2025-09-27,False
D000384,Kelly Ruiz,+1-249-305-6241x833,shellypatton@example.com,Chennai,2025-09-13,1,0.8848038634240477,2025-09-27,False
D000385,Kristine Mendoza,945-316-1548x808,wadams@example.com,Lucknow,2024-11-29,5,0.5016115455430437,2025-09-27,False
D000386,Patricia Santos,417-229-3947x0282,snichols@example.net,Bhopal,2024-01-29,6,0.7010584926773897,2025-09-27,False
D000387,Jenna Casey,541.773.6286,williamsjames@example.org,Pune,2024-10-05,2,0.8269809834777111,2025-09-27,False
D000388,Ralph Contreras,447.336.2675x5101,zavalakristen@example.com,Delhi,2023-12-01,2,0.5280237825524772,2025-09-27,True
D000389,Jonathan Archer,(328)236-5222,karenterrell@example.net,Bhopal,2025-02-08,2,0.6384217341589086,2025-09-27,False
D000390,Mrs. Meredith Hardy DDS,+1-741-831-3749x36183,gmartinez@example.org,Kanpur,2025-02-21,6,0.6642890548610986,2025-09-27,False
D000391,Karen Hill,+1-428-903-9951,elane@example.net,Bengaluru,2025-07-08,4,0.768934759280765,2025-09-27,False
D000392,Gina Olson,+1-207-789-7283x28112,scottwhite@example.org,Delhi,2024-01-12,1,0.8685455142293974,2025-09-27,False
D000393,Brenda White,+1-902-494-9276x24980,robertsrobert@example.com,Jaipur,2025-07-24,3,0.6438139048336055,2025-09-27,False
D000394,Justin Schwartz,+1-679-791-1412,teresawillis@example.org,Chennai,2024-09-20,1,0.5744102669847397,2025-09-27,False
D000395,Victoria Rivers,(896)521-7896,hshaw@example.com,Nagpur,2024-11-22,2,0.45047059998876077,2025-09-27,False
D000396,Margaret Davis,(388)879-0970,sellersmary@example.com,Mumbai,2024-03-30,1,0.7972577722453744,2025-09-27,False
D000397,Jeremy Allen,664-392-0004x5904,mathisnicole@example.org,Nagpur,2024-06-13,3,0.8317003834285009,2025-09-27,False
D000398,Jennifer Hall,(524)848-8412x9178,jordanallen@example.com,Pune,2024-03-29,5,0.720238021087922,2025-09-27,False
D000399,Nathan Garrett DDS,(378)339-4439,jjordan@example.net,Kolkata,2024-03-21,3,0.7598957266773431,2025-09-27,False
D000400,Gail Gonzalez,413-697-6722,rgrimes@example.org,Lucknow,2025-07-10,2,0.7413086106117013,2025-09-27,False
D000401,Michael Murray,001-216-534-6394,bassmiranda@example.net,Nagpur,2025-08-08,2,0.6816444654769074,2025-09-27,False
D000402,Jason Medina,(771)861-0684x2688,johnnymahoney@example.org,Kanpur,2024-09-14,3,0.4669141814998466,2025-09-27,False
D000403,Gary Walker MD,620-327-4147,sarahrodgers@example.org,Kanpur,2025-04-15,2,0.4945197623637659,2025-09-27,False
D000404,Karen Robertson,(891)857-1215,ewilkinson@example.net,Mumbai,2024-07-06,2,0.8196692461780012,2025-09-27,True
D000405,Christopher Gutierrez,717.763.3373,maria69@example.com,Kolkata,2025-04-27,4,0.6824921788376268,2025-09-27,False
D000406,Micheal Herrera,631-470-0045x2211,jlee@example.org,Chennai,2024-02-29,6,0.7435096332516213,2025-09-27,False
D000407,Andrea Donovan,380-856-4294x25175,kirsten59@example.net,Delhi,2023-11-18,4,0.8377556132763081,2025-09-27,False
D000408,Ricardo Watkins,930.558.7877,barnestyler@example.com,Ahmedabad,2024-03-17,4,0.7909119316724678,2025-09-27,False
D000409,Mary Kelley,733-668-7964x2567,sarahfarrell@example.net,Lucknow,2024-11-06,2,0.8329100826111776,2025-09-27,False
D000410,Bruce Stevens,2947512211,lmay@example.com,Mumbai,2025-07-27,2,0.8294783427103147,2025-09-27,False
D000411,Ryan Villegas,(936)263-9190,rogersdavid@example.net,Kolkata,2023-11-08,4,0.8400783689607425,2025-09-27,False
D000412,Julie Merritt,+1-639-804-7959x135,lambertmichelle@example.org,Indore,2024-04-02,1,0.597367176922414,2025-09-27,False
D000413,Bryan Pitts,(512)670-3336x74334,qjenkins@example.net,Chennai,2023-10-05,4,0.4996076374470266,2025-09-27,False
D000414,Denise Cruz,251.230.7684x855,lopezdouglas@example.com,Nagpur,2025-05-13,0,0.7334333302754609,2025-09-27,False
D000415,Charles Hill,(838)754-8394x1645,jonathan16@example.net,Hyderabad,2024-09-19,3,0.5895470243359682,2025-09-27,False
D000416,Keith Flowers,970.361.4730x68771,mclarke@example.org,Hyderabad,2025-05-13,2,0.7681002125303811,2025-09-27,False
D000417,Kim King,869.942.2301x70652,amberolson@example.com,Nagpur,2024-03-21,1,0.632047579726752,2025-09-27,False
D000418,Erik Potter,7702953519,debra11@example.org,Nagpur,2025-03-06,3,0.5099026744115951,2025-09-27,False
D000419,Jennifer Noble,+1-852-367-1152x9863,kpatel@example.net,Nagpur,2025-08-30,1,0.785079105878548,2025-09-27,False
D000420,Michael Lee,001-564-396-5841x5888,jennifer85@example.net,Mumbai,2024-05-07,2,0.5709018527460913,2025-09-27,False
D000421,Susan Cox,(946)799-7665x8925,megan05@example.org,Pune,2025-09-26,2,0.549900263782618,2025-09-27,False
D000422,Laura Anderson,(998)221-4605,joseperez@example.com,Pune,2025-04-25,5,0.5035474590882856,2025-09-27,False
D000423,Donna Munoz,+1-631-261-8205x76749,ricky03@example.com,Ahmedabad,2024-10-08,1,0.5233018174890123,2025-09-27,False
D000424,Chad Rodriguez,(426)385-0187,dale54@example.org,Bhopal,2025-04-17,1,0.6911043798841157,2025-09-27,False
D000425,Laura White,382.429.6444,terryjoshua@example.com,Pune,2024-07-15,4,0.5828403741306857,2025-09-27,False
D000426,Margaret Reeves,934-885-8218x418,paulteresa@example.net,Nagpur,2024-12-12,4,0.890826661926224,2025-09-27,False
D000427,Elizabeth Gomez,+1-435-930-2537,fcruz@example.com,Chennai,2025-01-19,3,0.8587429215659952,2025-09-27,False
D000428,Adam Fitzgerald,001-228-392-5518,poperobert@example.org,Nagpur,2024-07-16,1,0.7449998686544717,2025-09-27,False
D000429,Anna Jimenez,+1-691-512-5127,stephanie06@example.net,Mumbai,2024-10-07,0,0.7154608951145818,2025-09-27,False
D000430,Laura Bryant,822-767-0009x11815,brittany59@example.net,Hyderabad,2025-01-18,3,0.874535598157422,2025-09-27,False
D000431,Cathy Brown,(464)437-4927x29488,joseph38@example.net,Hyderabad,2024-03-07,4,0.12658499139645077,2025-09-27,True
D000432,Martha Sullivan,9609904865,lindalong@example.org,Indore,2024-07-02,3,0.8974906846625466,2025-09-27,False
D000433,Kenneth Butler,8254054418,buchananblake@example.com,Bhopal,2023-11-09,2,0.8757149051809161,2025-09-27,False
D000434,Eddie Williams,001-817-911-1018x19372,carol97@example.org,Kanpur,2023-11-28,4,0.4365407810135075,2025-09-27,False
D000435,Brian Taylor,001-356-314-5351x4845,vwong@example.com,Lucknow,2025-05-02,0,0.8146958134792563,2025-09-27,False
D000436,Brianna Anderson,978-241-8468,ggarcia@example.org,Indore,2024-10-28,6,0.759165587686002,2025-09-27,False
D000437,Thomas Scott,+1-927-231-3652x008,hhardin@example.org,Delhi,2024-10-29,8,0.6759951510603606,2025-09-27,False
D000438,Michael Hayes,2406120929,beverly10@example.com,Kolkata,2024-12-20,3,0.44769963865660534,2025-09-27,False
D000439,Brian Love,(921)634-2584x620,wendygutierrez@example.org,Jaipur,2024-11-11,2,0.8506915483209675,2025-09-27,False
D000440,Daniel Johnson,784-931-4492x3553,ksimpson@example.org,Pune,2024-04-11,2,0.7805039617476961,2025-09-27,False
D000441,Tyler Williams,209.676.9281,jillian07@example.com,Chennai,2024-03-28,1,0.42885146420794945,2025-09-27,False
D000442,Tiffany Houston,001-895-304-4142x3823,darrenmassey@example.org,Lucknow,2024-08-14,3,0.5792892307624367,2025-09-27,False
D000443,Lisa Conrad,+1-865-813-6211x4611,eddie49@example.net,Mumbai,2024-03-06,3,0.8199080810727655,2025-09-27,False
D000444,Tyler Salazar,6746970873,moralesdebra@example.com,Kolkata,2024-02-14,0,0.4876108860529137,2025-09-27,False
D000445,Robin Ayers,+1-642-221-0147x45605,brandon28@example.org,Indore,2024-08-04,3,0.6137509156640559,2025-09-27,False
D000446,Theresa Wood,001-541-821-1305x4628,juanmiller@example.com,Bengaluru,2025-03-05,5,0.7901827515034409,2025-09-27,False
D000447,Kristin Howard,(831)442-3701,susanrichardson@example.com,Bhopal,2024-04-12,2,0.5478473370208021,2025-09-27,False
D000448,William Brown,(901)996-2182x0987,leekevin@example.net,Thane,2025-03-09,1,0.4345037963064082,2025-09-27,False
D000449,Alicia Cook,923.733.4480x3634,xhenderson@example.com,Kolkata,2024-07-03,1,0.8133733840131235,2025-09-27,True
D000450,Wanda White,279-374-7601,lauramartin@example.org,Chennai,2024-10-28,4,0.6695472763680044,2025-09-27,False
D000451,Brian Hawkins,001-254-576-6716x30143,holtfranklin@example.net,Pune,2025-01-18,5,0.5810881273993642,2025-09-27,False
D000452,Dylan Roy,362-742-3125x7998,ashleyrivera@example.net,Ahmedabad,2024-11-02,2,0.515208331058675,2025-09-27,True
D000453,Mrs. Alexandra Anderson,(203)704-7955,hawkinskara@example.com,Bhopal,2025-05-19,2,0.7203177964012932,2025-09-27,False
D000454,Kayla Booker,588.466.6628x07882,ccaldwell@example.net,Indore,2025-01-15,2,0.7563106665492565,2025-09-27,False
D000455,Chris Meyer,994-945-1010,fdunn@example.com,Thane,2025-08-22,1,0.8997719593595472,2025-09-27,False
D000456,Brandon Luna,3723885014,carrilloannette@example.org,Ahmedabad,2025-09-21,3,0.6072348577696717,2025-09-27,False
D000457,Zachary Patton,(990)608-0744x347,qschneider@example.com,Kanpur,2024-05-13,2,0.7142170237094995,2025-09-27,False
D000458,Lisa Vincent,001-755-289-6238x28913,mary41@example.org,Delhi,2024-11-17,4,0.6569272321033839,2025-09-27,False
D000459,Jeremy Webb,(694)515-1529x183,ujackson@example.com,Chennai,2025-06-21,3,0.44911749609454027,2025-09-27,False
D000460,Shelly Carr,934.429.8179,jeremy61@example.net,Bhopal,2024-02-03,5,0.572670976122444,2025-09-27,False
D000461,Tara Palmer,211-604-0980,natalie93@example.org,Chennai,2024-01-04,1,0.7823595707381397,2025-09-27,False
D000462,Wyatt Williams,379-428-9836x06886,ywalters@example.org,Indore,2023-12-20,3,0.7931028261305291,2025-09-27,False
D000463,Edward Murphy,(690)839-0772x0071,bwilliams@example.org,Mumbai,2025-01-27,0,0.7910856315456232,2025-09-27,False
D000464,Brenda Mcclure,+1-285-749-1178x8597,tparker@example.org,Thane,2024-12-24,4,0.8085640710077926,2025-09-27,False
D000465,Lee Fitzgerald,559.215.2137,coxmichael@example.com,Delhi,2025-01-09,3,0.4592461793842003,2025-09-27,False
D000466,Mark Le,4016974770,jesse30@example.com,Thane,2023-12-25,2,0.8326478794544563,2025-09-27,False
D000467,Katie Singh,(629)928-1223x95378,kdonaldson@example.com,Chennai,2024-07-28,4,0.556431580427565,2025-09-27,False
D000468,Tom Black,+1-416-830-4587x20711,butlerjeffrey@example.com,Mumbai,2024-02-14,2,0.7370099595293964,2025-09-27,False
D000469,Donald Shaw,(942)653-2148x80531,daniel80@example.com,Delhi,2024-03-02,0,0.1786023166478909,2025-09-27,True
D000470,Joel Ortiz,433.308.4750,parkersabrina@example.com,Nagpur,2024-11-01,4,0.7918799212420536,2025-09-27,False
D000471,Jonathan Jackson,(227)584-8919,jimmyanderson@example.net,Jaipur,2025-03-30,2,0.5869605235064068,2025-09-27,False
D000472,Gloria Lynn,001-400-399-6260x87136,cameron97@example.org,Indore,2024-07-24,4,0.7005513478121641,2025-09-27,False
D000473,Christopher Mann,364.508.4188x35728,amanda66@example.net,Ahmedabad,2025-02-08,3,0.6593504971902975,2025-09-27,False
D000474,Allison Silva,(957)758-8318x52489,bentleymatthew@example.org,Hyderabad,2025-07-16,4,0.5022202869747734,2025-09-27,False
D000475,Ryan Miller,(942)563-5274,sheriwalker@example.net,Pune,2024-06-03,2,0.5342668780338037,2025-09-27,False
D000476,Mallory Rowe,001-859-246-0854x7735,nmoore@example.net,Lucknow,2024-08-08,3,0.8627611039259404,2025-09-27,False
D000477,Carol Vasquez,001-867-736-8854x476,robbinsgregory@example.net,Jaipur,2024-03-31,2,0.7242524100593442,2025-09-27,False
D000478,Tara Johnson,(422)813-3364,sandersdaniel@example.net,Mumbai,2024-02-05,4,0.6917784836624092,2025-09-27,False
D000479,Lori White MD,+1-789-351-2027x9008,meagankim@example.net,Kanpur,2025-01-05,4,0.8723681293915398,2025-09-27,False
D000480,David Murphy,001-236-603-6750x455,xtaylor@example.net,Kolkata,2024-05-18,4,0.40769744584565426,2025-09-27,False
D000481,Jill Fisher,505-215-4311x5507,oowen@example.com,Delhi,2023-11-06,5,0.5073339319862684,2025-09-27,False
D000482,George Nicholson,001-787-377-1954x1436,rferguson@example.org,Lucknow,2024-07-10,0,0.6167913963163072,2025-09-27,False
D000483,Kelly Barajas,552-498-8605x5073,csimmons@example.com,Kanpur,2025-05-16,3,0.6563631971308881,2025-09-27,False
D000484,Olivia Lindsey,001-434-481-1872,calebmitchell@example.com,Bengaluru,2025-07-16,4,0.4456957431658882,2025-09-27,False
D000485,Caleb Castillo,001-464-986-3275,brooke79@example.net,Pune,2025-08-12,1,0.414752027572603,2025-09-27,False
D000486,Christopher Mosley,+1-981-555-9015x45866,ngonzalez@example.com,Thane,2025-06-27,2,0.6294702582984102,2025-09-27,False
D000487,Chris Obrien,555-362-5833x689,madelinehiggins@example.net,Lucknow,2025-03-13,3,0.8424821540902939,2025-09-27,False
D000488,Pamela Harris,5637494216,garyking@example.org,Chennai,2024-09-06,4,0.7689586966770128,2025-09-27,False
D000489,Laura English,+1-465-963-5974x024,bryanwebb@example.com,Bengaluru,2025-03-18,4,0.8325966736989056,2025-09-27,False
D000490,Tony Campos,(768)639-2977x79770,tcooper@example.org,Kolkata,2024-06-19,4,0.7527304151417431,2025-09-27,False
D000491,Zachary Anderson,709.785.0502,james92@example.org,Chennai,2024-07-02,3,0.6500400591357913,2025-09-27,False
D000492,Joan Fernandez,353.482.1183x353,anne74@example.org,Lucknow,2023-12-05,0,0.5505230389171565,2025-09-27,False
D000493,William Nicholson,576.236.9896x157,ejenkins@example.org,Indore,2024-09-18,1,0.5050146747581408,2025-09-27,False
D000494,Michael Guerra,(731)499-4830,osanchez@example.com,Bengaluru,2025-08-13,3,0.48023130713561324,2025-09-27,False
D000495,Henry Miller,2623726194,evan91@example.net,Lucknow,2024-08-24,6,0.8622805276884025,2025-09-27,False
D000496,Zachary Carson,(246)596-3636x387,anthony47@example.org,Lucknow,2024-02-09,4,0.5538979158403728,2025-09-27,False
D000497,George Medina,+1-337-858-6232x914,valerieramos@example.com,Kolkata,2024-12-16,4,0.4512839812917949,2025-09-27,False
D000498,David Rivera,775.838.9132x029,williamstheresa@example.net,Bengaluru,2024-03-07,5,0.6309217406375551,2025-09-27,False
D000499,Jason Conley,(544)948-1381x8029,acevedoann@example.net,Bhopal,2025-09-11,3,0.7469747952550785,2025-09-27,False
D000500,Catherine Weaver,001-200-326-7384x6401,calderonjohn@example.com,Pune,2023-12-31,5,0.6706848050786344,2025-09-27,False
D000501,John Thomas,470.378.7495x0573,aguilarryan@example.com,Thane,2025-01-13,2,0.5771356636086078,2025-09-27,False
D000502,Kathleen Shelton,001-443-818-3978x83971,johnjohnson@example.com,Chennai,2024-10-05,1,0.5555012473663401,2025-09-27,False
D000503,Austin Morris,219.880.3306,nguyenjuan@example.org,Bhopal,2025-06-01,2,0.8799314013567276,2025-09-27,False
D000504,Anthony Wyatt,001-516-997-5766,denisewhite@example.net,Indore,2024-06-02,6,0.16913282477701985,2025-09-27,True
D000505,Ashley Brandt,(520)839-6009x567,ilane@example.com,Delhi,2025-03-04,2,0.7028189446617057,2025-09-27,False
D000506,Sarah Combs,7485268745,harrisjustin@example.net,Indore,2025-09-25,3,0.7824004862296386,2025-09-27,False
D000507,John Campos,774.698.0095,moniquebrooks@example.net,Lucknow,2024-02-01,2,0.7963790567864064,2025-09-27,False
D000508,Mary Franklin,(473)654-9228,whiteangela@example.com,Indore,2025-04-26,5,0.22459131285807857,2025-09-27,True
D000509,Ricardo Padilla,001-817-758-0963,acooper@example.net,Indore,2024-02-04,5,0.4917210982017173,2025-09-27,False
D000510,Jennifer Ross,001-294-999-8496,irice@example.com,Indore,2024-08-20,1,0.6048696182214696,2025-09-27,False
D000511,Richard Baker,707-625-1958x360,ericroach@example.net,Mumbai,2023-12-25,2,0.8386752265664194,2025-09-27,False
D000512,Juan Johnson,2257867666,kimmitchell@example.com,Jaipur,2025-02-07,7,0.8712729698384527,2025-09-27,True
D000513,Natasha Smith,984.749.7619,wilsoneric@example.net,Bengaluru,2024-09-23,2,0.4343568388619805,2025-09-27,False
D000514,Carla Mccarthy,787-826-1581x9311,uroberts@example.net,Kanpur,2023-12-08,1,0.57497246976482,2025-09-27,False
D000515,Jerry Rogers,+1-808-613-7655x772,montoyavanessa@example.com,Thane,2025-09-03,3,0.8022473212159111,2025-09-27,False
D000516,Andrea Parker,001-603-803-4258x330,april75@example.net,Bhopal,2025-08-28,0,0.6905075466875548,2025-09-27,False
D000517,Brandon Shaw,(932)975-5998,brandonnelson@example.com,Lucknow,2025-06-15,4,0.7355787366898443,2025-09-27,False
D000518,Jeffrey Gross,295.829.4287,kellyguerrero@example.net,Indore,2024-11-16,3,0.4793394368448425,2025-09-27,False
D000519,Edward Smith,361.471.2388x682,eholmes@example.net,Bhopal,2024-10-09,5,0.6369606100580514,2025-09-27,False
D000520,Kimberly Weaver,+1-596-263-5958x7019,steven53@example.org,Hyderabad,2024-05-16,2,0.699885657485249,2025-09-27,False
D000521,Stacey Smith,(413)405-9905x42199,cmcdowell@example.com,Thane,2025-01-26,3,0.7480780725689626,2025-09-27,False
D000522,Michael Lewis,603.301.8463,walshandrew@example.com,Lucknow,2024-12-29,5,0.7741164156659479,2025-09-27,False
D000523,Timothy Jackson,+1-994-760-6902x7610,swaller@example.org,Thane,2025-09-06,2,0.5093578064989637,2025-09-27,False
D000524,Charles Ross,4809641970,robert12@example.net,Hyderabad,2025-09-17,1,0.8108239664808856,2025-09-27,False
D000525,Ashlee Horn,001-918-822-7585,michele82@example.com,Pune,2025-06-08,1,0.7494744142436929,2025-09-27,False
D000526,William Davis,971-895-2371,ularsen@example.net,Nagpur,2025-06-22,2,0.6076204861670202,2025-09-27,False
D000527,Roger Smith MD,(783)350-0255,alvaradoamy@example.org,Bhopal,2024-05-23,1,0.733423695652829,2025-09-27,False
D000528,Michael Thomas,(749)850-6880x734,carrollsteven@example.com,Ahmedabad,2024-02-09,3,0.22001578646758457,2025-09-27,True
D000529,Charles Curry,685-762-5933x719,amoore@example.org,Ahmedabad,2024-04-16,2,0.4474589684108349,2025-09-27,False
D000530,Jerry Hill,(754)706-6221,kellypark@example.com,Kanpur,2023-12-04,3,0.6329128766115624,2025-09-27,False
D000531,Brian Rodgers,(374)489-7755x0488,cassidydavis@example.org,Indore,2025-07-14,5,0.44011112322785706,2025-09-27,False
D000532,Edward Rodriguez,001-371-964-3143x40278,qward@example.net,Hyderabad,2025-03-07,0,0.7821766932182137,2025-09-27,False
D000533,James Faulkner,001-809-639-1572x84465,jose03@example.com,Chennai,2025-07-11,0,0.8185598139153261,2025-09-27,False
D000534,Tina Romero,001-860-545-6899x903,heathersnyder@example.org,Bengaluru,2025-04-16,4,0.7191611198959134,2025-09-27,False
D000535,Timothy White,628.805.3510x4760,amiller@example.org,Mumbai,2023-11-23,3,0.2592273147170927,2025-09-27,True
D000536,David Banks,2657150828,matthewbaker@example.com,Pune,2024-07-24,4,0.830522649751656,2025-09-27,False
D000537,William Landry,883-810-9302,nicolemccarthy@example.com,Hyderabad,2024-12-26,1,0.6273821712763306,2025-09-27,False
D000538,Patrick Gibbs,296-264-8589x37977,deborahsmith@example.org,Pune,2025-09-12,4,0.7221283618254057,2025-09-27,False
D000539,Ellen Zavala,6957089503,martinezdaniel@example.net,Hyderabad,2025-08-15,1,0.7179701634133555,2025-09-27,False
D000540,Seth Hull,001-600-904-1096x653,willispamela@example.com,Bhopal,2025-02-09,1,0.6898630785486124,2025-09-27,False
D000541,Madison Wright,001-309-450-9782x36189,brenda01@example.net,Thane,2025-03-31,1,0.7895512931978934,2025-09-27,False
D000542,Kevin Mccarthy,(458)218-1933x437,wayne04@example.org,Kanpur,2025-01-06,7,0.8168959754594136,2025-09-27,False
D000543,Edward Turner,(705)349-6126x121,desireefernandez@example.org,Hyderabad,2025-02-11,3,0.41587188268649433,2025-09-27,False
D000544,Michael Johnson,480.418.6934x59410,qwilkins@example.com,Thane,2024-06-15,5,0.8880934874940418,2025-09-27,False
D000545,Jackie Rose,+1-399-379-8373x878,jmontoya@example.org,Kanpur,2024-07-21,4,0.8486829328954659,2025-09-27,False
D000546,Lauren Nelson,414-595-2180x96510,barbara10@example.org,Pune,2024-10-29,4,0.6176968230878679,2025-09-27,False
D000547,Mckenzie Schneider,(855)956-1108x7699,nguyentonya@example.net,Delhi,2023-12-07,3,0.4355174445220011,2025-09-27,False
D000548,Donald Clark,+1-215-956-5253x1202,ashley68@example.net,Mumbai,2024-06-17,1,0.2613575181003415,2025-09-27,True
D000549,Kevin Cannon,001-431-621-7457x23557,xmcneil@example.com,Bhopal,2023-10-26,4,0.5391842408313283,2025-09-27,False
D000550,Philip Wilson,406-800-7509,rodriguezchristy@example.net,Thane,2024-03-25,2,0.8133091727512444,2025-09-27,False
D000551,Brian Snow,381-581-1980x058,deborahmckinney@example.org,Chennai,2023-10-22,1,0.5052534698326715,2025-09-27,False
D000552,Lauren Perez,001-612-802-4993x396,karen35@example.com,Bhopal,2024-03-02,3,0.4492914635112062,2025-09-27,False
D000553,Andrew Adams,5683348086,njennings@example.com,Kanpur,2025-08-19,3,0.652754380194932,2025-09-27,False
D000554,Joseph Dominguez,001-618-627-5882x586,jessicareed@example.com,Bengaluru,2023-10-28,0,0.4871217008226898,2025-09-27,False
D000555,Jeffrey Jones,(415)221-6039,patrickdonald@example.org,Delhi,2024-02-19,3,0.6093036374591649,2025-09-27,False
D000556,Briana Harris,001-836-681-8361x00811,angela22@example.org,Indore,2024-05-10,4,0.4224807207957756,2025-09-27,False
D000557,Brenda Ellis,+1-596-241-1846x46268,katie39@example.net,Indore,2024-10-01,4,0.7708207259180211,2025-09-27,False
D000558,Matthew Solomon,+1-877-791-5466,hendersonjoshua@example.com,Nagpur,2024-05-25,3,0.46161628785816244,2025-09-27,False
D000559,Bethany Tran,001-442-558-5998,jguerrero@example.org,Kanpur,2025-05-11,2,0.875722412831546,2025-09-27,False
D000560,Candice Morgan,+1-722-535-2575x658,arojas@example.net,Bengaluru,2023-12-15,7,0.4658267943966292,2025-09-27,False
D000561,Jacqueline Case,9504173500,sullivanmindy@example.org,Kolkata,2024-07-10,2,0.8128554757803335,2025-09-27,False
D000562,Keith Avila,373-318-5807,loganjoann@example.net,Indore,2025-02-25,4,0.26083424400619126,2025-09-27,True
D000563,Christopher Carson,+1-831-540-4100x025,yross@example.com,Nagpur,2025-05-11,4,0.15307563951534706,2025-09-27,True
D000564,Christopher Ellis,577-380-9219,hhernandez@example.net,Lucknow,2024-04-18,5,0.5882651438946491,2025-09-27,False
D000565,Ronald Byrd,(664)308-6587x910,michael16@example.net,Chennai,2025-02-16,2,0.6430652426074621,2025-09-27,False
D000566,Lisa Harrington,426.388.1301,ygoodman@example.net,Indore,2025-04-15,5,0.786258143039702,2025-09-27,False
D000567,Aaron Scott,790-595-5365,ydunn@example.net,Pune,2024-01-22,5,0.8137765261370236,2025-09-27,False
D000568,Michael James,+1-776-946-2954,petersencarlos@example.org,Kolkata,2024-07-18,1,0.723300221974331,2025-09-27,False
D000569,Tina Smith,+1-815-278-8931x732,higginsbarbara@example.com,Bhopal,2023-10-03,3,0.4174557763281119,2025-09-27,False
D000570,Joseph Gray,001-650-790-0094x8158,simonbrenda@example.org,Chennai,2023-10-20,5,0.6328412708811397,2025-09-27,False
D000571,Melanie Gordon,205.284.9189,charlesroman@example.org,Jaipur,2024-01-26,2,0.17696272843789765,2025-09-27,True
D000572,Crystal West,716.887.3477x70364,valerielin@example.net,Thane,2024-05-07,1,0.7257578416644462,2025-09-27,False
D000573,Sean Jones,001-860-918-3164,gwilson@example.net,Lucknow,2024-02-17,4,0.4095777427756265,2025-09-27,False
D000574,Ricky Edwards,+1-260-927-8812,rreed@example.org,Hyderabad,2024-05-31,1,0.6092911427657446,2025-09-27,False
D000575,Robert Smith,+1-401-202-9353,rosskimberly@example.com,Kolkata,2024-06-10,6,0.8240546175078151,2025-09-27,False
D000576,Jennifer Murray,2616067171,dwells@example.com,Bengaluru,2025-08-08,4,0.7390569154771044,2025-09-27,False
D000577,Diana Martin,(329)608-1142x04857,kirbyjesse@example.com,Chennai,2025-08-12,4,0.6213990682718687,2025-09-27,False
D000578,Alicia Marsh,700.413.7958,brianshaffer@example.net,Mumbai,2024-11-22,5,0.48244238828256925,2025-09-27,False
D000579,John Anderson,(642)863-6682,nwright@example.org,Ahmedabad,2025-04-18,3,0.6507589801750833,2025-09-27,False
D000580,Joshua Bailey,370.775.9784x419,connerpatrick@example.net,Thane,2024-01-01,2,0.5365203096639034,2025-09-27,False
D000581,Mr. Robert Navarro DDS,747-400-8480x570,gtorres@example.com,Ahmedabad,2024-05-29,2,0.4034389811098247,2025-09-27,False
D000582,Carrie Frederick,2936458932,egraham@example.net,Kolkata,2025-07-01,4,0.5475361746321548,2025-09-27,False
D000583,Trevor Wilson,(659)293-6339,dunlapmichael@example.org,Delhi,2024-11-16,6,0.6429087144563157,2025-09-27,False
D000584,Sandra Barnes,539.471.2938x4511,johnsonpamela@example.org,Indore,2025-06-19,3,0.4822027645394394,2025-09-27,False
D000585,Alicia Wright,594-762-9774x554,patricia09@example.net,Kolkata,2024-01-18,1,0.15268630623780202,2025-09-27,True
D000586,Matthew Marshall,001-738-333-3705x6315,jillrowe@example.com,Kanpur,2024-11-27,6,0.4054055418175982,2025-09-27,False
D000587,Cathy Sweeney,+1-622-878-8065,travis09@example.com,Indore,2023-11-10,2,0.5807706993770193,2025-09-27,False
D000588,Stephanie Pratt,+1-240-886-3950x47575,lynn03@example.net,Hyderabad,2024-07-12,1,0.6974236897509548,2025-09-27,False
D000589,Juan Garcia,(707)264-2053x7287,rodriguezlisa@example.net,Nagpur,2024-11-01,6,0.5231220804853001,2025-09-27,False
D000590,Vanessa Johnson,7728333625,fhayes@example.net,Thane,2024-07-02,3,0.42517476348467664,2025-09-27,False
D000591,Derrick Lawson,(911)782-5927x190,fchang@example.net,Nagpur,2023-12-02,4,0.7443812704056827,2025-09-27,False
D000592,Clarence Jackson,923-811-0553x697,susancooley@example.org,Bhopal,2025-05-26,4,0.564089741398806,2025-09-27,False
D000593,Jennifer Medina,480-417-0086x21457,amber89@example.org,Delhi,2024-12-09,4,0.46979943367990007,2025-09-27,False
D000594,James Munoz,8634579427,ianabbott@example.net,Indore,2024-02-22,4,0.866874711500735,2025-09-27,False
D000595,Michael Richards,982.493.1035,tracyhill@example.com,Jaipur,2024-03-09,3,0.7270800771430492,2025-09-27,False
D000596,Linda Burton,001-764-804-5665,swilliams@example.net,Chennai,2025-04-10,2,0.6088334979084974,2025-09-27,False
D000597,Larry Gutierrez,+1-381-345-3325x6649,estradamichele@example.com,Bengaluru,2025-04-13,1,0.7466675768673534,2025-09-27,False
D000598,Kimberly Jones,519-984-4060x5239,vgillespie@example.com,Chennai,2023-11-24,5,0.5276681868816221,2025-09-27,False
D000599,Daniel Washington,+1-449-406-0022,gomezdavid@example.org,Chennai,2024-11-07,3,0.5976296577155789,2025-09-27,False
D000600,Kelly Porter,310-660-5632x97982,vyoung@example.net,Kanpur,2024-02-01,0,0.8536244721782029,2025-09-27,False
D000601,Joseph Collins,001-451-691-2923,kmann@example.com,Lucknow,2025-08-02,3,0.6512136435831882,2025-09-27,False
D000602,Veronica Kline,001-768-748-6973x67766,stephen49@example.com,Jaipur,2025-05-25,2,0.6323065844044855,2025-09-27,False
D000603,Anthony Harrell,648.848.6162,igonzalez@example.com,Indore,2024-11-25,5,0.7657482320215696,2025-09-27,False
D000604,Kimberly Brown,(762)211-5145,radams@example.org,Indore,2024-09-25,1,0.8715874114806426,2025-09-27,False
D000605,Connie Frye,(931)529-3331,smclaughlin@example.net,Nagpur,2025-03-24,4,0.6570477212756298,2025-09-27,False
D000606,Andrea James,001-904-797-6518x65882,kevinbates@example.com,Chennai,2023-12-02,5,0.5621729038475278,2025-09-27,False
D000607,Monica Nolan,(351)496-8344,alexisspencer@example.net,Bengaluru,2025-03-04,6,0.8951661518968241,2025-09-27,True
D000608,Amanda Gutierrez,681.679.3739x21798,daniel05@example.net,Nagpur,2024-08-10,2,0.5522462663744754,2025-09-27,False
D000609,Joseph Horne,876-242-9347x5379,robert99@example.com,Lucknow,2025-05-30,2,0.6732292708640621,2025-09-27,False
D000610,Shelly Meyer,3039855907,tylerwarren@example.org,Nagpur,2025-06-21,2,0.2395816608868144,2025-09-27,True
D000611,Kevin Wilkinson,(674)374-3088x091,pattersonerin@example.org,Thane,2025-01-09,1,0.40829624031629896,2025-09-27,False
D000612,Lisa Nelson,209.533.5538x89899,upayne@example.com,Chennai,2025-06-15,1,0.5174971387673458,2025-09-27,False
D000613,Jennifer Lopez,+1-291-236-8068x535,valeriewatson@example.org,Hyderabad,2025-06-29,2,0.834204761973467,2025-09-27,False
D000614,William Levine,(415)355-7894,leah61@example.org,Lucknow,2023-12-07,3,0.8289775454575286,2025-09-27,False
D000615,Chad Cruz,849-672-0417x52590,melissa73@example.com,Hyderabad,2023-12-15,3,0.5820563875052498,2025-09-27,False
D000616,Phillip Khan,(894)601-3414,mathewshector@example.org,Hyderabad,2024-09-19,3,0.8521216457037826,2025-09-27,False
D000617,Christopher Phelps,980.601.2871,simmonsbrenda@example.net,Thane,2024-05-07,1,0.6052478970302773,2025-09-27,False
D000618,Ashley Williams,995-226-7971x79072,ggarcia@example.org,Bhopal,2025-08-06,2,0.8651992100846628,2025-09-27,False
D000619,Jennifer Gonzalez,+1-233-835-9280x06202,lsnyder@example.org,Nagpur,2024-08-20,1,0.543663358254451,2025-09-27,False
D000620,Jared Terrell,360.666.2399x1171,kathleen24@example.com,Thane,2023-10-14,1,0.6462676903571447,2025-09-27,False
D000621,Kevin Gray,345-309-1879x397,michael36@example.com,Bengaluru,2024-06-30,3,0.5042941838705254,2025-09-27,False
D000622,Mark Russo,236-419-3169,browncrystal@example.com,Pune,2024-08-01,1,0.5340871838724567,2025-09-27,False
D000623,Meghan Swanson,840-390-0989x343,crawfordlee@example.com,Hyderabad,2024-01-11,1,0.8136782774130729,2025-09-27,False
D000624,Amber Walsh,(344)478-0319,derrick79@example.com,Bengaluru,2024-03-06,3,0.8430430544067582,2025-09-27,False
D000625,Kristin Shaw,999.591.2693,mclaughlinanna@example.com,Chennai,2024-05-18,1,0.7240525172670618,2025-09-27,False
D000626,Deborah Brown,790-732-7945,fgonzalez@example.com,Bhopal,2024-01-25,4,0.7689754736987962,2025-09-27,False
D000627,Thomas Smith PhD,001-281-500-4617x90161,dreed@example.org,Lucknow,2024-10-22,0,0.2684634620114002,2025-09-27,True
D000628,Janice Elliott,498.450.2901,catherinejones@example.com,Jaipur,2025-03-19,5,0.8330507726889174,2025-09-27,False
D000629,Christina Strickland,904-525-0268x75871,danielleunderwood@example.com,Kolkata,2023-10-25,5,0.72243061140749,2025-09-27,True
D000630,Joseph Huerta,+1-925-700-7030,pamela10@example.com,Bhopal,2025-06-17,4,0.8091902123897676,2025-09-27,True
D000631,Amy Noble,+1-689-523-3080x1980,shaneduncan@example.org,Delhi,2025-04-17,3,0.7957317704447595,2025-09-27,False
D000632,Sarah Hoffman,(303)877-1531x924,clinelisa@example.org,Chennai,2023-11-03,1,0.8895757775503078,2025-09-27,False
D000633,Leah Williams,001-905-415-1041x67891,sandrahunt@example.org,Indore,2025-08-26,1,0.8447883091652462,2025-09-27,False
D000634,Jennifer Fowler,565-402-4083x6491,boydmichael@example.org,Delhi,2024-08-04,3,0.7842906654566011,2025-09-27,False
D000635,Michelle Newman,+1-505-404-1502,sarahwilson@example.net,Nagpur,2024-01-17,4,0.7252126244119321,2025-09-27,False
D000636,John Ramsey,637-221-1569x48466,haley22@example.com,Jaipur,2024-05-22,1,0.7670756295208232,2025-09-27,False
D000637,Angela Lynn,635.806.8914x7023,kevinewing@example.org,Lucknow,2023-12-29,2,0.4139219537887067,2025-09-27,False
D000638,Allen Ramirez,(821)285-1885,ismith@example.com,Jaipur,2024-02-03,1,0.7156876630241256,2025-09-27,False
D000639,Jennifer Harper,924-371-2771x5400,umoore@example.org,Nagpur,2023-11-16,6,0.48295051218539314,2025-09-27,True
D000640,Adam Ross,960.886.4906x10855,amandamoss@example.org,Kolkata,2024-06-28,1,0.700456002829543,2025-09-27,False
D000641,Jennifer Mooney,3496969200,martin68@example.com,Lucknow,2023-10-06,2,0.5466767107205049,2025-09-27,False
D000642,Alexandra Scott,726.393.3137x1301,sandersdaniel@example.com,Indore,2025-03-05,6,0.5359772796990994,2025-09-27,False
D000643,Cesar Turner,845.980.3368,asmith@example.net,Chennai,2025-08-15,1,0.6211832665512094,2025-09-27,True
D000644,Jason Vargas,2805600732,danielle41@example.net,Nagpur,2024-10-25,3,0.4672881335520539,2025-09-27,False
D000645,Christine Watts,+1-616-286-4110,manningjessica@example.net,Jaipur,2023-09-29,4,0.5441257885836843,2025-09-27,False
D000646,Linda Lee,+1-468-602-3970x7210,drose@example.com,Kanpur,2025-04-23,0,0.7560685229403026,2025-09-27,False
D000647,Anne Stafford,+1-884-663-9406,estradalauren@example.net,Bengaluru,2024-10-16,1,0.80763816554528,2025-09-27,False
D000648,Robert Larson,001-248-416-8411x51765,alyssa40@example.net,Chennai,2023-12-22,2,0.6744364007713,2025-09-27,False
D000649,Joshua Cabrera,857.478.9462,thomasorr@example.com,Indore,2023-12-08,3,0.4690077435100259,2025-09-27,False
D000650,Melissa Stout,880-369-8166,lindsaysmith@example.com,Pune,2025-04-14,7,0.5528719787236456,2025-09-27,False
D000651,Michael Carpenter,986.320.9323x88648,rsharp@example.net,Indore,2024-08-04,6,0.6863214265577924,2025-09-27,False
D000652,Jacob Bowen,609.692.3191,kristen28@example.net,Pune,2024-06-17,4,0.4128448224347041,2025-09-27,False
D000653,Patrick Stafford,324-907-2073x21728,gcampbell@example.org,Chennai,2025-09-15,3,0.6755254766474662,2025-09-27,False
D000654,Russell Anderson,001-874-820-6715x372,pedrolong@example.net,Bengaluru,2025-01-19,3,0.4285134570018097,2025-09-27,False
D000655,Elizabeth Cook,+1-490-944-3630x067,tuckerjustin@example.com,Nagpur,2023-12-16,1,0.42404615520601774,2025-09-27,False
D000656,Michael Green,269-834-0042,kevinowens@example.net,Kanpur,2025-08-23,0,0.6490649717740212,2025-09-27,False
D000657,Joanna Miller,476-817-6524,ksilva@example.com,Thane,2024-02-19,4,0.14035324766884189,2025-09-27,True
D000658,Jeffrey Padilla,202-271-7389,ginawalker@example.net,Pune,2023-10-26,3,0.678232318674411,2025-09-27,False
D000659,Kathleen Maldonado,+1-222-814-7079x40006,jclarke@example.org,Kolkata,2024-08-08,9,0.5536194809238603,2025-09-27,False
D000660,Elizabeth Todd,+1-299-606-2950,vancecarolyn@example.com,Jaipur,2025-06-29,1,0.6922715566297291,2025-09-27,False
D000661,Joseph Hill,363-264-7980,djohnson@example.net,Lucknow,2025-08-31,2,0.4830262607407682,2025-09-27,False
D000662,Mark Mills,001-821-947-7462x84761,elizabeth84@example.net,Nagpur,2025-01-17,4,0.8416368007131119,2025-09-27,False
D000663,Robert Villa,495-843-5406x6911,holtjulia@example.com,Lucknow,2025-07-07,4,0.6074802180398402,2025-09-27,False
D000664,Bernard Martin,682-288-2217x84649,karenrice@example.net,Delhi,2024-02-01,3,0.6908683237105934,2025-09-27,False
D000665,Mr. Noah Patton Jr.,860-346-0837x0820,wallacekaren@example.com,Chennai,2025-06-12,1,0.7378106547991217,2025-09-27,True
D000666,Tim Kelley,858.242.4924x852,amy15@example.com,Chennai,2024-03-11,1,0.20285492067258518,2025-09-27,True
D000667,Kelly Wilson,477.236.5046,peter32@example.com,Jaipur,2024-06-29,1,0.5271306157224322,2025-09-27,False
D000668,Ebony Krueger,459.982.3338,hochristopher@example.org,Chennai,2025-03-12,1,0.8540092727108313,2025-09-27,False
D000669,Brandon Wilkins,776-850-5927x435,austinrichard@example.net,Nagpur,2025-01-04,6,0.6349576860167977,2025-09-27,False
D000670,Christopher Nicholson,5587948640,ramirezjohn@example.com,Thane,2024-07-19,1,0.7150465634308317,2025-09-27,False
D000671,Emily Wilkinson,001-427-698-2230x6837,chelsea46@example.com,Mumbai,2025-04-14,2,0.5615498508331687,2025-09-27,False
D000672,Melissa Larsen,(421)954-9508x637,dakota31@example.net,Lucknow,2025-07-05,2,0.18081342377087326,2025-09-27,True
D000673,Kimberly Martin,381.539.9831,bflynn@example.com,Bhopal,2025-03-28,1,0.8475326444256229,2025-09-27,False
D000674,Mark Adams,475.675.8736x946,kristinakennedy@example.org,Nagpur,2024-03-06,1,0.8912606361280193,2025-09-27,False
D000675,Seth Davis,791-547-3012,vbrady@example.net,Pune,2024-08-07,2,0.7051887476591638,2025-09-27,True
D000676,Ashley Dudley,8959016347,adamestes@example.com,Nagpur,2024-06-13,1,0.8512016380553373,2025-09-27,False
D000677,Samantha Scott,(724)856-3122x762,rachaelfrazier@example.com,Kolkata,2024-09-17,4,0.5322359083335955,2025-09-27,False
D000678,Francis Williamson,552-697-3977,hansendiane@example.com,Ahmedabad,2024-03-31,7,0.7025447592702692,2025-09-27,False
D000679,Michele Scott,(681)872-6364x9567,otaylor@example.com,Pune,2024-01-23,1,0.8098047765329,2025-09-27,False
D000680,Katherine Bowen,238.467.4596x71849,ibailey@example.net,Kolkata,2025-09-18,4,0.6209168524009774,2025-09-27,False
D000681,Leah Graves,+1-423-643-5812x48987,cindy18@example.org,Bengaluru,2025-04-06,3,0.8274028893996308,2025-09-27,False
D000682,Cindy Lawson,+1-853-608-9278,jessica29@example.net,Bengaluru,2024-01-10,2,0.652848371890687,2025-09-27,False
D000683,Melinda Reed,4937506805,danielbrooks@example.net,Indore,2024-10-03,4,0.45677032116314337,2025-09-27,False
D000684,Michael Clark,(266)979-8036,tonyamartinez@example.com,Pune,2024-03-27,0,0.49263842516677003,2025-09-27,False
D000685,Samuel Mcknight,+1-802-810-4582x4282,luisturner@example.net,Kolkata,2025-05-31,3,0.6257827933027875,2025-09-27,False
D000686,Benjamin Burnett,(732)968-1237x79263,debrakim@example.org,Jaipur,2024-06-16,1,0.659280844332867,2025-09-27,False
D000687,Robert Taylor,001-653-703-4011,brooksbrian@example.net,Jaipur,2025-01-22,1,0.764393111128288,2025-09-27,True
D000688,Lori Ibarra,966-742-2000x55587,vernon49@example.org,Thane,2025-03-09,2,0.40209372181397895,2025-09-27,False
D000689,Mary Willis,523.382.0768x4843,patriciaalvarez@example.net,Bengaluru,2025-05-20,4,0.4111092410127902,2025-09-27,False
D000690,Sandra Hall,246-400-9957x823,matthew17@example.net,Bengaluru,2024-10-04,4,0.48475204593302934,2025-09-27,False
D000691,Matthew Wilson,(512)285-0216,fhernandez@example.net,Mumbai,2024-06-17,5,0.5403004066189581,2025-09-27,False
D000692,Brett Garcia,(446)206-1900,lesliebrown@example.net,Kanpur,2024-11-25,6,0.7698414488815541,2025-09-27,False
D000693,Taylor Meyer,554.639.7675x930,waltondarlene@example.org,Ahmedabad,2024-01-07,4,0.8163058866630656,2025-09-27,False
D000694,Carl Wilson,+1-299-400-8496,athompson@example.com,Indore,2023-11-12,4,0.22136419393428358,2025-09-27,True
D000695,Victoria Odom,+1-653-397-1513,martinzachary@example.com,Nagpur,2024-04-04,3,0.4665048994536644,2025-09-27,False
D000696,James Wilson,001-606-892-8898x20749,kwolfe@example.net,Pune,2023-10-14,2,0.6045425743174382,2025-09-27,False
D000697,Stacey Brown,860-673-7126x145,brockjason@example.org,Bengaluru,2025-06-13,3,0.6968903159717261,2025-09-27,False
D000698,Kathryn Sampson,5478166478,ethomas@example.com,Delhi,2024-04-19,2,0.5123012200374424,2025-09-27,False
D000699,Daniel Buckley,491.252.8851x8307,desiree40@example.com,Bhopal,2024-02-13,0,0.5774159277715813,2025-09-27,False
D000700,Kimberly Miller DDS,001-318-775-4463x7151,renee98@example.com,Chennai,2024-05-04,4,0.656587541141018,2025-09-27,False
D000701,Joseph Kelly,509-829-8661x492,anthonyherman@example.org,Delhi,2024-11-17,1,0.6095497364585427,2025-09-27,False
D000702,Melinda Cantu,001-819-261-6818x413,smithderek@example.net,Jaipur,2024-07-08,2,0.8540075446874871,2025-09-27,False
D000703,Glen Wood,7582471311,oadams@example.net,Hyderabad,2023-12-31,0,0.6924139056528955,2025-09-27,False
D000704,Michael Lee,+1-420-817-9266,mitchellhall@example.com,Pune,2024-06-25,1,0.41546544069678304,2025-09-27,False
D000705,Mr. Corey Sanchez PhD,466.366.7925x3679,taylorjustin@example.org,Chennai,2025-05-19,3,0.41128225585267364,2025-09-27,False
D000706,Kristina Odonnell,233-225-5104x3202,santiagodavid@example.com,Kanpur,2024-10-04,5,0.5278718507741502,2025-09-27,False
D000707,Angela Washington,378.243.6635,kevinmorris@example.com,Delhi,2025-07-10,2,0.5532077246755183,2025-09-27,False
D000708,Andrew Baker,001-204-526-5922x707,brittany87@example.com,Hyderabad,2023-09-28,1,0.24473111795064983,2025-09-27,True
D000709,Joseph Erickson,387-890-7172,rwilliams@example.org,Bhopal,2024-05-23,2,0.5416422017462887,2025-09-27,False
D000710,Joshua Sullivan,(697)843-4084,alanfoster@example.org,Jaipur,2024-07-20,4,0.532998846546329,2025-09-27,False
D000711,Jamie Mills,835.617.9366x70671,xcarpenter@example.com,Jaipur,2025-04-22,8,0.8398762011471719,2025-09-27,True
D000712,Dominique Adams,001-982-232-6985,jimmy86@example.com,Thane,2024-05-14,1,0.40046470843498055,2025-09-27,False
D000713,Jennifer Turner,001-290-331-1325,nhuang@example.com,Lucknow,2024-04-03,5,0.55629901245415,2025-09-27,False
D000714,Melissa Nixon,(971)880-7460x859,elizabeth49@example.org,Pune,2025-08-15,2,0.5929697554684636,2025-09-27,False
D000715,Mark Harris,631-327-2636x489,heather32@example.org,Kolkata,2024-11-18,4,0.7358544296220304,2025-09-27,False
D000716,Elizabeth Marquez,975.509.5446x04592,smithlarry@example.com,Pune,2024-09-25,3,0.5032905081108905,2025-09-27,False
D000717,Cameron Miller,791-919-0742,veronica40@example.com,Kolkata,2025-03-20,2,0.4993158069309346,2025-09-27,False
D000718,James Padilla,719-299-5340x7230,hardincolleen@example.net,Ahmedabad,2023-11-23,4,0.7288580736379768,2025-09-27,False
D000719,Brendan Mills,461.389.3202,cwashington@example.com,Thane,2024-06-18,1,0.6430868270524415,2025-09-27,False
D000720,John Fleming,7318046088,patrick15@example.net,Ahmedabad,2025-01-04,1,0.6428234326671386,2025-09-27,False
D000721,Tiffany Stewart,649-607-7804,grayharold@example.net,Indore,2024-11-02,6,0.565808424553917,2025-09-27,False
D000722,Michael Ferguson,845.459.8294x257,jonathan94@example.org,Ahmedabad,2024-06-07,2,0.4318423837512584,2025-09-27,False
D000723,Stacy Hernandez,2594528023,sjones@example.org,Indore,2024-11-30,2,0.7311568693653601,2025-09-27,False
D000724,Gabrielle Smith,977-973-5109x016,yorkmark@example.net,Ahmedabad,2024-12-14,6,0.7234186144631904,2025-09-27,False
D000725,Elizabeth Dickerson,(298)251-2353x37688,taylorjulie@example.com,Bengaluru,2025-03-28,1,0.7587324953059561,2025-09-27,False
D000726,Ryan Mitchell,001-635-419-2011x752,traceysmith@example.org,Hyderabad,2024-02-15,1,0.8102760696278595,2025-09-27,False
D000727,Brooke Lewis,001-488-628-5187x6470,james02@example.org,Delhi,2024-10-03,3,0.630449169103291,2025-09-27,False
D000728,Cynthia Knight,+1-983-791-9346x006,romerorichard@example.org,Bengaluru,2024-08-10,3,0.7485120830021498,2025-09-27,False
D000729,Travis Lee,659.408.6134x8075,whitneyward@example.org,Delhi,2024-01-02,1,0.7060042649797277,2025-09-27,False
D000730,Joseph Sullivan,792-629-6019x3019,chavezrobert@example.org,Mumbai,2024-01-08,0,0.8807083098210248,2025-09-27,False
D000731,Dr. Roberta Martin,001-861-277-8006,crystalnicholson@example.org,Chennai,2024-05-08,4,0.8887949801725217,2025-09-27,False
D000732,Christopher Torres,477.277.4463,hugheskeith@example.org,Thane,2025-07-04,2,0.5278195468976807,2025-09-27,False
D000733,Amy Cortez,(811)567-9888x902,corey69@example.net,Indore,2024-10-29,5,0.8913697704551931,2025-09-27,False
D000734,Robert Fields,447-380-4372,monica54@example.com,Delhi,2024-05-23,4,0.8088116891522431,2025-09-27,False
D000735,Jenna Foster,730.730.6912,james80@example.net,Mumbai,2024-05-22,3,0.7760571663484874,2025-09-27,False
D000736,Derek Hall,2266455191,andrew77@example.org,Mumbai,2024-01-21,4,0.588207481260347,2025-09-27,False
D000737,James Washington,765-984-6837x6298,briana73@example.net,Jaipur,2023-11-21,2,0.8575007688737637,2025-09-27,False
D000738,Judy Mitchell,968-742-1189x4168,uyork@example.org,Hyderabad,2025-03-05,6,0.5538514066949219,2025-09-27,False
D000739,Henry Phillips,341-745-8636,caroljacobson@example.com,Kanpur,2024-12-20,3,0.4177951154032382,2025-09-27,False
D000740,Timothy Davis,(695)936-8618x53521,ashleyramirez@example.com,Mumbai,2025-08-12,1,0.41947892317423213,2025-09-27,False
D000741,Adam Coleman,637-249-4965x7174,watsondennis@example.org,Mumbai,2025-01-20,7,0.667483336704722,2025-09-27,True
D000742,Ryan Phelps,7045490118,alexis27@example.org,Pune,2024-02-02,4,0.8960678197392914,2025-09-27,False
D000743,Maria Bowen,001-870-927-6748x7649,fryedouglas@example.org,Kanpur,2023-12-03,3,0.8770211325390429,2025-09-27,False
D000744,Eric Thomas,(527)544-6350x8591,lesparza@example.org,Hyderabad,2024-04-19,2,0.5539095750130596,2025-09-27,False
D000745,Brandy Mack,813.356.3099,brettrodriguez@example.org,Ahmedabad,2025-03-20,2,0.43071256462991636,2025-09-27,False
D000746,Alexandra Sanchez,462-218-4123x769,kimberly76@example.net,Thane,2025-07-03,4,0.45340035200118184,2025-09-27,False
D000747,Susan Sutton,4339701938,leemichael@example.org,Mumbai,2023-12-06,2,0.48214342163620466,2025-09-27,False
D000748,Edward Wright,(983)953-6221x9974,lisahowell@example.com,Hyderabad,2025-06-02,3,0.7804429888357549,2025-09-27,True
D000749,John Adams,410.990.1716,chrisduffy@example.org,Kolkata,2024-06-03,1,0.8777240957190338,2025-09-27,False
D000750,Dwayne Dudley,986.742.5806,antonio11@example.org,Kolkata,2024-10-04,2,0.5061428208342957,2025-09-27,False
D000751,Phillip Davis,715.359.9150x5722,robert38@example.net,Chennai,2025-06-07,5,0.5444842624605293,2025-09-27,False
D000752,Lauren Anderson,434-636-5924x4825,ggill@example.org,Chennai,2024-11-05,4,0.623600516108219,2025-09-27,False
D000753,Sara Washington,+1-857-486-8765x8032,brendansmith@example.org,Hyderabad,2024-11-06,3,0.44372325089994274,2025-09-27,False
D000754,Paul Jarvis,9653177312,michellemoses@example.net,Indore,2024-02-10,2,0.5304592898250841,2025-09-27,False
D000755,Miss Robin Gilmore,516.256.1460x29777,monica79@example.net,Delhi,2025-08-27,0,0.4895474696640908,2025-09-27,False
D000756,Brian Johnson,8643871133,ronnie29@example.com,Jaipur,2025-04-14,5,0.6390794617779221,2025-09-27,False
D000757,Jenny Turner,+1-281-487-9512x257,moorelawrence@example.com,Bengaluru,2024-10-15,1,0.8690320697840657,2025-09-27,False
D000758,Kelli Walker,(615)840-5375,meyermichael@example.net,Bengaluru,2023-11-24,10,0.5209190977076765,2025-09-27,False
D000759,Connie Jones,(220)202-1936x803,james38@example.com,Bengaluru,2024-05-15,2,0.7004727422688595,2025-09-27,False
D000760,Ashley Owens,643.685.1669x2126,nicole26@example.org,Bhopal,2023-11-14,3,0.6362577214097926,2025-09-27,False
D000761,Jennifer May,563.792.9208,andreaheath@example.net,Mumbai,2024-01-16,3,0.7450234442047248,2025-09-27,False
D000762,William Contreras,469.772.6500,cheyenne40@example.com,Lucknow,2024-08-31,2,0.5010746996126354,2025-09-27,False
D000763,Samuel Garcia,001-767-347-8290x5944,brian74@example.net,Thane,2025-06-01,1,0.8554131323431576,2025-09-27,True
D000764,Alexander Brown,394-735-6434x181,tmack@example.com,Jaipur,2025-04-16,3,0.6852047457018209,2025-09-27,False
D000765,Ryan Terry,+1-256-778-6147x634,goodmanjenny@example.org,Lucknow,2025-01-15,5,0.4831146810258294,2025-09-27,False
D000766,Alexis Saunders,691.425.0567x5192,mjones@example.com,Mumbai,2023-10-27,2,0.40191857275390047,2025-09-27,False
D000767,Matthew Hawkins,+1-218-907-0652,sarachoi@example.org,Ahmedabad,2024-12-09,2,0.5285313460946044,2025-09-27,False
D000768,Michael Bowman,+1-826-381-7229x11344,steve66@example.com,Kolkata,2024-12-16,2,0.745708028756576,2025-09-27,False
D000769,Rachel Miller,(685)900-6316x97497,yvette32@example.net,Delhi,2025-09-26,4,0.7810872935908224,2025-09-27,False
D000770,Deborah Mccormick,8855164865,craigalexander@example.com,Bhopal,2024-12-03,7,0.42053408639520273,2025-09-27,False
D000771,Amanda Sloan,+1-717-682-6947x11987,joseph30@example.com,Delhi,2024-06-15,1,0.7368781148920449,2025-09-27,False
D000772,Jodi Howard,001-660-929-6320,brewermichelle@example.net,Indore,2024-04-09,4,0.4564215935918107,2025-09-27,False
D000773,Kathryn Clark,+1-516-436-1546x9717,olsontabitha@example.org,Delhi,2025-07-07,6,0.6375501703458603,2025-09-27,False
D000774,Scott Miles,699.920.4038x033,erinthomas@example.org,Nagpur,2024-03-03,5,0.426890982088689,2025-09-27,True
D000775,Sandra Hernandez,866-278-6779x8643,kempjennifer@example.org,Pune,2025-07-29,4,0.7640582186680832,2025-09-27,False
D000776,Darlene Fuentes,+1-949-868-1761x27351,zfriedman@example.org,Nagpur,2023-10-14,5,0.648626943295439,2025-09-27,False
D000777,Susan Ortega,375-684-8509,soniamoore@example.org,Mumbai,2024-07-06,4,0.8272736966010902,2025-09-27,False
D000778,Michelle Salinas,438-562-8607,calvinhernandez@example.net,Kanpur,2025-04-22,2,0.7401922068812611,2025-09-27,False
D000779,John Morgan,(223)701-0155x2404,colin73@example.com,Bengaluru,2023-12-22,3,0.4982434834781056,2025-09-27,False
D000780,Mark Wagner,971-948-8071,ryanjanet@example.net,Kolkata,2024-08-09,6,0.22442886754516347,2025-09-27,True
D000781,John Harris,921-709-0743,mmelendez@example.net,Pune,2024-06-01,1,0.7630424257419253,2025-09-27,False
D000782,Lisa Miller,286.499.6824,floreszachary@example.net,Thane,2024-11-17,2,0.4872949256235932,2025-09-27,False
D000783,Teresa Butler,001-436-433-5496x958,landerson@example.org,Kolkata,2024-06-30,6,0.7333428259462565,2025-09-27,False
D000784,Stacy Lopez,875-474-3854x1250,halldavid@example.org,Bhopal,2024-04-01,2,0.46818516373378294,2025-09-27,False
D000785,Jill Matthews,472-576-7084x1007,brandon32@example.net,Kolkata,2025-08-22,2,0.6181230131785787,2025-09-27,False
D000786,Anita Williams,205-609-1447,sarahmorris@example.net,Hyderabad,2024-06-13,3,0.8467023645439935,2025-09-27,False
D000787,Leslie Mckee,832.282.7915x31773,nataliesmith@example.net,Jaipur,2024-12-16,2,0.6373845030218257,2025-09-27,False
D000788,Kyle Melton,+1-563-394-5400x519,tyler77@example.com,Pune,2025-03-08,0,0.42483074572985946,2025-09-27,False
D000789,Kim Schaefer,679-543-9114,benjaminwright@example.com,Hyderabad,2023-10-19,1,0.8862306950139511,2025-09-27,False
D000790,Jared Nguyen,001-639-459-9902,allenwendy@example.com,Kolkata,2025-09-20,3,0.7750766147157563,2025-09-27,False
D000791,Jennifer Duncan,7696206160,michaelhoffman@example.org,Nagpur,2025-04-04,1,0.6524557256250696,2025-09-27,False
D000792,Ms. Diana Wilson,717.435.3074x735,bettypitts@example.org,Lucknow,2025-01-23,2,0.4263719760811087,2025-09-27,False
D000793,Randall Hall,+1-470-204-2417,hendersonruben@example.com,Indore,2025-05-14,4,0.5966307425496076,2025-09-27,False
D000794,Rebecca Cortez,001-968-751-7314x439,martin03@example.org,Bengaluru,2023-12-09,3,0.45331180946829897,2025-09-27,False
D000795,Abigail Tyler,895.464.5120,rmayo@example.net,Lucknow,2025-05-09,5,0.6586047138467648,2025-09-27,False
D000796,Megan Lewis,951-371-5788x25707,fdiaz@example.net,Mumbai,2025-01-11,3,0.55901980584726,2025-09-27,False
D000797,Nancy Simpson,940.224.9520,jacobmartin@example.net,Kolkata,2025-02-07,1,0.6736623421697431,2025-09-27,False
D000798,Amy Watkins,273.212.6865x845,carl99@example.com,Hyderabad,2025-07-22,3,0.6573710968783899,2025-09-27,False
D000799,Sarah Ferguson,332.423.4615x24030,nguyencrystal@example.net,Kanpur,2025-09-27,4,0.5970450763872516,2025-09-27,False
D000800,Tammy Smith,970.976.2490x2900,jasonstephens@example.net,Nagpur,2023-10-04,3,0.839918873970734,2025-09-27,False
D000801,Nathaniel Joyce,310-603-9679,jarnold@example.net,Lucknow,2024-02-28,4,0.7348772256091239,2025-09-27,False
D000802,Jeremy Gutierrez,+1-322-734-0174x4270,bmiller@example.net,Bengaluru,2024-05-19,2,0.6370789729395399,2025-09-27,False
D000803,Jonathan Mcmahon,780.252.2028x036,sandovalbrenda@example.net,Lucknow,2024-02-22,4,0.8236347049813619,2025-09-27,False
D000804,Amanda Stewart,001-370-826-5640x93025,vargassergio@example.org,Kanpur,2024-08-07,3,0.4105045784931804,2025-09-27,True
D000805,Jose Church,978.251.3932x24463,bestzachary@example.net,Nagpur,2024-10-06,2,0.6526826282529649,2025-09-27,False
D000806,Douglas Blanchard,(991)509-7376,carol00@example.org,Chennai,2024-05-16,2,0.8676972448338993,2025-09-27,False
D000807,Kevin Stevens,717.851.4343x4861,jakejohnson@example.org,Lucknow,2024-12-04,2,0.614322139604266,2025-09-27,False
D000808,David Buckley,(908)699-4887x2115,michaelgomez@example.net,Pune,2024-05-09,6,0.5936115706051035,2025-09-27,False
D000809,Jeffrey Shannon,529-480-2584,alexanderstacey@example.org,Nagpur,2023-11-30,2,0.5694065108024241,2025-09-27,False
D000810,Annette Brown,447.647.5279x954,jonesclaudia@example.com,Mumbai,2025-01-20,5,0.5631102534904657,2025-09-27,False
D000811,Kevin Hurley,001-789-568-9948x36531,ulopez@example.org,Chennai,2024-07-22,2,0.545846725360793,2025-09-27,False
D000812,Gloria Thompson,(499)321-7532,thorntonmatthew@example.com,Chennai,2024-03-20,2,0.5773986448281944,2025-09-27,False
D000813,Jennifer Carpenter,475-573-8916x3731,lmolina@example.com,Kanpur,2024-04-18,3,0.5694723876742244,2025-09-27,False
D000814,Mr. Christopher Armstrong,443-974-9957,vmorris@example.org,Chennai,2025-01-11,3,0.7458600570673444,2025-09-27,False
D000815,Teresa Coleman,571-546-5993,christensennicole@example.net,Bhopal,2025-09-06,5,0.5798599309551349,2025-09-27,False
D000816,Harry Ross,(567)802-8049x706,brian43@example.net,Indore,2025-04-25,5,0.13248345993121086,2025-09-27,True
D000817,Joshua Williams,(346)668-1953,scott44@example.org,Pune,2024-01-17,1,0.415207940403984,2025-09-27,False
D000818,Karl Rangel,+1-522-234-7242x85874,daniel48@example.net,Nagpur,2024-02-16,3,0.8859226506627423,2025-09-27,False
D000819,Amy Cooper,6235689049,hornwilliam@example.net,Bhopal,2025-03-04,4,0.656594945854915,2025-09-27,False
D000820,Tiffany Stephenson,733.898.8860x189,yhouse@example.net,Bengaluru,2024-10-24,2,0.5663647382551895,2025-09-27,False
D000821,Debra Harris,001-301-855-7966x345,robertyoung@example.com,Kolkata,2025-01-04,0,0.6283652964429202,2025-09-27,False
D000822,Emily Holloway,742-793-6047,ericavaldez@example.com,Pune,2024-02-20,4,0.4483472798937836,2025-09-27,False
D000823,Emily Lara,531.266.6522x12176,dennissarah@example.com,Pune,2024-07-06,2,0.42352918973000947,2025-09-27,True
D000824,Adam Lutz,387.731.3244,youngmary@example.org,Thane,2024-12-27,3,0.7917507512939544,2025-09-27,True
D000825,Roger Davis,001-958-220-4988x84596,newtonlaura@example.com,Thane,2025-01-04,5,0.8544327031595018,2025-09-27,False
D000826,Linda Hartman,(300)496-8910x1253,charles40@example.com,Kanpur,2024-12-27,5,0.879435936595205,2025-09-27,False
D000827,Melissa Bennett,583.456.4781,david33@example.net,Mumbai,2024-10-18,6,0.623775927553031,2025-09-27,False
D000828,Karen Smith,(501)267-0489x9833,garylucas@example.net,Indore,2025-03-24,2,0.44348351012796655,2025-09-27,False
D000829,Gabrielle Flynn,276.661.3971x68029,xproctor@example.com,Pune,2024-01-21,3,0.7970911726585919,2025-09-27,False
D000830,Wanda Small,001-369-555-6982x7928,weavertyler@example.net,Bengaluru,2025-02-23,2,0.8803731513856777,2025-09-27,False
D000831,Ronald Roberts,+1-675-401-0903x9157,allenjessica@example.net,Delhi,2024-04-04,0,0.6670698480678486,2025-09-27,False
D000832,Tiffany Summers,709.247.2585x523,kcontreras@example.com,Bengaluru,2024-05-17,5,0.4845809469212101,2025-09-27,False
D000833,Nina Mills,001-262-749-0505x7001,robertsmith@example.net,Kolkata,2024-01-31,1,0.429525072229136,2025-09-27,False
D000834,Javier Johnson,+1-938-951-3174,ronaldnoble@example.org,Ahmedabad,2024-01-20,6,0.5922579068531333,2025-09-27,False
D000835,Christopher Tyler,+1-773-514-8641x4338,matthewpark@example.org,Nagpur,2025-03-06,1,0.567921743519658,2025-09-27,False
D000836,Ricky Nichols,(397)234-2180x16963,tonydavis@example.com,Kanpur,2024-11-01,3,0.6522514620274179,2025-09-27,False
D000837,Linda Thomas,+1-665-570-0588x695,johnkim@example.com,Kanpur,2025-04-14,1,0.6564314396884956,2025-09-27,False
D000838,Ronald Snow,987-710-1624,elliottfrank@example.com,Kanpur,2024-08-11,4,0.8629136872217587,2025-09-27,False
D000839,Gregg Gonzalez,(453)236-3823x447,dlopez@example.com,Chennai,2024-03-25,1,0.5972396954194288,2025-09-27,False
D000840,David Booth,(492)977-7733x74478,thomas14@example.net,Thane,2024-12-29,2,0.656977723345354,2025-09-27,False
D000841,Brandon Contreras,249-236-8872,tschwartz@example.org,Pune,2025-05-11,4,0.5367372576874899,2025-09-27,False
D000842,Michael Santiago,(236)713-6550,kingjared@example.com,Hyderabad,2025-03-17,2,0.7736487787799284,2025-09-27,True
D000843,Robert Rice,6108822328,ewalsh@example.net,Lucknow,2024-10-11,2,0.8874521364051176,2025-09-27,False
D000844,Lisa Duffy,6207100810,jorozco@example.org,Lucknow,2023-12-08,4,0.8249732479725942,2025-09-27,False
D000845,Kimberly Watts,(628)890-6962x744,matthew57@example.net,Pune,2024-08-22,1,0.6980713247749485,2025-09-27,False
D000846,Thomas Daniels,+1-431-986-0280x1892,kathryncollins@example.net,Thane,2025-04-17,4,0.8689128999925335,2025-09-27,False
D000847,Makayla Rodriguez,001-983-769-5538,stephaniekelly@example.com,Bengaluru,2024-12-04,1,0.573911173716523,2025-09-27,False
D000848,Adam Lozano,+1-600-331-6694x13429,roytaylor@example.net,Ahmedabad,2024-07-16,3,0.7801641107020689,2025-09-27,False
D000849,Corey Nolan,803.619.7229x790,kwalton@example.net,Jaipur,2025-06-15,2,0.8882282647177051,2025-09-27,False
D000850,Jonathan Ortega,829.812.9439x16079,richstephen@example.net,Bengaluru,2025-03-13,3,0.533896237261317,2025-09-27,False
D000851,Ashley Bailey,6046779649,timothy15@example.org,Indore,2025-07-10,5,0.7507826328014712,2025-09-27,True
D000852,Jennifer Johnson,744.974.4675x9500,rossashley@example.org,Chennai,2024-09-01,1,0.8331164351338352,2025-09-27,False
D000853,Amanda Bishop,935-417-7339,fsingh@example.com,Kanpur,2023-10-22,6,0.7311589567697911,2025-09-27,False
D000854,Nathan Barber,537.209.0971x98142,deleonedward@example.net,Ahmedabad,2025-04-11,3,0.4010382588000406,2025-09-27,False
D000855,Jennifer Calderon,001-911-865-9972,fmitchell@example.net,Lucknow,2025-06-14,5,0.5164292784380471,2025-09-27,False
D000856,Gary Castillo,+1-893-756-8750x637,elizabethmichael@example.org,Mumbai,2024-10-14,3,0.6230852189063483,2025-09-27,False
D000857,Billy Harris,(749)292-4626x06083,zlewis@example.org,Pune,2025-05-06,4,0.8039786640545095,2025-09-27,False
D000858,Martin Bray,794.681.7027x8672,rebecca09@example.com,Jaipur,2025-03-30,1,0.1949322502807007,2025-09-27,True
D000859,Lindsay Morris,671.602.9582,ldawson@example.com,Delhi,2024-04-06,2,0.7194815109866424,2025-09-27,False
D000860,Alan Lawson,+1-459-424-9082x02608,denise02@example.net,Thane,2024-05-12,2,0.6160052794651814,2025-09-27,False
D000861,Duane Wise,+1-740-519-1285,iclark@example.net,Pune,2025-03-01,1,0.4727577413936796,2025-09-27,False
D000862,Andrew Harper,(529)674-2099x613,robert05@example.com,Thane,2024-09-30,4,0.7711493783669722,2025-09-27,False
D000863,James Monroe,908-942-5550,schmidtkimberly@example.net,Thane,2024-09-18,1,0.5287396082462347,2025-09-27,False
D000864,Daniel Bird,4697324518,deborahchen@example.net,Kolkata,2025-08-28,2,0.8847454497030891,2025-09-27,False
D000865,Michael Jimenez,2733005367,avaldez@example.net,Bhopal,2024-11-16,4,0.6320002140982132,2025-09-27,False
D000866,Joseph James,9095095361,mcolon@example.com,Indore,2024-03-26,1,0.7483444939365984,2025-09-27,False
D000867,Christopher Russell,+1-303-460-7376,kstevens@example.org,Kolkata,2024-06-11,2,0.44588880323558794,2025-09-27,False
D000868,Christina Carson,(323)929-9645x20407,gsmith@example.org,Kanpur,2024-12-22,4,0.6195653304024253,2025-09-27,True
D000869,Jeanne Schaefer,+1-532-477-7051x911,erika41@example.net,Bengaluru,2024-11-29,1,0.6963480333214389,2025-09-27,False
D000870,Michael Mills,445-361-1503,weaveranne@example.com,Jaipur,2025-08-08,4,0.6626591322253608,2025-09-27,False
D000871,Jocelyn Ramirez,751-922-0364x61026,flynnsamantha@example.com,Hyderabad,2024-12-07,7,0.5715258662598253,2025-09-27,False
D000872,Brenda Castro,975.990.8140x612,carolynnguyen@example.com,Delhi,2025-04-08,0,0.46984618630146935,2025-09-27,False
D000873,Jennifer Chung,677.708.1786,william41@example.org,Indore,2025-09-27,2,0.7353825127215179,2025-09-27,False
D000874,Amber Garrison,988-753-0668,scottnelson@example.com,Lucknow,2025-08-26,3,0.6230746282285848,2025-09-27,False
D000875,Casey Small,+1-564-451-9599x63936,westerika@example.net,Hyderabad,2025-05-19,4,0.8218643963551288,2025-09-27,False
D000876,Kimberly Lewis,793-962-6389,michellesavage@example.org,Jaipur,2023-10-24,6,0.6005739847458988,2025-09-27,False
D000877,Kathy Cook,001-925-695-3827x18041,jacquelinepatel@example.net,Jaipur,2025-03-23,1,0.4245023224856368,2025-09-27,False
D000878,Bailey Schneider,(833)892-1146x617,abigail99@example.org,Thane,2025-09-09,6,0.819199819046095,2025-09-27,False
D000879,Willie Tucker,001-637-723-9560,nicholas29@example.org,Indore,2024-07-20,2,0.4630550708393125,2025-09-27,False
D000880,Vicki Compton,001-430-491-6763x8694,donna61@example.org,Jaipur,2024-11-26,2,0.656417681217571,2025-09-27,False
D000881,Andrew Lopez,+1-832-396-4235x89268,kyle85@example.net,Indore,2024-12-29,6,0.7737603183732524,2025-09-27,False
D000882,Catherine Romero,925-868-7007x947,melaniehuynh@example.com,Chennai,2023-12-16,3,0.6898964219164776,2025-09-27,False
D000883,Erica Brown,001-794-615-5376,blakesara@example.org,Thane,2024-02-27,3,0.6417872928519337,2025-09-27,True
D000884,Kathryn Nelson,001-776-896-4545x4973,craig98@example.net,Lucknow,2024-01-05,4,0.5164395730759075,2025-09-27,False
D000885,Lisa Wilson,551-372-9701,imcdonald@example.net,Jaipur,2024-06-14,5,0.40116170306596516,2025-09-27,False
D000886,Mrs. Kristen Alvarez,592.928.4284,ryanquinn@example.org,Jaipur,2024-06-18,3,0.5328427824331318,2025-09-27,False
D000887,Scott Bradley,3737465885,kimberlykennedy@example.com,Kolkata,2025-03-10,3,0.6728343324843173,2025-09-27,False
D000888,Daniel Ramirez,763.215.5614x786,atkinsjose@example.net,Nagpur,2025-01-05,2,0.8091539088376515,2025-09-27,False
D000889,Joshua King,+1-495-557-6077x5666,karencoffey@example.net,Pune,2025-08-19,1,0.7977891881287933,2025-09-27,False
D000890,Nicole Marshall,001-315-757-0494,murphydalton@example.net,Hyderabad,2024-11-19,4,0.5184247352982732,2025-09-27,False
D000891,Mark Howard,351-228-9569x72351,lori12@example.net,Jaipur,2023-12-05,2,0.42734658728813385,2025-09-27,True
D000892,Samantha Barnes,8732364973,danafoster@example.com,Indore,2024-03-03,0,0.6277833909950544,2025-09-27,False
D000893,Christy Brown,742.489.9250x7819,lisa61@example.org,Bhopal,2024-04-28,2,0.49171182174897804,2025-09-27,True
D000894,Kari Harris,(257)546-3238,howellsteven@example.net,Thane,2025-06-01,5,0.7903496520858144,2025-09-27,False
D000895,April Hughes,(773)890-5434,zgonzalez@example.org,Chennai,2023-11-29,3,0.7810648102251623,2025-09-27,False
D000896,Johnny Miller,001-401-665-5270,obrown@example.net,Lucknow,2025-01-23,6,0.40185120341620845,2025-09-27,False
D000897,Luis Arnold,983-230-5125x003,burgessdeanna@example.net,Jaipur,2025-08-25,2,0.5876606728865069,2025-09-27,False
D000898,Robin Carr,236-423-2386x272,josephdouglas@example.net,Jaipur,2024-10-07,5,0.42309824160081444,2025-09-27,False
D000899,Danielle Klein,001-458-872-8516x514,zacharyedwards@example.org,Lucknow,2024-05-29,3,0.5325853705916779,2025-09-27,False
D000900,Christopher Willis,(952)278-3338x4968,imathis@example.net,Nagpur,2025-08-22,1,0.7850106142279143,2025-09-27,False
D000901,Michael Lewis,001-737-501-3589x309,smithfrank@example.net,Kolkata,2024-02-05,3,0.4500774987533835,2025-09-27,False
D000902,Michael Middleton,(742)566-5591,josephmurphy@example.net,Bengaluru,2025-03-04,2,0.5997161395154272,2025-09-27,False
D000903,Teresa Tucker,+1-726-410-2454x618,grayamy@example.com,Chennai,2024-10-03,4,0.43503434786059475,2025-09-27,False
D000904,Michael Sexton,598.767.0212x411,tjohnson@example.com,Bhopal,2024-08-31,7,0.5806080294879059,2025-09-27,False
D000905,Nicole Miller,733-736-0829,vconley@example.org,Pune,2024-08-07,2,0.41720160422672914,2025-09-27,False
D000906,Michael Lindsey,293-738-8414,jessica21@example.net,Ahmedabad,2024-04-04,5,0.21450280209282413,2025-09-27,True
D000907,Deborah Anderson,772-208-4709x55063,michael75@example.org,Kolkata,2025-04-05,1,0.721859903162473,2025-09-27,False
D000908,Katrina Garrett,+1-237-642-4208x43539,tmiles@example.net,Thane,2024-04-19,3,0.48125553264872817,2025-09-27,False
D000909,Mr. Christopher Sanchez,682-522-4251x30961,bbooth@example.org,Chennai,2025-08-18,3,0.744895623656433,2025-09-27,False
D000910,Randy Johnson,001-456-267-2750x79726,whitejonathan@example.net,Lucknow,2024-01-25,2,0.7752720818768688,2025-09-27,False
D000911,Tracy Mitchell,255.232.2374x01848,meganfarley@example.com,Delhi,2024-10-05,4,0.5053815497149532,2025-09-27,False
D000912,Antonio Crawford,556-337-0698,walkerlisa@example.org,Nagpur,2024-12-04,1,0.6988162199344502,2025-09-27,False
D000913,William Hoover,+1-471-683-7418x098,rachel72@example.net,Nagpur,2024-10-06,3,0.713401315032422,2025-09-27,False
D000914,Melissa Harrison,+1-981-545-0547,brittany56@example.org,Pune,2024-03-19,2,0.5454996947823316,2025-09-27,False
D000915,Robert Hudson,+1-215-227-4259x929,danielbarnes@example.org,Mumbai,2024-04-24,4,0.18959043951823365,2025-09-27,True
D000916,Kathleen Davenport,+1-334-315-5492,alisonpatel@example.net,Hyderabad,2024-03-09,6,0.47471812925914714,2025-09-27,False
D000917,Michael Fisher,942-921-6063x3759,kevinaguirre@example.net,Kolkata,2025-04-15,3,0.6031661154818839,2025-09-27,False
D000918,Tara Jones,001-243-836-8642,rgraves@example.org,Bengaluru,2025-05-28,2,0.4141143798253532,2025-09-27,False
D000919,Joel Taylor,001-824-774-5649,ubauer@example.org,Pune,2025-01-09,2,0.8829183344037919,2025-09-27,False
D000920,Joshua Ward,578.537.4839,timothy06@example.org,Kolkata,2023-10-04,4,0.6063391241895746,2025-09-27,False
D000921,Sherry Tucker,(765)417-8261x02358,kperez@example.net,Jaipur,2025-04-15,3,0.7663063496201994,2025-09-27,False
D000922,Evan Wilson,3548204347,kevinflores@example.net,Thane,2025-04-14,2,0.5033988380220721,2025-09-27,False
D000923,Lisa Haynes,+1-955-672-3556x087,kiara88@example.org,Lucknow,2024-04-03,2,0.5344284564520858,2025-09-27,False
D000924,Eddie Reed,587-344-5621x4182,christopherharris@example.net,Bhopal,2024-09-25,2,0.7950416249857188,2025-09-27,False
D000925,Richard Frazier,(948)923-7661,leestephanie@example.com,Delhi,2025-02-05,3,0.4670124471594959,2025-09-27,False
D000926,Tiffany Hardy,250-696-2853x49743,christina17@example.com,Kanpur,2024-03-05,6,0.8682466656551129,2025-09-27,False
D000927,Jeff French,470-952-0834x467,coreyjackson@example.org,Nagpur,2024-07-06,3,0.8704381337473545,2025-09-27,False
D000928,Kristin Adams,8818254102,moorejason@example.net,Kanpur,2024-09-06,2,0.7225750416504517,2025-09-27,True
D000929,Terry Pena,599.282.2501,pmoreno@example.net,Nagpur,2023-11-21,3,0.40718647588888884,2025-09-27,True
D000930,Allison Anderson,+1-293-988-9420,lewisjamie@example.org,Kolkata,2024-08-05,1,0.6710076492398631,2025-09-27,False
D000931,Lauren Graham,890.485.7756,villanuevaelaine@example.com,Bhopal,2024-02-14,4,0.5617214275500984,2025-09-27,False
D000932,Leslie Wallace,7576152711,oorr@example.org,Delhi,2024-05-12,3,0.8811690287406034,2025-09-27,False
D000933,Dr. Nicole Mora,+1-511-895-5093,sharonsmith@example.com,Kolkata,2025-02-21,2,0.4597244419821429,2025-09-27,False
D000934,Bryan Young,(567)683-4879,kingjacob@example.org,Chennai,2024-01-17,3,0.6734577568965621,2025-09-27,False
D000935,Teresa Mendoza,+1-789-554-6384x7245,davidjones@example.net,Mumbai,2023-10-12,2,0.8815470654489013,2025-09-27,False
D000936,Heather Little,3179665063,vjordan@example.net,Thane,2025-08-25,2,0.7599984013137231,2025-09-27,False
D000937,Jeffrey Mcfarland,200.912.3065x6471,jennifer45@example.net,Indore,2025-06-19,4,0.5600283634426455,2025-09-27,False
D000938,Natalie Davis,562-694-6081,todd72@example.org,Mumbai,2024-06-18,3,0.613770927679856,2025-09-27,False
D000939,Elijah Ruiz,(366)536-7579,michaelreyes@example.net,Mumbai,2025-03-23,3,0.4958356594151372,2025-09-27,False
D000940,Ashley Logan,(355)430-1382,lopezmark@example.org,Kanpur,2024-10-02,5,0.6451562447049142,2025-09-27,False
D000941,Kenneth Thompson,829-292-5644,traci45@example.org,Pune,2024-10-03,8,0.8891654038386239,2025-09-27,False
D000942,Brittany White,553.307.0144x5035,ogrant@example.com,Kanpur,2024-07-25,2,0.5535438716801244,2025-09-27,True
D000943,Lisa Willis,938-388-3871x22102,douglaschristopher@example.org,Bengaluru,2024-01-09,3,0.8827589591173832,2025-09-27,False
D000944,Aaron Andersen,759.537.6807x9669,stephaniewilliams@example.net,Delhi,2024-06-09,2,0.7655051745697417,2025-09-27,False
D000945,David Nelson,(569)813-1049x866,zwilliams@example.net,Kolkata,2024-12-12,0,0.609466488991973,2025-09-27,False
D000946,Brenda Carter,285.327.5403,jjohnson@example.org,Delhi,2024-07-03,7,0.8104596068065002,2025-09-27,False
D000947,Whitney Miller,+1-776-546-3754x029,conniebowers@example.net,Kanpur,2025-05-28,2,0.6465150625794012,2025-09-27,False
D000948,Catherine Johnson,898.584.1800x22369,ytrujillo@example.net,Ahmedabad,2024-07-13,5,0.7511993605402993,2025-09-27,False
D000949,Troy Farrell,826-716-5889x2634,wilkersontimothy@example.net,Ahmedabad,2024-03-03,2,0.4568230193483597,2025-09-27,True
D000950,Eric Knight,+1-653-520-4683x46509,kimberlymiller@example.com,Bhopal,2024-04-14,4,0.6940630327339274,2025-09-27,False
D000951,William Smith,355.334.7302x95543,evanpetersen@example.com,Kolkata,2024-07-09,2,0.12270435134383684,2025-09-27,True
D000952,Miguel Morris,+1-813-481-1156x59905,grayamanda@example.net,Chennai,2024-05-07,3,0.6356608970525341,2025-09-27,False
D000953,Charles Rodgers,(860)547-6520x207,brittany95@example.net,Ahmedabad,2025-03-06,4,0.7125457763432643,2025-09-27,False
D000954,Andrew Brown,531.507.3755x068,masseyjames@example.com,Bhopal,2024-08-08,3,0.7399858550446882,2025-09-27,False
D000955,Michelle Rodriguez,001-569-723-2999x9142,jasonrichmond@example.org,Lucknow,2024-12-15,3,0.5505877934986794,2025-09-27,False
D000956,Barbara Cox,001-338-669-3370x691,nicholashurst@example.net,Indore,2024-09-19,2,0.5023597269749995,2025-09-27,False
D000957,Kelly Meyer,9676791262,jhill@example.net,Kolkata,2024-10-27,1,0.7129205974911879,2025-09-27,False
D000958,James Haynes,+1-224-421-1823x39869,elizabeth70@example.org,Kanpur,2025-01-28,2,0.8412045932218943,2025-09-27,False
D000959,Dominic Morrison,(619)912-3806,kimberlyrobinson@example.com,Mumbai,2024-12-20,2,0.45816586356663064,2025-09-27,False
D000960,Kathleen Olson,+1-431-439-7171x906,wscott@example.com,Nagpur,2023-11-04,1,0.5800498153910567,2025-09-27,False
D000961,Karl Hansen,947-407-8479,fsimpson@example.com,Kanpur,2024-09-08,4,0.745963681633296,2025-09-27,False
D000962,Jacqueline Evans,+1-869-960-8363x94269,jillbishop@example.net,Delhi,2023-12-01,4,0.847003598958403,2025-09-27,False
D000963,Sherry Gonzalez,(257)328-2228,ireynolds@example.net,Lucknow,2024-02-05,2,0.5686062452031428,2025-09-27,False
D000964,Taylor Benson,(577)850-6333x8318,harrissandra@example.com,Ahmedabad,2025-08-19,5,0.533971375053424,2025-09-27,False
D000965,Michael Navarro PhD,787.547.7818x352,riceraymond@example.org,Bhopal,2025-02-24,2,0.7536141641677117,2025-09-27,False
D000966,Carlos Bell,638-990-4349,zandrews@example.org,Thane,2025-05-26,1,0.4882198852351752,2025-09-27,False
D000967,Kara Wilkinson,(392)274-6095,wrodriguez@example.net,Lucknow,2025-07-16,5,0.5893516777905796,2025-09-27,False
D000968,David Jacobson,(513)211-5823,monicasuarez@example.org,Nagpur,2025-03-15,4,0.6720630009815505,2025-09-27,False
D000969,Yesenia Howard,+1-486-254-4223x4049,thomas04@example.org,Bengaluru,2023-10-30,4,0.6319049123371882,2025-09-27,False
D000970,Olivia Gomez,221-522-7682x040,bryansean@example.org,Kanpur,2024-09-24,0,0.6001649342053792,2025-09-27,False
D000971,Leslie Douglas,774.914.4180,douglas92@example.net,Bhopal,2025-01-08,6,0.6310196714197778,2025-09-27,False
D000972,Michael West,001-479-804-9903,hannahwalter@example.org,Nagpur,2024-12-16,2,0.7191122075203058,2025-09-27,False
D000973,Alexis Santos,001-664-980-4841,blara@example.org,Jaipur,2024-09-13,8,0.8019299431244113,2025-09-27,False
D000974,Ashley Gallegos,001-406-651-9352x742,timothy46@example.com,Delhi,2024-03-18,4,0.8832953851116584,2025-09-27,False
D000975,Daniel Stout,812-340-8144x94394,megan34@example.net,Ahmedabad,2024-04-11,7,0.5858634923082303,2025-09-27,True
D000976,Robert Evans,(260)819-8636,whitneyaustin@example.com,Ahmedabad,2025-06-04,0,0.7155940390300356,2025-09-27,False
D000977,Nicholas Barton,(684)716-9341,williamsbrandi@example.net,Ahmedabad,2025-03-23,3,0.8043997222505754,2025-09-27,False
D000978,Jamie Evans,+1-499-247-4116x81457,rebeccaroberts@example.com,Bhopal,2024-12-01,3,0.4972317595911569,2025-09-27,False
D000979,Corey Owen,434.536.4736,dyerchad@example.com,Lucknow,2025-07-19,1,0.7090514827808485,2025-09-27,False
D000980,Carl Jimenez,001-282-811-1426x6243,patrick08@example.org,Delhi,2025-01-15,1,0.6211677290251078,2025-09-27,False
D000981,Edward Moran,(533)896-2053,christianjeremy@example.net,Jaipur,2024-10-22,2,0.4187831147719903,2025-09-27,False
D000982,Linda Hodge,+1-708-399-1783x1902,cunninghamnicholas@example.net,Hyderabad,2025-06-14,2,0.46285295325605785,2025-09-27,False
D000983,Renee Mayer,001-651-218-8296x9649,carterdavid@example.org,Hyderabad,2024-05-02,2,0.7226188222766659,2025-09-27,False
D000984,Kristen Williams,690.992.6744x76638,cisnerosjames@example.com,Kanpur,2024-11-20,5,0.8996681399917521,2025-09-27,False
D000985,Nathan Edwards,(417)631-8566x29894,rking@example.org,Pune,2025-07-14,0,0.684615106045724,2025-09-27,False
D000986,Mario Smith,867-761-8197x25483,ocarpenter@example.net,Lucknow,2025-03-01,4,0.6328627888337488,2025-09-27,False
D000987,Tracy Wong,+1-213-304-2504x27680,jodi23@example.org,Indore,2025-04-11,4,0.43005427803919793,2025-09-27,False
D000988,Gregory Hutchinson,+1-403-301-1676x5508,harrisonbriana@example.com,Kolkata,2025-08-03,4,0.7706543541753812,2025-09-27,False
D000989,Sandra Wilson,001-449-229-0465,jonesmaria@example.com,Lucknow,2024-07-12,3,0.5233282234223889,2025-09-27,False
D000990,Kimberly Salinas,383.915.0521x53824,roseshawn@example.net,Hyderabad,2023-11-20,4,0.7243675694378671,2025-09-27,False
D000991,Erika Keith,001-984-306-3302,cynthia30@example.net,Delhi,2025-02-18,4,0.1860904671088762,2025-09-27,True
D000992,David Chavez,001-566-593-8004x413,hannahconner@example.org,Delhi,2023-11-26,6,0.6068664487901649,2025-09-27,False
D000993,William Lewis,+1-865-580-3588,bsavage@example.net,Chennai,2024-11-08,0,0.5761154875353727,2025-09-27,False
D000994,Anthony Soto,744-901-5585,martha82@example.org,Delhi,2025-08-12,1,0.8429610572217126,2025-09-27,False
D000995,Elizabeth Curry,+1-767-612-1157x30066,romerojennifer@example.com,Pune,2024-11-07,4,0.5311371609074924,2025-09-27,False
D000996,Kendra Neal,+1-782-503-9856x4161,martinalbert@example.com,Thane,2023-12-23,4,0.7673809056776721,2025-09-27,False
D000997,Jordan Whitehead,223.304.9458x057,thompsonpamela@example.org,Jaipur,2025-02-02,4,0.46306882900807605,2025-09-27,False
D000998,Matthew Garcia,+1-804-730-2929,cheyenne55@example.org,Thane,2023-10-06,3,0.4720016119599111,2025-09-27,False
D000999,Erin Bennett,5954000196,patriciabowen@example.org,Hyderabad,2024-10-16,1,0.6758439839032309,2025-09-27,False
D001000,Andrew Nguyen,927-499-0280x7088,krose@example.net,Pune,2024-07-14,1,0.6495849166313309,2025-09-27,False
D001001,Timothy Gomez,552-790-1316,rosekrista@example.net,Hyderabad,2024-09-30,2,0.573644237152849,2025-09-27,False
D001002,Mark Bates,(683)598-2674x54654,xduran@example.net,Nagpur,2025-08-28,6,0.8732992863891693,2025-09-27,False
D001003,Marissa Murphy,(230)934-8021x18764,kellykelly@example.com,Lucknow,2024-07-10,6,0.7748071421938867,2025-09-27,False
D001004,Kyle White,+1-706-856-9123,sking@example.net,Bengaluru,2024-03-12,2,0.4974202458276821,2025-09-27,False
D001005,Jermaine Nelson,001-991-797-6992x6393,heatherwells@example.net,Mumbai,2024-10-07,3,0.4328991088976195,2025-09-27,False
D001006,Carrie Mcpherson,539-510-7012x351,millervanessa@example.org,Pune,2025-01-27,2,0.5859183922832097,2025-09-27,True
D001007,Kyle Weaver,386-407-8318,maria41@example.net,Bhopal,2025-03-02,5,0.729199797688521,2025-09-27,False
D001008,Thomas Moran,363-406-4801x8354,kristenkent@example.com,Nagpur,2024-04-04,3,0.7914243089933288,2025-09-27,False
D001009,Autumn Donovan,258-707-1082,frankbarker@example.com,Pune,2024-03-10,2,0.7736180690197751,2025-09-27,False
D001010,Natasha Johnson,(331)882-3572,ucarter@example.net,Jaipur,2023-10-25,1,0.5058990749407514,2025-09-27,False
D001011,Lisa Deleon,(458)214-1565x010,ymarquez@example.com,Pune,2025-08-24,2,0.8176220300794328,2025-09-27,False
D001012,Sara Fields,713-946-2538x41559,hillcrystal@example.com,Indore,2024-10-06,2,0.5630530283193967,2025-09-27,False
D001013,Deanna Banks,+1-503-965-4048x84816,browncassie@example.net,Jaipur,2024-09-24,4,0.4942499263977806,2025-09-27,False
D001014,James Holloway,+1-664-694-8072x1422,omay@example.com,Kolkata,2025-05-30,5,0.7718012587803089,2025-09-27,False
D001015,Amanda Williamson,+1-201-940-3184x33254,xhill@example.net,Delhi,2024-02-06,2,0.7805029914747776,2025-09-27,False
D001016,Veronica Roberson,001-346-881-6793,michellecooley@example.org,Kanpur,2024-12-25,1,0.5416095419048337,2025-09-27,False
D001017,Cindy Gregory,8139077573,scottstephen@example.org,Delhi,2024-01-17,2,0.4774206973237275,2025-09-27,False
D001018,Linda Torres,+1-271-260-7621x3621,brittany01@example.net,Chennai,2024-12-29,2,0.7737564852912384,2025-09-27,False
D001019,Madison Gonzalez,+1-449-754-9161x5283,anna85@example.net,Delhi,2025-08-02,2,0.7534017981052525,2025-09-27,False
D001020,Krystal Quinn,483-830-8876,edwardsbrandi@example.com,Chennai,2025-03-12,6,0.6188231513288011,2025-09-27,False
D001021,Tara Ponce,001-469-544-8989x2176,mathishaley@example.net,Indore,2025-04-30,0,0.4955310696731791,2025-09-27,False
D001022,Brandon Medina,399-680-2768x661,tharding@example.net,Thane,2024-03-16,4,0.4587509201061867,2025-09-27,False
D001023,Crystal Johnson,462-627-8395,jacksonholly@example.org,Indore,2024-02-20,4,0.6600674238923425,2025-09-27,False
D001024,Laura Pena,+1-559-928-8812x778,joanne27@example.net,Lucknow,2025-03-27,3,0.8347705844296092,2025-09-27,False
D001025,Robert Pitts,(852)303-4462x50000,nataliedaugherty@example.org,Indore,2025-08-25,1,0.1995636330490864,2025-09-27,True
D001026,Amy White MD,+1-411-794-4459x084,fmullen@example.com,Jaipur,2024-03-23,3,0.6031832026387307,2025-09-27,False
D001027,Tami Ferguson,(820)922-6335x19572,jeffrey03@example.com,Lucknow,2025-04-06,3,0.5728284677709297,2025-09-27,False
D001028,Bonnie Wilson,+1-446-440-9377x3283,pavila@example.net,Pune,2025-01-07,2,0.6623361533428112,2025-09-27,False
D001029,Austin Anderson,(359)947-5933x678,gcurry@example.net,Ahmedabad,2025-04-13,3,0.7388407705588491,2025-09-27,False
D001030,Tina Moore,(273)369-4635,omckinney@example.net,Kanpur,2025-04-27,3,0.8492984552844851,2025-09-27,False
D001031,Joshua Hall,+1-638-726-8940x7284,zshaw@example.org,Bhopal,2025-06-24,3,0.1813115644212792,2025-09-27,True
D001032,Thomas Mcdaniel,267-416-5269x171,charles50@example.net,Chennai,2024-05-01,2,0.46748924303582107,2025-09-27,False
D001033,Jennifer Thomas,641.825.4649x6130,eddiejohnson@example.com,Mumbai,2024-03-24,4,0.4364226487725999,2025-09-27,False
D001034,Nicholas Hicks,256-637-4066x269,gary83@example.org,Chennai,2025-06-25,1,0.5728135185180795,2025-09-27,False
D001035,Michael Lewis,578-590-9039,moorejose@example.net,Kolkata,2024-04-06,0,0.8153178823430447,2025-09-27,False
D001036,Anthony Reyes,4025541105,ashleymclaughlin@example.com,Ahmedabad,2024-01-16,2,0.530514195767924,2025-09-27,False
D001037,Larry Scott,(957)659-6904,samanthacook@example.com,Kanpur,2025-01-19,3,0.5863285649470736,2025-09-27,False
D001038,Micheal Nelson,854-722-9128x0267,mooredana@example.net,Kanpur,2025-04-06,4,0.5419390907953566,2025-09-27,False
D001039,Shawn Williams,306.422.9323,jason64@example.com,Lucknow,2025-04-20,4,0.7726988695707697,2025-09-27,False
D001040,Douglas Green,876.723.3788x1013,johnsoncarla@example.com,Jaipur,2025-03-22,4,0.5136610355350137,2025-09-27,False
D001041,Jody Cox,(371)656-7470,qbrown@example.com,Jaipur,2024-12-18,4,0.44466995114593344,2025-09-27,False
D001042,Mary Hamilton,(853)803-6032x384,tbaker@example.org,Pune,2024-12-23,5,0.6875352095427074,2025-09-27,False
D001043,Lydia Bryant,(792)375-7138x831,kenneth29@example.org,Ahmedabad,2024-02-13,3,0.5118012741618356,2025-09-27,False
D001044,John Horne,(275)727-5002,aprilgalvan@example.com,Ahmedabad,2023-11-29,3,0.8442666442622424,2025-09-27,False
D001045,Brian Murphy,+1-884-712-5012x7703,cpierce@example.net,Delhi,2023-12-07,10,0.6591593612145915,2025-09-27,False
D001046,Kathryn Davila,(345)203-7285x54116,sshannon@example.org,Ahmedabad,2024-04-22,0,0.18743750293803932,2025-09-27,True
D001047,Aimee Barber,(261)827-0458x550,cervanteslaura@example.org,Pune,2025-08-30,2,0.6990937499692643,2025-09-27,False
D001048,Johnathan Solis,+1-987-351-2460x7241,scottmichael@example.org,Kolkata,2025-07-31,4,0.8406487728070459,2025-09-27,False
D001049,Samantha Lopez,(313)734-0199,qramos@example.org,Kolkata,2025-05-21,3,0.5436288474385338,2025-09-27,False
D001050,Stephen Garcia,001-392-740-2554,susantaylor@example.org,Indore,2024-10-11,2,0.6130611854862428,2025-09-27,False
D001051,Richard Fletcher,(764)373-1197x84994,tami81@example.com,Bhopal,2023-10-03,8,0.5992393810546073,2025-09-27,False
D001052,Cindy Ramos,(933)598-0112,brian91@example.com,Bhopal,2025-01-05,3,0.6634085830252068,2025-09-27,False
D001053,Daniel Alvarez,001-463-930-8683x75891,jose71@example.org,Kanpur,2024-08-20,7,0.489828482918423,2025-09-27,False
D001054,Hannah Baxter,(830)914-8690x2698,davidsonkimberly@example.net,Bhopal,2025-05-25,0,0.797772195963324,2025-09-27,False
D001055,Lori Mann,+1-620-589-5058x7942,sean72@example.com,Kolkata,2024-08-20,1,0.8678746307622752,2025-09-27,False
D001056,Lori Carrillo,560-555-6956,fergusonbrandon@example.net,Hyderabad,2024-10-18,5,0.4986213330835084,2025-09-27,False
D001057,Gina Cruz,336-263-2235x46963,echavez@example.com,Nagpur,2025-09-20,4,0.8675792861883106,2025-09-27,False
D001058,Jacob Martin,001-641-422-7852x88998,deborah56@example.com,Bengaluru,2025-05-23,2,0.8840110860228694,2025-09-27,False
D001059,Michael Cannon,497.794.2181,sarah45@example.com,Jaipur,2025-05-18,5,0.6537545472346658,2025-09-27,False
D001060,Leslie Porter,800.490.5469x868,latoyasanchez@example.net,Chennai,2025-04-02,4,0.563503384248051,2025-09-27,False
D001061,Tara Roman,001-219-696-1205,billycampbell@example.com,Thane,2025-04-25,4,0.8072826060567514,2025-09-27,False
D001062,Steven Moore,973-983-1336x25276,lisa19@example.org,Chennai,2025-01-20,2,0.6890360510062064,2025-09-27,False
D001063,Lisa Malone,+1-845-263-6398x39485,carrmichael@example.org,Bengaluru,2024-09-03,3,0.16273698788286536,2025-09-27,True
D001064,Bethany Martinez,001-792-716-3770,pwillis@example.net,Hyderabad,2025-07-27,2,0.7836166970796115,2025-09-27,False
D001065,Paul Thompson,933.955.5864,daniel41@example.com,Pune,2023-12-28,2,0.8683306522923405,2025-09-27,False
D001066,Danielle Reyes,741-852-6917x136,ohill@example.org,Delhi,2023-10-31,2,0.8503800812253662,2025-09-27,False
D001067,Alex Brown Jr.,001-484-345-4243x3630,dominic65@example.net,Bhopal,2024-12-12,2,0.4577014796572041,2025-09-27,False
D001068,Christian Callahan,701.778.9311x4515,gregory07@example.net,Mumbai,2023-11-09,2,0.41889225329783986,2025-09-27,False
D001069,Jason Lopez,772.427.8953x1110,eliu@example.org,Bengaluru,2024-12-10,4,0.25550040097840576,2025-09-27,True
D001070,Michael Cain,001-295-333-4423,lindsey47@example.com,Kanpur,2025-01-21,6,0.8060897936463758,2025-09-27,False
D001071,Janet Strickland,7794993085,melindacruz@example.org,Kanpur,2025-02-01,3,0.6015193789535661,2025-09-27,False
D001072,Elizabeth Macdonald,(593)936-8781x295,escobarryan@example.net,Indore,2024-12-07,4,0.4267293563024091,2025-09-27,False
D001073,Kenneth Hamilton,(600)385-4683,rjohnson@example.com,Indore,2024-03-28,3,0.8059838711954008,2025-09-27,False
D001074,Jeffrey Harrington,(908)796-4677,fischermichael@example.org,Indore,2024-04-26,0,0.4361946991321552,2025-09-27,False
D001075,April Fleming,8764449581,christophermontgomery@example.com,Ahmedabad,2023-10-30,1,0.8412475525340682,2025-09-27,True
D001076,Christina Horton,001-344-536-4976,daymatthew@example.com,Mumbai,2025-04-20,2,0.19022129128061036,2025-09-27,True
D001077,Ian Williams,637-263-3889x007,nmoore@example.org,Thane,2024-06-08,7,0.5490751781382779,2025-09-27,False
D001078,Richard Lopez,226-652-0192,jeffreymoore@example.org,Thane,2025-07-06,3,0.43781518191727475,2025-09-27,False
D001079,Renee Nelson,(880)371-8454,levyzachary@example.org,Thane,2025-04-25,5,0.4194064739059011,2025-09-27,False
D001080,Mary Snyder,001-783-542-1205,colemanandrew@example.org,Chennai,2025-06-26,3,0.8387036726975735,2025-09-27,True
D001081,Elizabeth Cortez,317-623-9689,christinastephens@example.org,Ahmedabad,2025-04-26,1,0.8734514497302585,2025-09-27,False
D001082,Sharon Kramer,001-544-518-9438x1565,dereknewton@example.com,Hyderabad,2025-08-08,3,0.6278128076776002,2025-09-27,False
D001083,Christian Dunn,229.404.0063,robin89@example.net,Pune,2024-02-18,1,0.4933862641155647,2025-09-27,False
D001084,Mike Smith,001-633-382-5253x472,timothymiller@example.com,Pune,2024-05-26,4,0.7379463114151054,2025-09-27,False
D001085,Whitney Parker,(828)560-3927x2378,millsstephen@example.org,Jaipur,2024-07-02,2,0.19563951911895472,2025-09-27,True
D001086,Jessica Thompson,(856)630-5868x218,brownshawn@example.net,Jaipur,2025-09-24,3,0.7700089000791064,2025-09-27,False
D001087,Jason James,+1-685-330-9601x72221,kperez@example.org,Bengaluru,2024-06-22,3,0.26764829682210617,2025-09-27,True
D001088,Chase Perez DDS,(799)502-3412,williamssandra@example.com,Chennai,2024-06-20,0,0.804396486596347,2025-09-27,False
D001089,Margaret Miller,358-544-4500x70886,bryanbrown@example.net,Thane,2025-03-10,4,0.6688460642954858,2025-09-27,False
D001090,Dana Bailey,+1-503-220-4955x9723,jessicasampson@example.org,Nagpur,2024-11-21,2,0.8663856399530474,2025-09-27,False
D001091,Christy Burns,282-746-1575x62302,washingtonjames@example.com,Bengaluru,2025-09-22,1,0.5025935714524035,2025-09-27,False
D001092,Cynthia Jones,550-411-7380,reidamy@example.net,Ahmedabad,2023-10-21,3,0.6317757089426621,2025-09-27,False
D001093,Tammy Olson,521-763-3813x0969,juarezsamantha@example.org,Mumbai,2023-11-23,7,0.7004785974987486,2025-09-27,True
D001094,Gary Bennett,460-414-7845,johnathanbautista@example.org,Mumbai,2024-06-30,3,0.40972312920977333,2025-09-27,False
D001095,Jessica Fry,+1-706-345-3401x1880,melissa68@example.org,Kolkata,2024-05-08,3,0.678354628276427,2025-09-27,False
D001096,Johnny Lloyd,+1-652-485-6029,watsonjohn@example.com,Pune,2024-10-15,2,0.5488393792811861,2025-09-27,True
D001097,Steven Webster,+1-437-253-6060x553,lewissara@example.org,Indore,2025-03-28,3,0.4454677249565206,2025-09-27,False
D001098,John Donaldson,539.381.9566x849,davidbaker@example.com,Nagpur,2024-10-11,1,0.55480037254275,2025-09-27,False
D001099,Stephen Johnson,+1-517-603-0710,dpeterson@example.net,Indore,2024-12-05,0,0.5183165657350044,2025-09-27,False
D001100,Jeffrey Hunt,357-928-8590,john40@example.net,Ahmedabad,2025-01-31,4,0.6430220992423271,2025-09-27,False
D001101,Jason Sanchez,(709)710-4884,johnsondawn@example.com,Lucknow,2024-09-18,5,0.6585589654284598,2025-09-27,False
D001102,Scott Randall,001-549-310-3560x52627,kimberly86@example.net,Chennai,2024-06-23,1,0.7505056335475204,2025-09-27,False
D001103,Jessica Hall,485.559.0280,fjimenez@example.org,Indore,2024-10-01,3,0.6409974588664336,2025-09-27,False
D001104,Caroline Ward,+1-342-217-7172,mcguirekathleen@example.com,Delhi,2024-03-22,4,0.6635736471495903,2025-09-27,False
D001105,Seth Chen,486-411-3918x886,ugriffith@example.com,Hyderabad,2025-09-11,4,0.8728882486231736,2025-09-27,False
D001106,David Holland,(291)741-9757,mwest@example.net,Bhopal,2024-11-28,4,0.6215199883175804,2025-09-27,False
D001107,Jennifer Vargas,001-301-943-4043x1332,vegasamantha@example.org,Chennai,2024-11-11,2,0.8102345081804267,2025-09-27,False
D001108,Adrienne Zavala,(992)464-6779x655,shellymercer@example.net,Bengaluru,2025-05-07,3,0.7649445588517989,2025-09-27,False
D001109,Caitlyn Johnson,9148275603,anthony73@example.com,Nagpur,2024-08-27,4,0.233435038472432,2025-09-27,True
D001110,Jeffrey Weber,(705)526-6445,jamie10@example.com,Indore,2025-09-08,4,0.6380283510755309,2025-09-27,False
D001111,Thomas Harrison,+1-222-868-4342x4933,harristraci@example.org,Ahmedabad,2024-03-22,4,0.5574025294602842,2025-09-27,False
D001112,Regina Lee,+1-696-473-1276x2919,kristie45@example.com,Jaipur,2024-03-28,5,0.6432025177680891,2025-09-27,False
D001113,Veronica Reyes,879.583.8466x684,wrightdavid@example.com,Indore,2024-03-18,3,0.6327528332637399,2025-09-27,False
D001114,Lisa Howell,(531)521-8386x3234,wendy70@example.net,Bengaluru,2023-12-19,2,0.45630461467461036,2025-09-27,False
D001115,Sarah Travis,729-804-0646,wagnermaria@example.com,Thane,2025-01-11,7,0.8271290307769698,2025-09-27,False
D001116,Tony Carter,389.631.4734x4771,tannermartinez@example.com,Kanpur,2023-10-01,6,0.5511383502482243,2025-09-27,False
D001117,Melanie Green,001-740-932-1520x598,dparks@example.com,Ahmedabad,2024-10-07,5,0.7823217863070562,2025-09-27,False
D001118,Beverly Mckinney,887-385-4615,jessicarodriguez@example.com,Kanpur,2025-09-17,5,0.8097139268351825,2025-09-27,False
D001119,Isaac Park,905-816-3842,ethomas@example.net,Pune,2024-04-24,3,0.6400539139761432,2025-09-27,False
D001120,Gary Warner,334.240.8591x54033,pkirby@example.net,Delhi,2024-05-25,5,0.6761690067277515,2025-09-27,False
D001121,Kari Williamson,946.724.5931,bakerlaura@example.org,Bhopal,2025-01-25,6,0.7724326792331397,2025-09-27,False
D001122,Toni Cunningham,398-930-2562,melaniearmstrong@example.net,Kanpur,2024-04-06,3,0.2645874018109783,2025-09-27,True
D001123,Bryan Martin,272.864.9455x491,griffinpaul@example.net,Pune,2024-07-14,0,0.4358658689074542,2025-09-27,False
D001124,Jennifer Elliott,4414134677,stephanie05@example.org,Kolkata,2023-12-28,2,0.685156253913252,2025-09-27,False
D001125,Stacey Anderson,001-728-434-5572x212,orodriguez@example.com,Kanpur,2023-09-30,9,0.43212636147730554,2025-09-27,False
D001126,Shawn Ball,281-277-5685,zacharyevans@example.org,Lucknow,2024-01-11,3,0.2159079632181147,2025-09-27,True
D001127,Daniel Marks,2369684426,amywoods@example.net,Nagpur,2023-10-28,3,0.5283402958251318,2025-09-27,False
D001128,Andrea Lee,+1-354-630-4638x2828,smithmegan@example.org,Mumbai,2025-01-03,1,0.8834327751466968,2025-09-27,False
D001129,Michael Scott,001-503-966-9736x2277,shawn62@example.net,Kanpur,2024-12-28,1,0.8946747570210196,2025-09-27,True
D001130,Julia Arnold,001-440-864-1968x24899,sstevens@example.org,Thane,2024-10-22,1,0.8338208073601117,2025-09-27,False
D001131,Crystal Ryan,001-216-680-6780x3274,terri88@example.net,Thane,2024-02-22,2,0.49689456501167745,2025-09-27,False
D001132,Donald Lucero,365-989-7819x69043,pcoleman@example.net,Lucknow,2024-12-13,1,0.6880796649129831,2025-09-27,False
D001133,Curtis Walker,001-532-825-1821x055,sarabuchanan@example.com,Kanpur,2025-06-22,3,0.4248905007615219,2025-09-27,False
D001134,Patricia Jacobs,5388923251,solisdavid@example.com,Pune,2024-08-27,4,0.6124142665884502,2025-09-27,False
D001135,Melanie Smith,440-505-3654,tamara34@example.org,Bengaluru,2024-09-17,4,0.42110023429064924,2025-09-27,False
D001136,Shelia Mendoza,8297209562,waltersmichael@example.net,Kolkata,2024-08-15,4,0.8376816199503804,2025-09-27,False
D001137,Dr. Richard Grimes,(299)263-0772,porterkaren@example.net,Delhi,2023-10-11,2,0.7658397993937409,2025-09-27,False
D001138,Mr. Gregory King,489.337.2789x757,david58@example.net,Jaipur,2025-04-27,4,0.4497481130903191,2025-09-27,False
D001139,Robert French,462.835.1700x06012,jennifer56@example.com,Jaipur,2024-12-04,1,0.17441506997062137,2025-09-27,True
D001140,Kristine Lewis,830-460-7172x4073,ytaylor@example.com,Pune,2025-08-29,1,0.487393357522579,2025-09-27,False
D001141,Tracy Delgado,001-418-866-6353x555,jacqueline00@example.org,Pune,2024-06-22,4,0.5743012347214229,2025-09-27,False
D001142,Jessica Ferguson,001-558-443-9901x6132,colechristopher@example.org,Bhopal,2024-02-10,0,0.8051295652586434,2025-09-27,False
D001143,Christopher Arroyo,(874)936-8169x89770,pcastillo@example.net,Nagpur,2025-06-20,3,0.7448192598294531,2025-09-27,False
D001144,Kevin Smith,001-549-680-9477x52784,pattydrake@example.com,Delhi,2023-12-14,4,0.7348056282687588,2025-09-27,False
D001145,Emily Vaughan,233-205-7583x333,larry75@example.net,Pune,2024-10-22,1,0.6168891372035769,2025-09-27,False
D001146,David King,751.504.6494,flynndavid@example.net,Delhi,2024-01-21,4,0.44295519410141027,2025-09-27,False
D001147,Raymond Parker,+1-375-619-8939x832,bradley00@example.net,Ahmedabad,2025-04-07,3,0.6771503529239763,2025-09-27,False
D001148,Jeremiah Young,001-382-432-1558x740,james42@example.org,Nagpur,2024-11-24,3,0.1890153939836532,2025-09-27,True
D001149,Reginald Taylor,2975050797,andres91@example.com,Bhopal,2024-07-30,4,0.41758731576579833,2025-09-27,False
D001150,Kristen Carter,(650)513-8312,rogersdoris@example.net,Lucknow,2025-03-31,1,0.21671350898851394,2025-09-27,True
D001151,Jeffrey Evans Jr.,9458222389,krubio@example.org,Bengaluru,2025-07-10,4,0.8463056640220735,2025-09-27,False
D001152,Jim Fernandez,971-691-5105,carrolljoshua@example.com,Hyderabad,2024-09-07,5,0.5285480446975559,2025-09-27,False
D001153,Samuel Strickland,+1-866-606-7321,heather43@example.net,Thane,2025-05-03,1,0.8507234147691898,2025-09-27,False
D001154,Anna Jimenez,4965362455,thompsonbryce@example.net,Hyderabad,2024-09-04,5,0.8353985861690566,2025-09-27,False
D001155,Todd Allen,641.430.3915,elizabethmays@example.com,Thane,2024-02-06,3,0.40400407033689145,2025-09-27,False
D001156,Angela Crosby,001-203-242-3767x94561,kimberlyparker@example.com,Chennai,2024-02-24,2,0.6018233472467389,2025-09-27,False
D001157,Maurice Jenkins,5685478509,stevenbrown@example.com,Delhi,2025-04-11,7,0.5063634830651366,2025-09-27,False
D001158,Michelle Rodriguez,+1-958-236-1630x30481,david38@example.org,Delhi,2024-05-25,5,0.46489148286130566,2025-09-27,False
D001159,Adam Lopez,001-720-589-1159,rmartinez@example.org,Lucknow,2023-11-26,4,0.512184587849243,2025-09-27,False
D001160,Kevin Sexton,+1-856-471-9904x706,briana96@example.com,Ahmedabad,2024-06-10,3,0.5196055440171095,2025-09-27,False
D001161,David Robertson,(439)240-0216x3112,franklinbilly@example.org,Bengaluru,2025-06-17,7,0.8229826280492667,2025-09-27,False
D001162,Paula Rodriguez,228.542.4786x6211,jasonwhite@example.net,Bhopal,2025-03-17,2,0.6280793705599113,2025-09-27,False
D001163,Michael Myers,001-292-298-3784,jlopez@example.org,Kolkata,2024-07-27,3,0.4959365922022508,2025-09-27,False
D001164,Dana Vasquez,385-292-0736,codysawyer@example.net,Thane,2024-06-15,4,0.870908250025078,2025-09-27,False
D001165,Christopher Cook,853-805-5418x172,tonya97@example.net,Pune,2025-07-08,5,0.49431612321203744,2025-09-27,False
D001166,Meagan Tapia,705-689-0172,baileyjoseph@example.com,Hyderabad,2024-07-17,2,0.7154255193225558,2025-09-27,False
D001167,Marvin Miller,519-971-4963x8080,michael84@example.com,Bhopal,2024-01-07,3,0.8103207801772394,2025-09-27,True
D001168,Tara Ford,+1-468-446-3454x120,jasonsmith@example.com,Bengaluru,2024-08-15,5,0.866268042901112,2025-09-27,False
D001169,Michael Hill,+1-381-591-2326,catherine25@example.com,Kanpur,2024-06-26,3,0.460079629367811,2025-09-27,False
D001170,Gwendolyn Jackson,210.892.8778,juan57@example.org,Jaipur,2024-02-10,3,0.6221760980487475,2025-09-27,False
D001171,Joy Adams,(660)457-2495x664,jessicajohnson@example.net,Kolkata,2025-01-02,4,0.405889938143321,2025-09-27,False
D001172,Raven Davis,001-919-871-3578,patricksutton@example.org,Kolkata,2024-11-28,2,0.5562718261183611,2025-09-27,False
D001173,Eugene Bradford,(464)783-7735x5150,aaronhurley@example.org,Indore,2024-09-25,3,0.5056041292939759,2025-09-27,False
D001174,Steven Holt,448.206.2508,shepparddestiny@example.com,Bhopal,2025-07-04,3,0.215781559110287,2025-09-27,True
D001175,Caitlin Sullivan,(485)634-4629x7269,ann68@example.com,Kolkata,2025-03-09,4,0.7453113710406708,2025-09-27,False
D001176,Robert Rodriguez,+1-650-560-0571x24272,ryan87@example.net,Mumbai,2025-05-15,2,0.45633676331739503,2025-09-27,False
D001177,Richard Hill,692.713.8937x5194,jason04@example.net,Indore,2025-08-13,4,0.5633109528740043,2025-09-27,False
D001178,Sheila Cox,849-711-7620x286,brianavila@example.com,Pune,2023-12-11,3,0.5778870421003302,2025-09-27,False
D001179,Wanda Donaldson,(916)977-9534x813,victoria68@example.net,Hyderabad,2025-08-02,3,0.6959039538316629,2025-09-27,False
D001180,Tammy Huerta,(514)573-2358,schneideranna@example.net,Kolkata,2023-10-22,5,0.7606436344869134,2025-09-27,False
D001181,Mindy Duran,(360)779-0724x24724,xmclaughlin@example.com,Thane,2025-01-08,0,0.7107322113283923,2025-09-27,False
D001182,Matthew Williamson,508.868.7819x6236,mcmillandebbie@example.org,Delhi,2024-12-31,2,0.7632483731687114,2025-09-27,False
D001183,Christopher Fisher,(928)397-4194x078,thomasmelissa@example.net,Kolkata,2025-07-11,5,0.6889385407204546,2025-09-27,False
D001184,Cheryl Thompson,(230)679-9918x7265,ubutler@example.com,Indore,2025-07-18,3,0.6898162291009091,2025-09-27,False
D001185,Ashley Mcbride,+1-990-452-7610x514,dwarren@example.net,Bengaluru,2024-12-10,3,0.5531196226142002,2025-09-27,False
D001186,Rebecca Henderson,501.983.0441x3025,jonathan01@example.net,Lucknow,2025-06-14,4,0.6309626021028676,2025-09-27,False
D001187,Thomas Cline,(905)960-4813x866,saranoble@example.org,Chennai,2025-03-03,2,0.41677293570607893,2025-09-27,False
D001188,Bernard Taylor,001-678-593-0205x69328,james87@example.net,Ahmedabad,2025-03-30,0,0.41552843801757783,2025-09-27,False
D001189,Emily Gonzales,663-212-1034,gadams@example.org,Chennai,2023-11-04,1,0.4459922553354,2025-09-27,False
D001190,Rachel Woodard,001-640-344-3288x054,smithnatasha@example.org,Pune,2024-08-23,2,0.8770658207855363,2025-09-27,False
D001191,Kyle Cameron,649-280-5189x92871,knicholson@example.net,Lucknow,2023-10-22,2,0.6036911395595702,2025-09-27,False
D001192,Olivia Osborn,+1-305-224-3479x0342,fernandezjoseph@example.org,Hyderabad,2023-12-26,2,0.6107771241090172,2025-09-27,False
D001193,Tyler Morris,436-892-5849,melanie44@example.org,Bengaluru,2024-06-17,2,0.4003947555466094,2025-09-27,False
D001194,Andrea Farmer,591.990.8194,gregorycathy@example.com,Bhopal,2024-11-15,4,0.7018775719188065,2025-09-27,False
D001195,John Spencer,836-746-1724x607,elizabeth99@example.net,Lucknow,2025-07-17,4,0.40686659404128916,2025-09-27,False
D001196,Maurice Johnson,643-746-4235,sdavis@example.net,Chennai,2023-11-11,2,0.6126782481349918,2025-09-27,False
D001197,Andres Hoffman,207-433-9521x4726,berrykristina@example.com,Indore,2023-12-09,4,0.44047485101117806,2025-09-27,False
D001198,Sharon Morris,(446)630-7980x690,dana95@example.com,Kanpur,2025-02-01,4,0.4514730723501431,2025-09-27,False
D001199,Lisa Steele,417-295-5331x26766,kennethhenderson@example.com,Thane,2024-01-19,4,0.7747582075783903,2025-09-27,False
D001200,Paul Thompson,001-346-328-5975,brittanyhiggins@example.com,Thane,2024-12-11,3,0.2518806506378074,2025-09-27,True
D001201,Michael Brown,001-788-312-8950,kshah@example.com,Ahmedabad,2023-12-07,4,0.17879516104116946,2025-09-27,True
D001202,Beverly Day,(815)436-5266x245,averyshelby@example.com,Delhi,2025-06-21,3,0.8684267150455076,2025-09-27,False
D001203,Stephanie Harvey,574.724.9717x25622,maryhall@example.org,Nagpur,2025-09-09,2,0.6269343099979681,2025-09-27,False
D001204,Jeffery Rice,8839137051,gloria99@example.net,Bhopal,2024-02-12,1,0.759729983834986,2025-09-27,False
D001205,Tyler Henry,+1-929-234-3065x024,mark15@example.org,Nagpur,2025-08-09,4,0.6297511332851587,2025-09-27,False
D001206,Amanda Turner,001-507-780-1961x3210,vjackson@example.net,Kanpur,2025-09-27,4,0.5905734410173678,2025-09-27,False
D001207,Victor Green,+1-918-602-3159x44070,sarah21@example.org,Lucknow,2024-05-22,4,0.5961910504663607,2025-09-27,False
D001208,Jason Edwards,(696)414-2885x844,qbright@example.com,Chennai,2025-01-02,3,0.627830410776546,2025-09-27,False
D001209,Mikayla Peterson,(588)731-2864x35375,jameswilliams@example.org,Thane,2024-05-06,3,0.7649966123224818,2025-09-27,False
D001210,Curtis Villanueva,620-768-2946,mirandabecker@example.org,Ahmedabad,2025-06-26,4,0.40681992291794056,2025-09-27,False
D001211,Timothy Smith,001-607-285-5743x3753,zmccarthy@example.net,Jaipur,2025-08-31,3,0.6854957856629893,2025-09-27,False
D001212,Craig Delacruz,439.638.2985,jasonjenkins@example.org,Ahmedabad,2025-04-04,1,0.42766619358167307,2025-09-27,False
D001213,Amy Sanders,(906)505-7755x07929,nixonrose@example.net,Indore,2024-06-15,3,0.6150276725956372,2025-09-27,False
D001214,Sheila Flores,(220)211-4342x0993,debra04@example.net,Jaipur,2024-03-21,0,0.8196039765197295,2025-09-27,True
D001215,Christopher Thompson,+1-447-810-2116x19544,aimeeporter@example.com,Jaipur,2024-03-03,3,0.6178671784216538,2025-09-27,False
D001216,Scott Parker,232-975-8518x4176,heather05@example.net,Jaipur,2024-01-04,0,0.4270238136748633,2025-09-27,False
D001217,Donald Randolph,801-317-5256x30531,anthony71@example.org,Delhi,2024-09-25,4,0.8724835318200381,2025-09-27,False
D001218,James Bridges,(740)792-6605x8839,julie66@example.org,Thane,2025-06-20,3,0.6453067879490996,2025-09-27,False
D001219,Andrew Harvey,(628)613-4038,klogan@example.org,Indore,2025-04-18,4,0.7908435488831987,2025-09-27,False
D001220,Deborah Williams,879.782.4530,alicia31@example.com,Bhopal,2024-12-13,0,0.8960460935144101,2025-09-27,False
D001221,Monica Miller,(618)501-5135,lisa86@example.net,Jaipur,2025-02-18,3,0.7662207295652246,2025-09-27,False
D001222,Alexis Ramirez,524.453.9985x17794,kim25@example.org,Pune,2024-06-01,0,0.5223999365008629,2025-09-27,False
D001223,Chelsea Richards,+1-963-262-1288,colemanpaul@example.net,Pune,2024-02-07,2,0.6181222241821587,2025-09-27,False
D001224,Cheyenne Gay,786-660-5019,greerelizabeth@example.com,Hyderabad,2024-10-12,2,0.826673248804362,2025-09-27,False
D001225,Christopher Smith,001-923-670-1403,cindy66@example.org,Bhopal,2025-03-10,1,0.7640916785942411,2025-09-27,False
D001226,Julie Perez,(900)437-0521x38584,frazierheather@example.org,Nagpur,2025-01-19,2,0.6548785334504357,2025-09-27,False
D001227,Jordan Sanders,588-346-2901x681,vincentsharp@example.org,Hyderabad,2025-04-10,1,0.6816279219128417,2025-09-27,False
D001228,Matthew Johnston,972.404.5415x56701,perezdavid@example.net,Jaipur,2024-10-17,2,0.712471885203916,2025-09-27,False
D001229,Tiffany Walters,+1-776-563-0956,richardhendrix@example.net,Pune,2024-11-27,2,0.43949029968311587,2025-09-27,False
D001230,Eric Rodriguez,(771)833-7903x557,martinezsarah@example.net,Hyderabad,2025-02-17,4,0.41929578096906694,2025-09-27,False
D001231,Thomas Malone,+1-567-920-2997x9191,nicholsonpatty@example.org,Indore,2024-05-30,3,0.41307917116170995,2025-09-27,False
D001232,Andrew Vargas,4967562971,taylorellis@example.net,Indore,2024-01-10,4,0.852924694999653,2025-09-27,False
D001233,Trevor Chan,+1-347-776-7177x15910,xhoover@example.net,Indore,2024-01-03,2,0.5352608900859233,2025-09-27,False
D001234,Miguel Johnson,+1-632-469-8375x7809,klittle@example.net,Kolkata,2024-03-12,2,0.6193358484015244,2025-09-27,False
D001235,Sarah Miller,611.635.4174x48586,charlotte90@example.com,Bhopal,2025-03-09,3,0.7434332468674549,2025-09-27,False
D001236,James Medina,926.510.9841x164,matthewwelch@example.org,Kanpur,2023-10-26,1,0.5365798101849726,2025-09-27,False
D001237,Henry Larsen,001-951-469-1472x17190,mnguyen@example.com,Chennai,2023-12-28,3,0.5726719889631651,2025-09-27,False
D001238,Shannon Clark,001-712-349-1846x14771,thawkins@example.net,Ahmedabad,2025-09-17,3,0.7467549185231602,2025-09-27,True
D001239,Madison Zimmerman,001-397-264-2954,alicia43@example.com,Jaipur,2024-01-13,4,0.5502443793163194,2025-09-27,False
D001240,Louis Elliott,373.580.8752x9233,harperpaul@example.org,Hyderabad,2024-06-10,6,0.6030410662798855,2025-09-27,False
D001241,Patricia Hernandez,+1-210-544-0843x8152,piercejonathan@example.net,Indore,2025-01-30,2,0.7054537610791982,2025-09-27,False
D001242,Dennis Marsh,001-994-670-7672,montgomeryjohn@example.net,Jaipur,2025-02-16,2,0.5356906975397924,2025-09-27,False
D001243,Robert Flores Jr.,+1-705-328-3232x6537,nguyenzachary@example.org,Lucknow,2024-05-27,1,0.6284694249491245,2025-09-27,False
D001244,Kenneth Smith,(330)908-6847,gallagherlisa@example.com,Lucknow,2024-06-08,2,0.7537614094890215,2025-09-27,True
D001245,Martin Williams,+1-410-203-7411x336,nwood@example.org,Ahmedabad,2025-02-16,2,0.7529412223408608,2025-09-27,False
D001246,Eddie Figueroa,(940)245-8172,xhubbard@example.com,Bhopal,2025-01-02,3,0.19209720424686136,2025-09-27,True
D001247,Amanda House,001-322-462-6208x690,taylorperez@example.com,Pune,2025-02-01,2,0.8690269267769648,2025-09-27,False
D001248,Ryan Dickson,207-936-1155x96531,erikaglenn@example.org,Mumbai,2024-12-30,3,0.6177945790063546,2025-09-27,False
D001249,Michael Diaz,3073305308,herbertmccarthy@example.com,Lucknow,2024-10-02,1,0.5412493633104822,2025-09-27,False
D001250,Danielle Clay,001-658-211-5568x925,ogonzalez@example.net,Nagpur,2023-12-06,3,0.4709221988084926,2025-09-27,False
D001251,Lori Schultz,500-720-5864x073,nicholsondaniel@example.net,Chennai,2023-12-10,5,0.5198545391212224,2025-09-27,False
D001252,Edward Wheeler,001-888-804-6747x66081,bcooper@example.org,Chennai,2024-02-14,4,0.14865778030630242,2025-09-27,True
D001253,Samantha Gray,(764)670-0007x56530,bradwolfe@example.com,Delhi,2025-06-05,6,0.6139573450938927,2025-09-27,False
D001254,Matthew Cochran,699-608-1595,karengray@example.com,Lucknow,2024-11-11,5,0.5402316121023263,2025-09-27,False
D001255,Gregory Willis,001-705-936-5886x998,wnichols@example.net,Nagpur,2024-10-11,6,0.5690699942419042,2025-09-27,False
D001256,Jerry Jones,333-208-7478x54618,bradleyhoward@example.com,Kanpur,2024-01-21,6,0.7407303062585857,2025-09-27,False
D001257,Lindsey Reed,825.507.6687x821,elizabethshepherd@example.net,Chennai,2025-06-20,5,0.12543108922310775,2025-09-27,True
D001258,Gary Ryan,(442)895-1237x305,carteramanda@example.org,Kolkata,2025-06-30,0,0.551861925815913,2025-09-27,False
D001259,Lauren Grimes,749.769.5316x12748,cynthia93@example.org,Bhopal,2025-05-16,3,0.8478264597915884,2025-09-27,False
D001260,Devin Orozco,001-860-857-7309x134,carol89@example.com,Bengaluru,2024-07-30,2,0.6011473390381594,2025-09-27,False
D001261,Kimberly Lamb,600.687.5027,pspencer@example.net,Kolkata,2024-12-21,4,0.40975132380526014,2025-09-27,False
D001262,Brian Thomas,411-501-3586x10433,leslie86@example.com,Thane,2025-02-11,4,0.5492253305738803,2025-09-27,False
D001263,Mary Jackson,442.932.6729x207,heather01@example.com,Hyderabad,2025-02-07,2,0.42820067888039526,2025-09-27,False
D001264,Mr. Marcus Wise,810.593.8993x0792,christine13@example.net,Jaipur,2025-09-26,0,0.5119090430282145,2025-09-27,False
D001265,Phillip Riley,651-263-8392x372,lmcknight@example.com,Nagpur,2025-08-18,1,0.8680627857700673,2025-09-27,False
D001266,Mikayla Wilson,351-470-2536,hwashington@example.com,Lucknow,2024-08-02,0,0.46759152708571505,2025-09-27,False
D001267,Jonathan Mercado,001-374-693-5611x3264,cfleming@example.net,Mumbai,2024-02-21,2,0.7386519796490705,2025-09-27,False
D001268,Wayne Bates,9767120822,jared51@example.com,Ahmedabad,2023-09-29,2,0.8654490721857148,2025-09-27,False
D001269,Crystal Wright,8667495358,iharris@example.org,Lucknow,2024-11-20,2,0.4292683000400251,2025-09-27,False
D001270,Julie Parker,(304)758-7707x183,crossclaire@example.com,Lucknow,2024-01-28,6,0.7443225261321951,2025-09-27,False
D001271,Kimberly Knight,468-388-7632,brian83@example.net,Kolkata,2024-08-19,3,0.848897903196013,2025-09-27,False
D001272,Stephanie Welch,7052908151,vmiller@example.net,Bengaluru,2025-05-09,4,0.5566380055690894,2025-09-27,False
D001273,Timothy Mills,001-409-751-4756x732,amanda18@example.org,Indore,2024-12-30,2,0.7513691496447934,2025-09-27,False
D001274,James Powell,637.481.6488x54611,stephanie07@example.net,Chennai,2024-02-29,0,0.40265708457743105,2025-09-27,False
D001275,Cynthia Dawson,855-665-3474x3174,stonemelissa@example.net,Ahmedabad,2025-05-03,0,0.18176215013853647,2025-09-27,True
D001276,Bob Obrien,6627166640,katherine58@example.net,Kolkata,2025-05-09,2,0.5953764922835021,2025-09-27,False
D001277,James Compton,001-967-613-9596,odennis@example.org,Nagpur,2024-04-07,1,0.7113706381887388,2025-09-27,False
D001278,Cindy Castillo,578-432-5469x529,stephaniegentry@example.net,Lucknow,2024-01-14,1,0.4650131278250663,2025-09-27,False
D001279,Daniel Long,796-538-1738x27010,richardbriggs@example.net,Kolkata,2024-01-02,1,0.7792018365171016,2025-09-27,True
D001280,Karen Berger,(732)896-7960,daniel76@example.net,Nagpur,2025-03-17,4,0.4313610857072294,2025-09-27,False
D001281,Amanda Brown PhD,540-686-0475x717,nathanmooney@example.net,Kanpur,2024-12-07,1,0.6603276768670558,2025-09-27,False
D001282,Evan Strong,001-589-584-8597x7199,victor92@example.org,Bengaluru,2024-06-22,0,0.47055482416632466,2025-09-27,False
D001283,Ariel Rodriguez,(958)236-0376,danielle01@example.net,Mumbai,2024-12-30,5,0.6206371683750344,2025-09-27,True
D001284,Adam Flores,(273)385-4184x4224,ohawkins@example.org,Indore,2024-10-21,4,0.6604370183174428,2025-09-27,False
D001285,Nicole Mccall,+1-323-207-1092,fosterlarry@example.org,Lucknow,2024-01-22,2,0.8142651297907543,2025-09-27,False
D001286,Craig Williams,241.884.3836,huntfrank@example.org,Jaipur,2024-01-31,2,0.6931040830952545,2025-09-27,False
D001287,Valerie Dyer,427-236-7999,monicawhitaker@example.com,Bengaluru,2025-04-05,3,0.5353373029826447,2025-09-27,True
D001288,Kimberly Anderson,5892926744,thomasstone@example.org,Mumbai,2025-06-18,3,0.48593685126962344,2025-09-27,False
D001289,Walter Dean,+1-369-842-5789x94275,david37@example.net,Chennai,2025-07-14,2,0.6206148345458584,2025-09-27,False
D001290,David Phillips,001-288-897-0851x8027,dylansalazar@example.net,Bengaluru,2024-08-18,4,0.48856072880120976,2025-09-27,False
D001291,Erik Roth,+1-460-623-5415x3645,tracymunoz@example.com,Kolkata,2023-12-27,5,0.7925359307817563,2025-09-27,False
D001292,Jennifer Meyer,(439)487-5506x5967,melanielewis@example.org,Nagpur,2025-01-12,1,0.40621279689696616,2025-09-27,False
D001293,Janice Soto,525-660-6665x05277,ryanwebb@example.org,Bhopal,2023-11-30,3,0.8811514915871383,2025-09-27,False
D001294,Michael Daniel,633.606.2977x1604,webbamanda@example.com,Lucknow,2025-09-12,2,0.5409647758757804,2025-09-27,False
D001295,Lisa Lane,697-701-7711x9249,madisonmcgrath@example.net,Hyderabad,2024-07-28,4,0.7130870368969473,2025-09-27,False
D001296,Eric Newton,001-500-457-5540,donnajones@example.net,Nagpur,2025-06-03,3,0.4781657191964193,2025-09-27,False
D001297,Beverly Shelton,001-429-955-5713x21835,robert34@example.org,Thane,2024-12-10,3,0.5386733808623146,2025-09-27,False
D001298,Paul Bowers,859.355.1537x2350,egarcia@example.net,Pune,2025-04-21,2,0.731453126172283,2025-09-27,False
D001299,Christopher George,2965939771,hoffmanlisa@example.net,Thane,2024-08-04,4,0.8781229779348336,2025-09-27,False
D001300,Scott Hoffman,001-478-926-5382x0585,vhernandez@example.net,Ahmedabad,2025-07-15,8,0.8657675245776311,2025-09-27,False
D001301,Susan King,+1-535-274-1639x49755,nwagner@example.org,Lucknow,2025-09-01,4,0.12023769666995102,2025-09-27,True
D001302,Scott Morris,001-769-919-8193x6393,andrew47@example.org,Chennai,2025-03-29,3,0.42397886621849384,2025-09-27,False
D001303,Steven Reynolds DVM,411.581.1233,harrissarah@example.com,Kanpur,2025-09-21,3,0.51403090845001,2025-09-27,True
D001304,Kathryn Smith,(670)918-3623x2282,nancyjohnson@example.org,Kanpur,2023-12-14,3,0.8357536067453174,2025-09-27,True
D001305,Rebecca Scott,001-906-255-5054x1766,fpotter@example.net,Hyderabad,2024-04-09,1,0.8312170650705785,2025-09-27,False
D001306,Heidi Jones,+1-474-728-5839,ykirby@example.org,Thane,2023-12-13,2,0.7346285462898241,2025-09-27,False
D001307,Christine Ware,619.462.7963x60517,aprilsmith@example.net,Kanpur,2025-05-25,3,0.744554540743412,2025-09-27,False
D001308,Dustin Collins,914.729.4048,aleccain@example.org,Ahmedabad,2024-12-27,2,0.8482364286296478,2025-09-27,False
D001309,John Crosby,+1-448-271-3456,francis04@example.net,Bengaluru,2023-12-24,3,0.590990022731473,2025-09-27,False
D001310,Stanley Wheeler,297.802.6048,iwood@example.com,Ahmedabad,2024-02-01,6,0.55442363739081,2025-09-27,False
D001311,Blake Chavez,232-327-5836x42123,carl76@example.net,Bengaluru,2023-10-29,0,0.5100646220987634,2025-09-27,False
D001312,Kevin Reyes,001-923-355-4806x07976,rodney51@example.org,Nagpur,2023-12-08,1,0.7606289539669124,2025-09-27,False
D001313,Gregory Thomas,362-489-0550,aaron05@example.org,Hyderabad,2024-10-31,3,0.5239662249029036,2025-09-27,False
D001314,Brandon Turner,856.423.5024x9663,torreskaren@example.com,Bhopal,2024-11-02,1,0.46836770136461764,2025-09-27,False
D001315,Richard Reyes,+1-677-310-5864x1070,bcook@example.net,Jaipur,2024-12-30,1,0.8051516495616663,2025-09-27,False
D001316,Steve Parsons,001-655-907-5154x560,ashley00@example.net,Ahmedabad,2024-04-17,4,0.46964834470355044,2025-09-27,True
D001317,Zachary Velez,001-785-832-6118x21761,craigperkins@example.org,Bengaluru,2023-10-02,2,0.8861148546081787,2025-09-27,False
D001318,Sheila Nelson,(911)651-6599x353,walkerthomas@example.org,Kanpur,2024-01-22,2,0.8841039638516832,2025-09-27,False
D001319,Matthew Bryant,7539942983,taylorhunter@example.org,Bengaluru,2025-09-17,4,0.8779593999810221,2025-09-27,False
D001320,David Marks,+1-504-294-0164x37937,evelazquez@example.org,Chennai,2023-10-07,2,0.7969216464339306,2025-09-27,False
D001321,Shelby Hudson,+1-882-393-3307x821,jason36@example.org,Pune,2023-12-03,1,0.6220565025877032,2025-09-27,False
D001322,Maria Jones,(905)800-0111x892,debra98@example.net,Bhopal,2024-11-03,3,0.6033029265230478,2025-09-27,False
D001323,Patricia Campos,+1-748-381-8589x546,shannonlewis@example.net,Lucknow,2025-03-28,1,0.8437815359080957,2025-09-27,False
D001324,Kenneth Mccormick,670.415.7158x127,matthewbell@example.net,Nagpur,2023-11-23,4,0.5676645037294678,2025-09-27,False
D001325,Brenda Lambert,+1-820-784-1319x19128,clarkgregory@example.com,Bhopal,2025-04-20,2,0.8572922176108739,2025-09-27,False
D001326,Diane Harrison,(888)338-7517,masonandrew@example.com,Thane,2025-03-18,1,0.8964154127223485,2025-09-27,False
D001327,Ashley Murphy,8504230232,reedkevin@example.org,Lucknow,2024-08-31,5,0.8409274004103414,2025-09-27,False
D001328,Robert Salazar,001-790-514-6988,thompsonkara@example.net,Pune,2023-10-10,1,0.5572907732731136,2025-09-27,False
D001329,Lisa Vincent,(364)654-9603,amberstuart@example.org,Nagpur,2024-03-21,2,0.5342898021664833,2025-09-27,False
D001330,Roy Cook,001-494-358-2971x6649,acaldwell@example.com,Kolkata,2025-01-19,3,0.5079021255298467,2025-09-27,False
D001331,Thomas Martin,(609)989-2922x1672,christineharrison@example.net,Bengaluru,2023-12-13,3,0.8367876528798671,2025-09-27,False
D001332,Heather Brown,(605)996-9608x95011,lmichael@example.org,Kolkata,2025-06-14,2,0.7684025533604996,2025-09-27,False
D001333,Dawn Kelly,(933)706-6347x328,lisa84@example.net,Indore,2024-02-27,4,0.7276915997317266,2025-09-27,False
D001334,Victoria Martinez,+1-497-708-8484,nancy63@example.net,Bhopal,2023-11-04,5,0.6440191121408749,2025-09-27,False
D001335,Thomas Baker,826-374-2985x910,zunigatiffany@example.org,Jaipur,2024-07-29,3,0.5165265939924293,2025-09-27,False
D001336,Julian Gay,781-761-4656,matthewsrebecca@example.org,Nagpur,2025-03-06,3,0.8222607656568275,2025-09-27,False
D001337,Paul Harrell,+1-781-598-1974x31599,luismendoza@example.org,Bengaluru,2024-05-11,1,0.7022444911292298,2025-09-27,False
D001338,Logan Evans,+1-358-334-4480,dominguezzachary@example.net,Nagpur,2024-01-10,3,0.847298936675486,2025-09-27,False
D001339,Erika Dixon,(539)212-8291,marvinmoon@example.com,Indore,2025-06-19,5,0.8135790742138117,2025-09-27,False
D001340,Paul Nguyen,(847)228-7518x96461,vhodges@example.org,Kolkata,2024-11-11,3,0.8636032323954155,2025-09-27,False
D001341,Christina Johnson,001-365-236-2897x1345,kimpadilla@example.org,Lucknow,2025-07-05,1,0.6063791601386967,2025-09-27,False
D001342,Denise Medina,001-330-619-6628x811,dlewis@example.com,Thane,2024-10-07,1,0.6394852807267357,2025-09-27,False
D001343,Barbara Davis,(543)738-8608x9860,seankent@example.net,Lucknow,2024-06-30,3,0.41780607513642076,2025-09-27,False
D001344,Susan Hensley,731.818.0118,joshuaday@example.net,Ahmedabad,2024-07-22,1,0.4858504182751545,2025-09-27,False
D001345,Jesse Salinas,813.556.1314,thompsonshirley@example.org,Mumbai,2025-09-22,4,0.43003658417749124,2025-09-27,False
D001346,David Scott,(275)267-6991,john28@example.com,Lucknow,2025-02-16,2,0.8522007182584762,2025-09-27,False
D001347,Johnny Saunders,667-623-1758x193,xrobinson@example.org,Kanpur,2025-06-08,2,0.6927429691575178,2025-09-27,False
D001348,Tiffany Vega,639-755-4698x17338,davidcarr@example.org,Hyderabad,2024-08-05,3,0.7953514518730569,2025-09-27,True
D001349,Cynthia Butler,001-233-682-6316x9042,lpoole@example.org,Nagpur,2025-06-17,5,0.8639503149310135,2025-09-27,False
D001350,Craig Fisher,(777)719-5645,veronica23@example.org,Hyderabad,2023-11-28,2,0.7720247256142889,2025-09-27,False
D001351,Julie Roberts,635-687-1922x33213,brandtlaura@example.net,Thane,2025-09-21,3,0.8164658241964575,2025-09-27,False
D001352,Luke Mcdonald,973.352.1857x265,dbenson@example.net,Bengaluru,2024-11-04,5,0.7768330689547907,2025-09-27,False
D001353,Jeanne Porter,001-807-269-2193,amber06@example.com,Delhi,2024-05-11,5,0.6123395062092293,2025-09-27,False
D001354,Bryce Young,001-824-924-9222x47183,russell85@example.net,Lucknow,2024-03-20,2,0.8910386893178155,2025-09-27,False
D001355,Lisa Hall,881.290.1676x611,nancymathews@example.net,Jaipur,2024-01-18,2,0.4801602356834672,2025-09-27,False
D001356,Peter Ibarra,8543782845,ramosashley@example.net,Bhopal,2024-02-17,1,0.6523697376901758,2025-09-27,False
D001357,Jesse Jones,001-800-584-4580x810,jenniferryan@example.com,Bengaluru,2024-08-02,4,0.7886477879195368,2025-09-27,False
D001358,Jason Villanueva,279-221-3776x855,louisjenkins@example.com,Hyderabad,2024-06-17,3,0.6459379797304119,2025-09-27,True
D001359,Colton Rodriguez,+1-730-685-0582x42634,danielsingh@example.com,Kolkata,2024-11-13,3,0.43505902287349485,2025-09-27,True
D001360,Connie Moore,(432)740-9824x06047,eortiz@example.net,Kolkata,2025-02-08,2,0.5316230874152722,2025-09-27,False
D001361,Shane Hughes,846.798.8028x13774,hannah65@example.net,Nagpur,2024-03-25,3,0.5392839766028297,2025-09-27,False
D001362,Diane Page,+1-349-702-5957x253,mayerbrenda@example.org,Bhopal,2024-09-06,2,0.7294277021134211,2025-09-27,False
D001363,Sharon Lopez,001-307-380-6990x715,angela00@example.net,Ahmedabad,2024-11-24,0,0.4585225363531631,2025-09-27,False
D001364,Jamie Smith,265-741-5899x320,robert29@example.net,Bengaluru,2025-02-13,2,0.4703266696168334,2025-09-27,False
D001365,Angel Smith,222.390.9345,markdalton@example.net,Chennai,2024-09-27,1,0.6501668278380113,2025-09-27,False
D001366,Richard Welch,659.823.6323,kdavis@example.org,Lucknow,2023-12-12,3,0.2688023954095254,2025-09-27,True
D001367,Shane Savage,891.995.0684x1133,leslie05@example.net,Ahmedabad,2024-03-16,2,0.4776716512550085,2025-09-27,False
D001368,Nathan Baker,876.475.3011x80686,veronicaalvarez@example.org,Pune,2024-09-16,5,0.5786209840850681,2025-09-27,False
D001369,Michelle Mcgee,(628)787-0234x055,charles01@example.org,Bengaluru,2025-02-18,2,0.8840104806138143,2025-09-27,False
D001370,Angela Hogan,505.380.8952x04195,jodicarr@example.net,Hyderabad,2024-02-09,3,0.5310564860083983,2025-09-27,False
D001371,Jennifer Campos,001-980-368-2184x1333,walkersherry@example.net,Nagpur,2024-07-22,1,0.7899802302701966,2025-09-27,False
D001372,Patrick Perry,592.703.6797,kim64@example.com,Pune,2023-11-01,4,0.679912394441395,2025-09-27,True
D001373,Martha Collins,520.621.5403x941,millermichael@example.org,Mumbai,2024-10-27,0,0.7662273145668649,2025-09-27,False
D001374,Scott Spence,3763382323,denniswyatt@example.net,Mumbai,2024-09-12,2,0.662789687031121,2025-09-27,False
D001375,Karen Ochoa,409-572-4669x4527,josephgarcia@example.net,Delhi,2024-04-01,2,0.15214077139653895,2025-09-27,True
D001376,Kelly Anderson,878-778-9697,chadbrown@example.net,Nagpur,2025-06-24,1,0.5193829470019866,2025-09-27,False
D001377,Michael Boyd,+1-207-648-5775x78202,elizabethmorris@example.net,Thane,2024-09-20,1,0.22428444836216035,2025-09-27,True
D001378,Carol Cox,967-665-4163,hokathleen@example.com,Bengaluru,2024-06-19,4,0.4492173545224949,2025-09-27,False
D001379,Andre Collins,(312)770-1426,eatonrebekah@example.net,Lucknow,2024-10-25,1,0.5665038165261221,2025-09-27,False
D001380,Jessica Williams,001-301-437-1457,deborahthornton@example.org,Indore,2023-10-21,6,0.43045611343576357,2025-09-27,False
D001381,Aaron Duran,937-602-0587x9986,christine19@example.net,Chennai,2024-08-24,1,0.8158926500925796,2025-09-27,False
D001382,Leah Smith,472.808.9010x926,simmonssuzanne@example.com,Nagpur,2024-09-02,0,0.14100672182013435,2025-09-27,True
D001383,Ashley King,559.668.4774,tvazquez@example.net,Thane,2025-03-21,3,0.5692633173634178,2025-09-27,True
D001384,Cheryl Diaz,4943598805,kimberlymartin@example.com,Mumbai,2023-12-18,7,0.8362314075418371,2025-09-27,False
D001385,Jonathan Holmes,+1-688-617-6829x88222,amanda96@example.org,Ahmedabad,2024-12-22,5,0.8310520367257401,2025-09-27,False
D001386,Christopher Martin,001-609-932-7949x3583,jasmine89@example.com,Jaipur,2024-04-06,3,0.14462774460845382,2025-09-27,True
D001387,Anthony Harris,408.840.6084x13229,derekbarton@example.net,Nagpur,2023-12-04,1,0.7635522245292534,2025-09-27,False
D001388,Tina Henry,001-823-750-2969x93408,fhughes@example.com,Hyderabad,2024-09-13,2,0.8467672917492185,2025-09-27,False
D001389,Donald Silva,(568)424-6680x7194,mlang@example.org,Mumbai,2025-04-05,3,0.8050627138594285,2025-09-27,False
D001390,Kelly Strickland,352.938.0835,robertwells@example.com,Bengaluru,2024-11-05,4,0.8120472452421872,2025-09-27,True
D001391,Allison Gutierrez,799-219-7516x651,ewhite@example.com,Pune,2025-08-09,2,0.6809906708131896,2025-09-27,False
D001392,Kurt Wong,9204160519,vanessa95@example.com,Lucknow,2024-10-06,4,0.6784060715703701,2025-09-27,False
D001393,Michael Miller,001-828-424-6103,vhicks@example.net,Kolkata,2024-01-01,2,0.6747447867559102,2025-09-27,False
D001394,Robert Lara,(899)764-1438x31606,erica81@example.com,Bhopal,2024-12-06,1,0.6148013717242734,2025-09-27,False
D001395,Samuel Hayes,211-908-6480x869,laura72@example.org,Chennai,2025-05-29,3,0.7798606643404626,2025-09-27,False
D001396,Joseph Hill,+1-896-268-8726x41485,bclark@example.org,Lucknow,2025-06-09,1,0.7482535917384445,2025-09-27,False
D001397,Cynthia Sanchez,(207)661-0943x7746,courtney84@example.net,Nagpur,2024-06-13,5,0.7124711375536975,2025-09-27,False
D001398,Melissa Johnson,(699)923-7418x777,chapmanwilliam@example.net,Kolkata,2025-09-23,2,0.865972069827186,2025-09-27,False
D001399,Rachel Barton,282.803.7583,raymond22@example.org,Bhopal,2024-03-13,4,0.601154766895733,2025-09-27,False
D001400,Renee Bailey,907-423-3251,stephen26@example.org,Kolkata,2023-11-16,3,0.4261381861361029,2025-09-27,False
D001401,Christopher Snyder,(872)463-0069x4130,christinefleming@example.com,Kanpur,2025-02-16,5,0.4564290824718486,2025-09-27,False
D001402,Kristen Horton,001-468-982-5229,ginawang@example.com,Bengaluru,2023-11-11,3,0.8984952514062756,2025-09-27,False
D001403,Anthony Jones,+1-409-231-1164,ohenderson@example.org,Mumbai,2023-10-30,2,0.4108694190318537,2025-09-27,False
D001404,Erica Davis,+1-283-836-4913,petersonamanda@example.com,Mumbai,2025-04-28,3,0.47264300487289335,2025-09-27,False
D001405,Mark Clark,3713345622,sanchezlisa@example.net,Hyderabad,2024-07-22,4,0.6161779960733824,2025-09-27,False
D001406,Angela Smith,874-443-7422,angela30@example.org,Ahmedabad,2025-07-12,2,0.557504137594887,2025-09-27,False
D001407,Elizabeth Terry,+1-466-867-0918x95722,ramirezcatherine@example.net,Delhi,2024-01-07,4,0.8721147896821281,2025-09-27,False
D001408,Kevin Rose,624-421-3329x5791,chelsea12@example.com,Bhopal,2023-11-08,3,0.6525140230743836,2025-09-27,True
D001409,Jessica Brown,(554)677-9019x235,alexaturner@example.com,Jaipur,2024-01-01,3,0.730059451498087,2025-09-27,False
D001410,Lynn Reed,001-567-828-5776x255,foleynicholas@example.org,Mumbai,2024-09-05,4,0.19047681524755125,2025-09-27,True
D001411,Peter Jennings,968-536-1080x483,alvarezandrea@example.com,Delhi,2023-10-15,5,0.5894435451663027,2025-09-27,True
D001412,Michael Garcia,550-436-5871x8967,harold26@example.com,Kolkata,2024-05-31,4,0.4431245856519825,2025-09-27,False
D001413,Sarah French,(686)388-9397,robin55@example.net,Chennai,2023-12-24,3,0.4941841160335349,2025-09-27,False
D001414,Russell Andrews,477.892.2787x512,kristincarr@example.net,Ahmedabad,2024-10-01,2,0.7587017777026052,2025-09-27,False
D001415,Stacey Stephens,001-584-712-9349x949,rrodriguez@example.org,Indore,2025-01-15,2,0.7119444715814852,2025-09-27,False
D001416,Kelsey Ramos,001-754-760-2953x9462,tammybailey@example.net,Nagpur,2025-01-24,9,0.7005413326966079,2025-09-27,False
D001417,Donald Livingston,+1-410-343-5369x129,jjohnston@example.net,Chennai,2023-10-09,4,0.693365763694876,2025-09-27,False
D001418,Nicholas Fletcher,(849)787-6072x545,pittmanjennifer@example.com,Pune,2024-11-12,3,0.4991862699238507,2025-09-27,False
D001419,Brenda Carter,288-331-2923,andrewkim@example.com,Mumbai,2025-06-07,2,0.6540818952290874,2025-09-27,False
D001420,Raymond Anderson,001-364-867-4758x44517,tammy04@example.net,Mumbai,2024-04-03,3,0.6480377392502656,2025-09-27,False
D001421,Sheri Velazquez,3299018818,miranda42@example.com,Kanpur,2025-04-18,2,0.1560104479660768,2025-09-27,True
D001422,John Smith,001-759-526-6735x696,hayley41@example.org,Hyderabad,2025-02-10,6,0.5354816039356098,2025-09-27,False
D001423,Douglas Burton,+1-455-403-5165x033,matthew27@example.org,Pune,2025-01-20,1,0.785321263507381,2025-09-27,False
D001424,Ashley Hughes,(566)570-7491,jonathanpowell@example.org,Chennai,2023-11-26,1,0.79897159462665,2025-09-27,False
D001425,Jennifer Benson,809.467.1530,stevenwise@example.org,Bengaluru,2023-10-30,2,0.7380708943007286,2025-09-27,False
D001426,Edward Price,228-919-5651,khicks@example.org,Thane,2025-08-25,5,0.6772984427729949,2025-09-27,False
D001427,Johnathan Hall,001-742-361-4350x30202,gonzalezalexis@example.com,Jaipur,2025-08-20,4,0.6852807023123033,2025-09-27,False
D001428,Andrew Webb,638-250-7537x8689,julie95@example.com,Pune,2025-01-10,3,0.14429507766044106,2025-09-27,True
D001429,Dennis Jones,915.725.1236x5823,sanchezstephanie@example.net,Hyderabad,2024-06-18,4,0.6011852697706872,2025-09-27,True
D001430,Deborah Flores,823-366-8698x45649,joshua88@example.org,Hyderabad,2024-11-19,4,0.6946336693783335,2025-09-27,False
D001431,Tyler Mccarty,743.521.2351x42195,aphillips@example.net,Ahmedabad,2024-05-01,4,0.5280442131192119,2025-09-27,False
D001432,Brandon Leonard,+1-443-624-8850,cookmichael@example.com,Bengaluru,2025-06-23,3,0.5835869072156461,2025-09-27,True
D001433,Lisa Allen,845-604-1092x5038,markpowers@example.com,Kanpur,2025-09-08,1,0.6072404896271799,2025-09-27,True
D001434,James Lee,001-476-676-3347x486,matthewcervantes@example.org,Hyderabad,2024-02-12,5,0.4996904095053135,2025-09-27,False
D001435,Reginald Anderson,+1-626-306-5771x41324,lisa30@example.net,Ahmedabad,2024-03-04,4,0.7787010991655137,2025-09-27,False
D001436,Kevin Young,001-692-527-9831x13128,efarley@example.com,Kanpur,2025-04-27,2,0.19603951741157916,2025-09-27,True
D001437,Mrs. Bonnie Jackson,(615)241-0368x13445,mwood@example.com,Bhopal,2024-08-01,5,0.5098095227396686,2025-09-27,False
D001438,Mackenzie Branch,+1-604-309-1588x50369,elijah38@example.org,Pune,2025-06-26,4,0.6705940279285122,2025-09-27,True
D001439,Heather Reyes,666-793-2398,npowell@example.com,Hyderabad,2024-04-28,8,0.2139728459956136,2025-09-27,True
D001440,Shirley Mccoy,+1-206-863-2303x151,pmorris@example.org,Indore,2024-12-07,8,0.5325616307228698,2025-09-27,False
D001441,Carrie Williams,668.235.7394,jamiemurray@example.org,Kanpur,2025-04-11,1,0.48975013024717534,2025-09-27,False
D001442,Jeffrey Ford,(912)511-2532x80004,goodmantimothy@example.com,Mumbai,2025-01-05,2,0.5324331289067857,2025-09-27,False
D001443,Rachel Pace,+1-471-992-2482,wilsonlinda@example.com,Kanpur,2023-11-06,6,0.5249381050827389,2025-09-27,False
D001444,Kelly Jones,001-632-231-2691x916,xmoore@example.com,Mumbai,2023-12-22,2,0.888684530388818,2025-09-27,False
D001445,Megan Hicks,(276)696-3700,melissasalazar@example.net,Mumbai,2023-10-10,5,0.5932468614319568,2025-09-27,False
D001446,Joshua Buckley,+1-564-923-2928x1570,jamiekemp@example.org,Nagpur,2023-11-08,5,0.780871353234758,2025-09-27,False
D001447,Cameron Melton,4073555965,zamoramichelle@example.net,Kanpur,2025-08-05,4,0.6804061708887585,2025-09-27,False
D001448,Tyler Gibson,534.491.0963,tonyawoodward@example.net,Pune,2025-02-15,1,0.7940594699726096,2025-09-27,False
D001449,Joshua Sutton,(773)433-1101x86659,ktanner@example.net,Nagpur,2024-01-15,2,0.4567368188137196,2025-09-27,False
D001450,Edward Miller,(797)585-9658x265,kevin60@example.net,Kolkata,2024-03-28,2,0.665665396336588,2025-09-27,False
D001451,Marcus Cook,940.389.0284x8028,josephgrant@example.com,Lucknow,2024-10-23,3,0.83681691131735,2025-09-27,False
D001452,David Hall,269-505-4036x634,millervictoria@example.com,Lucknow,2024-03-07,3,0.41473817606222385,2025-09-27,False
D001453,Jason Gomez,001-442-774-5827,beverlyflowers@example.org,Jaipur,2024-04-22,5,0.6310702366349503,2025-09-27,False
D001454,Colleen Riley,877.957.7837,everettvanessa@example.com,Kolkata,2024-04-15,2,0.7168838298992479,2025-09-27,False
D001455,Mr. Kevin Lang,570-616-6896x265,jessicagonzalez@example.com,Thane,2025-03-18,0,0.6302830037811279,2025-09-27,False
D001456,Diana Lopez,+1-676-392-6383x7136,gonzalesmichael@example.org,Bengaluru,2023-10-21,3,0.4835671574346536,2025-09-27,False
D001457,Eddie Mathis,812.859.7732x3536,timarmstrong@example.net,Thane,2025-09-05,1,0.6983152661785705,2025-09-27,False
D001458,Benjamin Hunter,+1-859-786-9987x5091,mcmillanmary@example.com,Hyderabad,2025-08-06,3,0.4354358503274368,2025-09-27,False
D001459,Kathleen Bentley,807.587.2748x19457,richardlong@example.net,Thane,2025-09-10,5,0.8745398015914084,2025-09-27,False
D001460,Rachel Lara,994.479.8749x8741,franklinjoshua@example.org,Kanpur,2023-10-05,2,0.5366644383329453,2025-09-27,False
D001461,Joseph Miller,+1-690-418-8757x23066,erikthompson@example.org,Kanpur,2024-03-10,3,0.7627841237799742,2025-09-27,False
D001462,Kevin Brooks,253.806.1555x8714,travishood@example.com,Hyderabad,2024-10-16,2,0.757107718428657,2025-09-27,False
D001463,Robin Russell,2875636504,vdunn@example.com,Thane,2025-07-15,1,0.8852866663136802,2025-09-27,False
D001464,Alexander Brown,3095952416,wlogan@example.com,Kolkata,2024-11-02,3,0.6189819819812843,2025-09-27,False
D001465,David Malone,4687431046,brandon36@example.org,Indore,2024-11-22,4,0.2225549318586931,2025-09-27,True
D001466,Sheila Lopez,891.298.2898x20998,peggy94@example.com,Delhi,2024-06-13,3,0.22823647891275403,2025-09-27,True
D001467,Felicia Rivera,524.935.9643,ldeleon@example.net,Indore,2025-08-06,4,0.8590965792308516,2025-09-27,False
D001468,Jonathan Ramirez,872-562-2744x836,opowers@example.org,Pune,2024-08-03,2,0.45612053599579433,2025-09-27,False
D001469,Valerie Williams DVM,+1-489-775-7768x75124,xparsons@example.net,Lucknow,2025-07-22,0,0.7764908086480584,2025-09-27,False
D001470,Leah Scott,666.563.6305,williamskevin@example.com,Bhopal,2024-02-16,0,0.4931583882592668,2025-09-27,False
D001471,Thomas Smith,362-930-5618x9445,michelleweaver@example.org,Ahmedabad,2025-08-13,3,0.8159950265551736,2025-09-27,False
D001472,Mary Goodwin,901-527-3031,jeffrey00@example.org,Delhi,2024-09-04,3,0.6583321299219371,2025-09-27,False
D001473,Adam Guerrero,001-584-217-1448x44489,james56@example.net,Thane,2025-09-11,3,0.7044995555259643,2025-09-27,False
D001474,Miranda Walker,723.671.6088x072,xkent@example.org,Kolkata,2024-10-01,2,0.5523614030264894,2025-09-27,False
D001475,Blake Jones,+1-520-482-4933,cindy08@example.org,Indore,2024-08-10,3,0.5977445380917852,2025-09-27,False
D001476,Dr. Elizabeth Flores,2417327463,coffeybrian@example.com,Nagpur,2025-04-19,4,0.8894648235084952,2025-09-27,False
D001477,Andrea Monroe,(204)277-2765x12604,nancymorton@example.com,Jaipur,2025-01-21,3,0.8223545835379313,2025-09-27,False
D001478,Robin Becker MD,001-344-722-5954,zbennett@example.com,Bengaluru,2023-11-12,3,0.43461506287281587,2025-09-27,False
D001479,Lucas Wiggins,(380)829-5622x05229,nicholasherman@example.com,Pune,2025-03-20,3,0.47281436926272574,2025-09-27,True
D001480,Michael Norton,(304)294-0739x614,xlarsen@example.com,Lucknow,2025-04-15,3,0.554990068217735,2025-09-27,False
D001481,Nicholas Watts,809-273-3526x48390,acameron@example.org,Kolkata,2024-06-08,2,0.7485455691303793,2025-09-27,False
D001482,Debbie Davis,(603)563-3831x9364,clarkjennifer@example.net,Bhopal,2024-11-17,5,0.6196052554659373,2025-09-27,False
D001483,Danielle Harrell,001-519-323-8518x5548,nbauer@example.com,Delhi,2025-08-10,2,0.12922586046879578,2025-09-27,True
D001484,Judy Duarte,332.978.8318,deleonstephen@example.net,Hyderabad,2025-04-16,3,0.5105616314445075,2025-09-27,False
D001485,Jasmine Barnes,302.372.5301,anthony49@example.org,Hyderabad,2023-10-09,1,0.4767087897054437,2025-09-27,False
D001486,Cathy Reynolds,(364)755-3457x46587,smunoz@example.org,Nagpur,2024-12-27,2,0.23865061110981112,2025-09-27,True
D001487,Jordan Bush,001-835-418-8513x00623,bshelton@example.org,Ahmedabad,2024-12-15,3,0.8573759157127014,2025-09-27,False
D001488,Barbara Santiago,(432)554-1496,evelyndavis@example.com,Lucknow,2024-12-23,2,0.786248923048157,2025-09-27,False
D001489,William Austin,428.625.6172,davilaamber@example.com,Mumbai,2024-11-28,3,0.5219213649830527,2025-09-27,False
D001490,Paul Bentley,211.426.3800,johnstondebra@example.org,Ahmedabad,2025-03-09,3,0.26740323593869886,2025-09-27,True
D001491,John Taylor,(746)636-5378,amysmith@example.org,Thane,2024-03-31,1,0.8607168145122267,2025-09-27,False
D001492,Janet Thompson,+1-649-343-5054,jake01@example.com,Thane,2024-10-07,1,0.7708015098686043,2025-09-27,False
D001493,Patricia Jordan,749-308-6914x478,jessica42@example.net,Bengaluru,2024-10-15,6,0.5474328140348486,2025-09-27,False
D001494,Jeffrey Russell,(606)340-3320x629,ayalajacqueline@example.net,Lucknow,2024-01-05,2,0.6188886359447845,2025-09-27,True
D001495,John Stewart,903-688-9316x20775,carrsteven@example.org,Ahmedabad,2023-11-11,2,0.6539250715687407,2025-09-27,False
D001496,Teresa Humphrey,+1-527-399-4221,aguirrelinda@example.org,Pune,2024-07-25,3,0.5436651666138248,2025-09-27,False
D001497,Jessica Duran,963-807-0621,jeanette26@example.org,Thane,2024-04-15,7,0.6001777971349793,2025-09-27,False
D001498,Nathaniel Smith,609-954-0277x221,ecrawford@example.net,Bengaluru,2025-09-08,0,0.5527221132742408,2025-09-27,False
D001499,Sara Ward,916.340.9488x688,sampsonjoseph@example.org,Indore,2024-06-02,4,0.742853614643038,2025-09-27,False
D001500,Jasmine Patel,5149244479,amberthompson@example.com,Hyderabad,2024-12-12,3,0.6536970469224803,2025-09-27,False
D001501,Kenneth Dixon,2062221485,michael07@example.com,Pune,2024-08-24,2,0.41032171977289666,2025-09-27,False
D001502,Antonio Miller,(441)239-3179x268,amata@example.net,Lucknow,2025-03-10,2,0.24533560649468406,2025-09-27,True
D001503,John Edwards,+1-365-528-8382x702,sosacharles@example.org,Thane,2023-12-21,3,0.8501174287160548,2025-09-27,False
D001504,Steven Davidson,952.647.9438x03817,marcusmills@example.net,Bengaluru,2024-04-05,5,0.5730536203911976,2025-09-27,False
D001505,James Todd,001-549-870-4606x328,sbarnes@example.com,Thane,2024-01-09,4,0.7238350013559878,2025-09-27,False
D001506,Marissa Buchanan,001-313-741-0658x150,wendymoon@example.org,Lucknow,2024-09-20,3,0.4848526195776225,2025-09-27,False
D001507,Eric Key,673-810-7938x501,greenolivia@example.net,Thane,2025-03-24,3,0.48145829650080957,2025-09-27,False
D001508,Francisco Fletcher,(640)543-9300x2486,johnmckay@example.com,Ahmedabad,2025-03-08,1,0.4628305727897914,2025-09-27,False
D001509,Tracy Miller,739-510-8944,ataylor@example.net,Bengaluru,2024-04-10,5,0.7109813120654882,2025-09-27,False
D001510,Dr. Matthew Parker,+1-951-728-7324x785,bakerbradley@example.net,Bhopal,2024-05-09,0,0.4164884718412967,2025-09-27,False
D001511,Ashley Smith,001-933-207-4832x5018,wherrera@example.net,Jaipur,2023-11-10,7,0.5707535553420218,2025-09-27,False
D001512,John Huff,001-555-595-8858,ywright@example.net,Bengaluru,2025-03-02,2,0.8958365264158391,2025-09-27,False
D001513,Luis Hill,8704993236,alvarezmary@example.com,Jaipur,2025-06-09,1,0.7628855234788887,2025-09-27,False
D001514,Amanda Mccall,910.608.4407x796,kyle22@example.org,Bhopal,2024-01-08,5,0.7830129497596483,2025-09-27,False
D001515,Stacy Mitchell,+1-960-644-9912x162,wrighttiffany@example.com,Jaipur,2025-06-28,3,0.5283847577689567,2025-09-27,True
D001516,Stephanie Donovan,001-937-397-5377x006,michael79@example.com,Nagpur,2025-02-11,5,0.78419996447439,2025-09-27,False
D001517,Theresa Johnson,001-435-432-0215x20142,martinkimberly@example.org,Kanpur,2025-02-22,0,0.4005657375604351,2025-09-27,False
D001518,Lisa Robertson,+1-631-579-2417x64440,gmartin@example.org,Chennai,2023-11-03,1,0.5322731431130209,2025-09-27,False
D001519,Rebecca Mathis,(354)238-3861x389,cory92@example.org,Hyderabad,2023-12-25,3,0.5184629603657238,2025-09-27,False
D001520,Penny Williams,001-955-704-6307x982,atkinsnicolas@example.net,Ahmedabad,2024-11-30,2,0.7948368068963778,2025-09-27,False
D001521,Sally Evans MD,237-624-2055x2756,nathan24@example.org,Lucknow,2023-10-19,1,0.5297761243324941,2025-09-27,False
D001522,Jay Payne,205.888.5596x6186,keithbell@example.org,Mumbai,2025-04-03,5,0.5822049329977017,2025-09-27,False
D001523,Cameron Mclaughlin,821.268.7805,iduffy@example.org,Indore,2023-10-17,4,0.6378520390945281,2025-09-27,False
D001524,Rachel Green,(730)593-5162,matthew50@example.com,Delhi,2025-06-04,3,0.8977582242951624,2025-09-27,False
D001525,Seth Ruiz,+1-962-924-7103x28892,stonemichael@example.net,Thane,2025-03-08,2,0.459172666858939,2025-09-27,False
D001526,Thomas Lee,+1-689-209-0980x802,carol44@example.com,Bhopal,2025-05-23,3,0.6034046456784248,2025-09-27,False
D001527,Blake Myers,7915104186,jaymurray@example.org,Pune,2024-02-12,4,0.6869807587508149,2025-09-27,False
D001528,Jerry Gardner,877-616-7610x95930,hthompson@example.org,Hyderabad,2025-03-11,3,0.60016074124364,2025-09-27,False
D001529,Lindsey Hopkins,865-636-7769x27853,butlerjason@example.com,Jaipur,2023-10-06,5,0.5440625644273459,2025-09-27,False
D001530,James Cruz,001-980-243-6841,umarks@example.net,Lucknow,2024-11-22,2,0.6995496625513762,2025-09-27,False
D001531,April Thomas,001-233-803-3979,petersmark@example.net,Jaipur,2024-10-12,7,0.7570659968010764,2025-09-27,False
D001532,Sabrina Owens,001-427-561-3593x83991,sara89@example.org,Bhopal,2025-01-18,2,0.7585239693535524,2025-09-27,False
D001533,Luke Garcia,2434034846,rosetheresa@example.net,Mumbai,2025-06-14,7,0.6071541561670866,2025-09-27,False
D001534,Joshua Aguilar,250.324.5760,cody69@example.net,Nagpur,2024-11-16,4,0.4842573217295921,2025-09-27,True
D001535,Courtney Mcdonald,850-803-4862,tannerrobert@example.com,Ahmedabad,2025-07-04,0,0.46381159311887665,2025-09-27,False
D001536,Brian Johnson,3495724860,andrew76@example.org,Thane,2023-12-31,3,0.41477098430574666,2025-09-27,False
D001537,Troy Mendez,493.622.9634,jjones@example.org,Indore,2024-02-16,4,0.6225093418626777,2025-09-27,False
D001538,Morgan Gomez,(701)797-6662,zmiller@example.net,Jaipur,2024-09-15,6,0.7934640529483309,2025-09-27,False
D001539,Michelle Ramirez,223-935-5665,umays@example.net,Pune,2023-12-17,3,0.8185110653241654,2025-09-27,False
D001540,Mr. Dean Carson,001-215-558-6856x7853,hclay@example.org,Chennai,2025-05-26,2,0.6557182031507937,2025-09-27,False
D001541,Mark Brooks,(925)412-4646,vschwartz@example.net,Bhopal,2025-01-24,5,0.7616147293027673,2025-09-27,False
D001542,Danny Rose,(499)547-7510,wwu@example.com,Jaipur,2025-03-11,3,0.6749894931919321,2025-09-27,False
D001543,Andrew Bowen,(796)952-4310,elizabethgarrett@example.org,Nagpur,2023-09-29,3,0.5683963055410535,2025-09-27,False
D001544,William Henry,3442516168,sandra53@example.net,Kanpur,2024-04-05,2,0.1479367407449662,2025-09-27,True
D001545,Linda Frazier,862.920.6636,rachel95@example.com,Kolkata,2025-07-17,2,0.6897470913951307,2025-09-27,False
D001546,Vanessa Hanson,001-454-599-4116,brandondouglas@example.com,Hyderabad,2025-04-08,4,0.41670899735252975,2025-09-27,False
D001547,Christopher Price,816.569.2947,samuelhaney@example.com,Jaipur,2024-12-05,5,0.7540849609177854,2025-09-27,False
D001548,Shelley Martin,(666)808-7622x427,amandaortiz@example.net,Indore,2025-02-12,2,0.48807695625143005,2025-09-27,False
D001549,Anthony Pearson,633.240.0724,paul09@example.net,Kanpur,2023-10-15,4,0.7814846943545117,2025-09-27,False
D001550,Richard Vance,+1-452-767-5092x86802,cindy33@example.org,Delhi,2024-05-03,3,0.40347879365164563,2025-09-27,False
D001551,Lisa Andrews,(376)974-1197x706,annscott@example.com,Kolkata,2025-01-01,5,0.4171458391552712,2025-09-27,False
D001552,Mrs. Dana Conley,+1-892-334-0768,osmith@example.org,Indore,2024-02-24,3,0.892435783056801,2025-09-27,False
D001553,Christina Cole,576-961-4764,robertbaker@example.org,Indore,2024-12-01,4,0.833382001145672,2025-09-27,False
D001554,Lisa Cook,515.624.7118x5858,nparker@example.org,Delhi,2025-07-20,1,0.6790670790641076,2025-09-27,False
D001555,Thomas Drake,(575)928-3687x4561,amygrant@example.com,Kanpur,2024-06-05,1,0.41272357164751955,2025-09-27,False
D001556,Steven Smith,+1-752-536-9389x57257,sherrythompson@example.com,Jaipur,2024-08-14,5,0.6238119363327626,2025-09-27,False
D001557,Ashley Parsons,001-766-854-6618x039,xnichols@example.net,Mumbai,2023-11-15,3,0.7042673216386193,2025-09-27,False
D001558,Ricky Murphy,(637)912-2526,hesssteven@example.com,Indore,2023-12-15,8,0.8914724608101106,2025-09-27,False
D001559,Jeremy Williams,+1-934-878-3930,jenniferray@example.com,Chennai,2024-01-17,4,0.5740066768817464,2025-09-27,False
D001560,Rodney Day,(974)990-2917x5677,jessicaferguson@example.net,Bhopal,2024-04-07,0,0.7061556444201984,2025-09-27,False
D001561,Richard Fisher,(328)613-6719,aedwards@example.org,Mumbai,2024-05-13,1,0.725125359823095,2025-09-27,False
D001562,Natalie Bryant,245.991.3021,bretthawkins@example.net,Nagpur,2025-06-02,5,0.5343906490808021,2025-09-27,False
D001563,Michelle Mckenzie,+1-259-448-2120x0238,tom01@example.org,Pune,2024-05-04,4,0.5306000856369565,2025-09-27,False
D001564,Brad Davis,001-545-874-0872,ramirezmichelle@example.net,Bengaluru,2024-03-24,3,0.41212012951119487,2025-09-27,False
D001565,Ashley Nelson,476.380.6971,knoxmegan@example.net,Mumbai,2024-05-20,1,0.7062964041379383,2025-09-27,False
D001566,Jacob Ramirez,001-973-485-2488x0947,johnsonkathy@example.org,Ahmedabad,2025-07-01,0,0.8951871046773188,2025-09-27,False
D001567,Dawn Walker,(747)563-8410,john04@example.net,Hyderabad,2025-03-29,2,0.6465175607701024,2025-09-27,False
D001568,Eileen Craig,001-370-687-5940,joseph63@example.net,Hyderabad,2024-06-16,3,0.6200638482731633,2025-09-27,False
D001569,Lindsay Rivas,713.252.0986,raymichael@example.org,Nagpur,2025-06-28,0,0.45961428890892936,2025-09-27,False
D001570,Robert Brown,(385)556-9204x7176,gwade@example.org,Ahmedabad,2024-02-27,1,0.5439893039662502,2025-09-27,False
D001571,Priscilla Thompson DDS,(785)377-4842x289,longsophia@example.net,Kolkata,2023-12-19,6,0.8443466073923992,2025-09-27,False
D001572,Robert Jones,935-263-4176x6292,xthomas@example.org,Hyderabad,2025-03-30,3,0.5831205905668075,2025-09-27,False
D001573,Robert Ward,863.430.5224,peter60@example.net,Jaipur,2024-06-06,5,0.46280635176015106,2025-09-27,False
D001574,Samuel Kelley,+1-859-835-0519x44589,juliecurtis@example.org,Delhi,2023-11-09,3,0.5137454454345312,2025-09-27,False
D001575,Chelsea Perkins,+1-420-504-3877,shawnjames@example.net,Thane,2025-02-27,1,0.7813262793780704,2025-09-27,False
D001576,Jeffrey Foster,546-943-8430x141,weissamanda@example.org,Ahmedabad,2024-08-05,3,0.5252217008768019,2025-09-27,False
D001577,Tina Allison,+1-729-556-0592x1568,jameswilliams@example.org,Pune,2025-09-04,4,0.7152004630179998,2025-09-27,False
D001578,Austin Mills,001-836-763-7685x32973,bnunez@example.net,Chennai,2024-10-22,2,0.7718143393003734,2025-09-27,False
D001579,Angela Thomas,001-782-609-7495x713,ltorres@example.org,Kanpur,2023-12-07,1,0.6606338769120329,2025-09-27,False
D001580,Natalie Hood,312-915-7212x559,danielsmith@example.com,Chennai,2025-02-14,7,0.825603692722372,2025-09-27,False
D001581,Linda Pratt,8022491234,crystaldrake@example.org,Pune,2025-03-21,5,0.4456224206521277,2025-09-27,False
D001582,Shannon Ashley,563-920-5008x13137,walkerholly@example.com,Bengaluru,2025-08-12,5,0.7036147251491953,2025-09-27,False
D001583,Krista Hall,268-507-1123x43559,bryan62@example.com,Chennai,2024-08-15,5,0.786545070808556,2025-09-27,False
D001584,Oscar Bryant,255-612-3922,klong@example.com,Delhi,2023-10-07,0,0.5824785938341126,2025-09-27,False
D001585,Jeffrey Ball,863-616-3721,kelleyjulie@example.net,Bhopal,2024-04-12,2,0.8834925090140188,2025-09-27,False
D001586,Emily Allen,+1-760-560-8000x76431,brandon57@example.com,Kolkata,2024-10-19,3,0.8630713166314654,2025-09-27,False
D001587,Richard Elliott,586.938.1674x503,courtney83@example.org,Mumbai,2023-11-13,1,0.6939428459648909,2025-09-27,False
D001588,Marc Stewart,+1-777-779-1139x3989,bradshawjennifer@example.org,Kanpur,2024-02-08,2,0.6572398210655153,2025-09-27,False
D001589,Brian Mccall,(243)214-4286x38827,solisrachel@example.com,Kanpur,2025-08-20,1,0.6355414253522567,2025-09-27,False
D001590,Autumn Spencer,412-460-1027,nsmith@example.net,Lucknow,2025-03-31,6,0.6921341010322506,2025-09-27,True
D001591,Mary Austin,+1-862-621-5576x25614,jerry02@example.com,Kolkata,2024-09-10,3,0.8627646608234475,2025-09-27,False
D001592,Franklin Marquez,607-341-8135x192,ryanrodriguez@example.com,Indore,2023-10-26,5,0.7287841528923062,2025-09-27,False
D001593,Kara Ellis,001-207-412-5123,leonard33@example.net,Bhopal,2023-11-29,5,0.8228131500575094,2025-09-27,False
D001594,Michelle Guzman,969.365.5746,iharris@example.net,Ahmedabad,2024-10-30,2,0.75673097418325,2025-09-27,True
D001595,Michael Sullivan,(802)965-6800x87567,davidwhite@example.com,Bengaluru,2024-09-04,4,0.8767179123789176,2025-09-27,False
D001596,Steven Mcknight,+1-900-740-2593x4434,uhowell@example.org,Ahmedabad,2025-06-04,3,0.7950831934467312,2025-09-27,False
D001597,Christopher Smith,823-634-1225x17896,fdiaz@example.com,Kolkata,2025-08-21,2,0.4998641400556183,2025-09-27,False
D001598,Jennifer Henry,(451)751-6548x7211,darrenking@example.org,Lucknow,2025-01-21,3,0.7067227362839952,2025-09-27,False
D001599,Kathleen Castillo,212.858.7107x47226,anna24@example.org,Thane,2024-06-11,3,0.6085243641604505,2025-09-27,False
D001600,Erik Carter,798.767.5151x58016,muellerjeremy@example.com,Thane,2024-02-02,7,0.4040159319378115,2025-09-27,False
D001601,Melissa Rich,827-785-4687x97764,shawalyssa@example.net,Chennai,2023-11-08,2,0.6351736293565668,2025-09-27,False
D001602,Michael Thompson,(290)549-8324x72635,vrobles@example.com,Kolkata,2025-06-10,2,0.7168895197716253,2025-09-27,False
D001603,Keith Rich,001-970-830-3897x707,kathleen99@example.net,Ahmedabad,2024-04-05,1,0.5915401406665926,2025-09-27,False
D001604,Tina Hendricks,656-592-5254,stephanie42@example.net,Lucknow,2024-01-24,4,0.25567108909219316,2025-09-27,True
D001605,Rebecca Sanchez,(564)448-4761,matthew34@example.com,Bhopal,2024-02-14,2,0.4265128855149054,2025-09-27,False
D001606,Derek Valdez,812-863-0530x87428,pcarlson@example.com,Bengaluru,2024-01-26,6,0.465227818275697,2025-09-27,False
D001607,Heather Campbell,(475)910-7500x43881,stephanie96@example.net,Nagpur,2024-05-12,4,0.874488672059798,2025-09-27,False
D001608,Kelly Bauer,+1-586-723-9030x84385,jonesjennifer@example.org,Bengaluru,2024-11-24,4,0.5393568575705745,2025-09-27,False
D001609,Juan Miller,4309795768,stephen44@example.com,Kanpur,2024-10-24,4,0.4883784337117304,2025-09-27,False
D001610,Christopher Weeks,950-439-3040,martinezkaren@example.org,Pune,2025-08-05,4,0.7488985165312619,2025-09-27,False
D001611,Michael Brown,418-852-0485x8548,richard57@example.net,Bhopal,2024-04-16,3,0.7728691575205948,2025-09-27,False
D001612,Danielle Arellano,663.714.4672x505,michael43@example.net,Thane,2024-10-15,3,0.8188645493113282,2025-09-27,False
D001613,Rita Green,(735)796-4254x801,justingarcia@example.com,Indore,2024-12-05,7,0.8113750073825616,2025-09-27,False
D001614,Jessica Davidson,(227)890-5168x324,hdavis@example.org,Kanpur,2025-06-27,5,0.6379908451746101,2025-09-27,False
D001615,Anthony Cooper,(892)492-3639,amber85@example.com,Mumbai,2024-11-06,3,0.5448688002644446,2025-09-27,False
D001616,Bryan Moyer,001-601-318-8382x792,ryanbrown@example.org,Hyderabad,2025-09-05,1,0.6619965837323336,2025-09-27,False
D001617,Michelle Schroeder,838.594.9873x766,mitchelledwin@example.com,Thane,2025-09-06,0,0.40840363991057127,2025-09-27,False
D001618,Brian Carpenter,001-401-449-7540x2224,ashleygarcia@example.org,Bengaluru,2024-01-22,3,0.6620188349337934,2025-09-27,False
D001619,Dawn Peck,809.361.0575x632,joyce90@example.org,Bhopal,2024-01-05,5,0.6493651825459658,2025-09-27,False
D001620,Tiffany Martin,+1-928-264-7464x522,sarahwilkins@example.net,Jaipur,2025-05-17,3,0.42472371833967365,2025-09-27,False
D001621,Ruth Haley,001-310-461-8487,taylorkimberly@example.org,Lucknow,2025-09-11,4,0.7983543337712862,2025-09-27,False
D001622,Eric Mason,001-789-837-3049x9729,mooreashley@example.com,Bengaluru,2025-03-15,3,0.5490208491734573,2025-09-27,True
D001623,Ruben Lowe,+1-996-429-6855,zachary28@example.net,Delhi,2023-11-03,1,0.6659117554054026,2025-09-27,False
D001624,Amanda Davis,(717)545-0369,thomas46@example.net,Jaipur,2024-11-17,4,0.13823810243002904,2025-09-27,True
D001625,Ann Reeves,445.889.1576,victor64@example.com,Bhopal,2025-09-16,4,0.8306431663773819,2025-09-27,False
D001626,Mr. Tanner Parrish,+1-889-941-5561x265,robertmiller@example.net,Nagpur,2025-09-21,5,0.691276918520997,2025-09-27,False
D001627,Brooke Jones,(562)404-5585,matthew60@example.net,Kolkata,2025-03-30,1,0.6869752114966293,2025-09-27,False
D001628,Sarah Richardson,001-217-592-6961x883,johnsondouglas@example.net,Mumbai,2024-07-03,1,0.6139202853135265,2025-09-27,False
D001629,Lisa Robinson,596.780.2207,jennifer10@example.com,Bengaluru,2024-09-09,4,0.4854300996932324,2025-09-27,False
D001630,Charles Calderon,001-265-930-6048x13732,nzavala@example.org,Lucknow,2024-09-30,4,0.6176946980640068,2025-09-27,False
D001631,Eileen Coleman,001-323-576-1207x909,jorge51@example.net,Thane,2023-11-25,2,0.5890973415405402,2025-09-27,False
D001632,Mary Chambers,762-634-5843,jamesmaxwell@example.net,Delhi,2024-09-30,2,0.8791255861162517,2025-09-27,False
D001633,Robert Owens,540.841.0791,ekelley@example.org,Hyderabad,2023-11-07,5,0.5257727765664724,2025-09-27,False
D001634,Rodney Williams,+1-290-332-1197x8789,carriecunningham@example.com,Kanpur,2025-08-10,6,0.8118621430684937,2025-09-27,False
D001635,Mrs. Amber Bradley,383-305-6212x48402,taylor84@example.org,Pune,2025-06-05,1,0.7389343080288727,2025-09-27,False
D001636,Daniel Erickson,001-427-718-1897x79396,chall@example.net,Nagpur,2024-01-17,3,0.7883841356750365,2025-09-27,False
D001637,Barbara Wolf,764.670.4957x87245,joebarton@example.org,Bengaluru,2024-12-12,2,0.5673613434573259,2025-09-27,False
D001638,Danielle Hale,+1-671-537-3056,cassandra94@example.net,Chennai,2024-09-01,1,0.496850146392851,2025-09-27,False
D001639,Larry Smith,001-962-306-4163x174,alexanderlane@example.net,Thane,2024-06-21,3,0.8814311670928712,2025-09-27,True
D001640,Megan Johnson,(770)981-6180x888,mariaterry@example.net,Thane,2025-07-17,3,0.5741373076815958,2025-09-27,False
D001641,Ralph Davis,945-224-3974,chicks@example.org,Chennai,2024-12-19,4,0.4032475079996283,2025-09-27,False
D001642,Tyler Colon,001-724-784-7606x2867,wadkins@example.net,Ahmedabad,2024-04-23,6,0.6775413007188256,2025-09-27,False
D001643,Larry Williams,221.798.5147x2685,sstanley@example.org,Kolkata,2024-12-05,7,0.6097698222633559,2025-09-27,False
D001644,Maria Turner,(869)318-3283,littleashley@example.com,Jaipur,2025-03-06,2,0.8457269365723747,2025-09-27,False
D001645,Jeremy Brandt,001-866-726-1886,christinareynolds@example.org,Mumbai,2025-09-26,3,0.8473746104878991,2025-09-27,False
D001646,Devin Randall,352-780-6872,anthony06@example.net,Bhopal,2024-02-26,5,0.42398377928973796,2025-09-27,False
D001647,Bradley Fields,2594599694,twagner@example.com,Mumbai,2025-01-12,4,0.6067366320609843,2025-09-27,False
D001648,Wayne Lewis,(565)294-5157,whiteheadyvonne@example.com,Jaipur,2024-01-24,1,0.4907539808107478,2025-09-27,True
D001649,Kaylee Sims,001-771-868-2648x823,jordanchapman@example.net,Pune,2025-08-19,5,0.5764386752521671,2025-09-27,False
D001650,Miss Lauren Duncan,+1-415-656-1077,ohuerta@example.org,Delhi,2023-12-24,3,0.7993436854651812,2025-09-27,False
D001651,Jerry Sanford,7838040737,garciawilliam@example.com,Hyderabad,2023-11-24,0,0.46413838623128295,2025-09-27,False
D001652,Gregory Rivera,001-679-528-1394x625,odunn@example.com,Pune,2023-10-05,2,0.7722784285522897,2025-09-27,False
D001653,James Lindsey,570.666.5100,johnsonjamie@example.org,Chennai,2024-09-20,2,0.891022311393192,2025-09-27,False
D001654,Jodi Morris,001-795-615-5743x5525,stephen74@example.com,Kolkata,2024-03-23,3,0.7296875937097465,2025-09-27,False
D001655,Heather Deleon,625.332.8948x828,riveracourtney@example.net,Jaipur,2024-12-17,3,0.5425665875903544,2025-09-27,False
D001656,Jennifer Wall,229.372.8053x897,taylor05@example.com,Bhopal,2025-03-05,3,0.89842444392971,2025-09-27,False
D001657,Catherine Davis,208-500-9306,westjoseph@example.com,Ahmedabad,2024-01-16,3,0.7170003837079941,2025-09-27,False
D001658,Mariah Pham,693-425-1509,zoe21@example.com,Kolkata,2025-09-10,4,0.7916107285261493,2025-09-27,False
D001659,Renee Singleton,+1-516-343-5289x1019,kevin44@example.net,Delhi,2024-04-24,1,0.7885805981027976,2025-09-27,False
D001660,Stephen Parker,9993311545,lcruz@example.org,Ahmedabad,2024-01-17,2,0.8159440318783648,2025-09-27,False
D001661,Catherine Gibson,775.604.0245x18341,dschmidt@example.net,Kolkata,2025-02-19,0,0.6132219028571516,2025-09-27,False
D001662,Daniel Mcconnell,001-828-927-8401x61180,smithjohn@example.com,Lucknow,2023-11-25,3,0.5416556676869242,2025-09-27,False
D001663,Kristen Colon,001-716-575-8781x850,pdiaz@example.net,Kolkata,2024-10-03,1,0.6039300127954568,2025-09-27,False
D001664,Barbara Cox,2558667111,keithjason@example.org,Indore,2025-06-12,2,0.4587998082993509,2025-09-27,False
D001665,Andrew Nguyen,(906)882-0079,ubrown@example.com,Mumbai,2024-10-19,4,0.5069668914005236,2025-09-27,True
D001666,Alyssa Hebert,001-919-330-2898x136,sonya09@example.net,Bhopal,2025-01-02,3,0.5560597326696023,2025-09-27,False
D001667,David Crawford,427-540-1002x28993,kristinunez@example.com,Jaipur,2025-01-17,2,0.5099955634484654,2025-09-27,True
D001668,Dr. Jason Austin,8772294132,amanda67@example.net,Kolkata,2023-11-17,5,0.49809030346898936,2025-09-27,False
D001669,Terry Ferguson,(494)990-7387,emilyanderson@example.org,Hyderabad,2024-06-06,2,0.575608509819244,2025-09-27,False
D001670,Anthony Munoz,001-898-443-0188x9103,cunninghamgarrett@example.org,Kanpur,2024-05-11,3,0.17586009990530344,2025-09-27,True
D001671,Linda Baker,001-554-487-4309x25949,gravesrenee@example.net,Mumbai,2024-01-21,3,0.15819139939429586,2025-09-27,True
D001672,Brian Williamson,4793943679,nicolescott@example.net,Bengaluru,2024-10-03,4,0.6039957417347934,2025-09-27,False
D001673,Maureen Brown,204-268-5952,nicole46@example.com,Jaipur,2025-05-16,2,0.8623737379321809,2025-09-27,False
D001674,Kristen Roberts,742-208-2774x646,dmcgee@example.com,Kolkata,2024-11-08,2,0.8808333860912483,2025-09-27,False
D001675,Michael Collins,569.890.3175x7846,dmiller@example.net,Thane,2023-11-25,0,0.6834729287398273,2025-09-27,False
D001676,Justin Lucas,(607)243-8350x40205,anthony99@example.com,Bhopal,2025-02-03,4,0.4644065368814941,2025-09-27,False
D001677,Nathan Daugherty,001-816-587-8441,bradleyhogan@example.com,Pune,2024-05-22,6,0.6246479104481273,2025-09-27,False
D001678,Austin Perez,491-697-7444,daniel72@example.org,Kolkata,2023-10-10,3,0.8747687185568259,2025-09-27,False
D001679,Jason Davis,+1-435-615-4124,davidcoleman@example.com,Jaipur,2025-05-25,3,0.5025275467094179,2025-09-27,False
D001680,Rebecca Hutchinson,001-945-723-7387,rhodesricky@example.net,Ahmedabad,2025-01-23,1,0.7110834620868038,2025-09-27,False
D001681,Paula Rodriguez,(898)793-2187x26221,rodriguezchristian@example.net,Nagpur,2024-01-02,4,0.8809969549334113,2025-09-27,False
D001682,Susan Rodriguez,411.757.2280x6834,rose78@example.org,Mumbai,2025-03-04,1,0.7001012735462904,2025-09-27,False
D001683,Maria Knight,745-590-4355,kellybecker@example.net,Nagpur,2025-06-30,4,0.48760118146202003,2025-09-27,False
D001684,Michael Bass,(222)370-5771x79121,wreynolds@example.net,Bengaluru,2024-11-06,2,0.43308436086259045,2025-09-27,False
D001685,Ashley Ferrell,001-334-970-1582x6803,melaniehendricks@example.org,Bengaluru,2024-04-05,6,0.48018711758333604,2025-09-27,False
D001686,Stephanie Benitez,245.254.8927x1560,adamsdonna@example.org,Kolkata,2024-08-07,2,0.7256599486131197,2025-09-27,False
D001687,Brianna Jones,(243)979-4371x4951,sweeneybrian@example.org,Bhopal,2024-04-03,3,0.4407449886546383,2025-09-27,False
D001688,Rick Torres,001-754-440-9600x668,valdezcassandra@example.org,Bhopal,2024-11-12,3,0.7750751406492589,2025-09-27,False
D001689,Michael Davila,001-619-772-3583x19828,butleradam@example.com,Bengaluru,2024-02-29,3,0.4160090266597255,2025-09-27,False
D001690,David Travis,410-318-4118x11268,lauren64@example.net,Ahmedabad,2025-09-08,4,0.12387107522868467,2025-09-27,True
D001691,Mrs. Diane Patterson,837-876-5629,davidbowman@example.org,Lucknow,2024-06-12,6,0.8529382110481003,2025-09-27,False
D001692,Joseph Martin,582.873.3421x74708,meghanwagner@example.net,Bhopal,2024-02-06,2,0.440423400821627,2025-09-27,False
D001693,Johnny Rivera,262-515-5198x54532,jeffrey38@example.com,Nagpur,2024-12-25,4,0.5973937545853569,2025-09-27,False
D001694,Jason Brown,(312)331-8210,markdunlap@example.net,Mumbai,2025-09-06,3,0.6884547676613757,2025-09-27,False
D001695,April Roberts,(252)789-5599,bradfordjenna@example.net,Lucknow,2025-03-05,2,0.4793789575560417,2025-09-27,False
D001696,Kathy Mills,460.640.3489x96067,jason09@example.org,Lucknow,2024-10-17,6,0.839348791913038,2025-09-27,False
D001697,Vanessa Wise,4902551897,smithcassandra@example.com,Thane,2024-10-19,3,0.5268645997285588,2025-09-27,False
D001698,Stephanie Leon,(775)890-8442,uwerner@example.org,Bengaluru,2025-08-06,7,0.6820424608443125,2025-09-27,False
D001699,Brenda Meyer,001-640-768-9710x58402,irwinchristopher@example.net,Nagpur,2024-12-14,3,0.4702924156244485,2025-09-27,False
D001700,Teresa Hogan,(827)934-4482,dianemorris@example.com,Thane,2023-10-10,5,0.8374885293120589,2025-09-27,False
D001701,Jennifer Morton,(847)216-0647x092,pturner@example.org,Chennai,2025-09-21,2,0.8476981338217217,2025-09-27,False
D001702,Danielle Cordova,401-603-3387x89346,fryemichele@example.net,Chennai,2024-02-05,4,0.6345830242836994,2025-09-27,False
D001703,Sarah Trevino,+1-622-875-1158,nicholas83@example.org,Bengaluru,2024-12-07,2,0.6089991298627686,2025-09-27,False
D001704,Kevin White,001-779-649-5645,fowleranthony@example.org,Indore,2025-05-31,6,0.8621581775037146,2025-09-27,False
D001705,David Peterson,913.801.2515,kimchristopher@example.org,Mumbai,2024-11-14,4,0.7837479167546536,2025-09-27,False
D001706,Elizabeth Mcbride,830.974.2096,hunterzachary@example.net,Delhi,2024-01-31,3,0.6111460564179159,2025-09-27,False
D001707,Danielle Rogers,592.456.0547x8211,mossrobert@example.com,Mumbai,2024-04-29,2,0.8306246925915326,2025-09-27,False
D001708,Corey Lopez,(324)312-9211,brandon57@example.net,Kolkata,2024-01-16,2,0.5504030805427171,2025-09-27,False
D001709,Diana Mckinney,001-382-413-5574x462,karen86@example.net,Delhi,2025-02-02,3,0.5501135557706932,2025-09-27,False
D001710,Patricia Shelton,(558)204-9914x683,melody40@example.com,Chennai,2025-08-17,3,0.47795946795322797,2025-09-27,False
D001711,Tabitha Li DDS,(400)224-5945,nortonrobert@example.org,Ahmedabad,2024-01-04,5,0.7233363765799525,2025-09-27,False
D001712,Amanda Lee,966.466.3821x032,mlopez@example.org,Jaipur,2024-04-02,3,0.8789910268045498,2025-09-27,False
D001713,Christina Williams,779.518.1800x478,bbaldwin@example.net,Kolkata,2024-06-20,5,0.7670622718284843,2025-09-27,False
D001714,Felicia Thompson,309.319.5517,flemingthomas@example.com,Bengaluru,2023-10-31,1,0.8488817887595941,2025-09-27,False
D001715,Christopher Davis,001-815-845-7867,laura25@example.org,Kanpur,2024-05-20,1,0.616811293450837,2025-09-27,False
D001716,Laura White,001-764-455-3724x8896,nathaniel17@example.com,Indore,2025-01-17,4,0.8782769836664257,2025-09-27,False
D001717,Jane Ramirez,001-723-509-5758x186,austinmartinez@example.com,Kolkata,2024-06-12,1,0.761230655169477,2025-09-27,False
D001718,Angela Wright,9409274557,frobertson@example.org,Delhi,2024-04-19,7,0.623493145070709,2025-09-27,False
D001719,James Jones,(237)664-9553,cfoster@example.com,Lucknow,2024-06-04,6,0.735380010855767,2025-09-27,False
D001720,Anthony Spencer,(216)895-2641x8469,jordanjeff@example.net,Nagpur,2025-02-23,0,0.7910450073118049,2025-09-27,False
D001721,Rodney Oliver,001-854-694-9295x564,whunter@example.org,Chennai,2023-10-03,3,0.4892420371735424,2025-09-27,False
D001722,Robert Stafford,3925788861,watsonvalerie@example.com,Mumbai,2024-02-21,3,0.8173992462899702,2025-09-27,False
D001723,Sheryl Acevedo DDS,001-563-508-8210x951,barry33@example.net,Ahmedabad,2024-07-07,2,0.4324496086158624,2025-09-27,False
D001724,Walter Lee,+1-395-436-5905x17441,gutierrezsonya@example.com,Lucknow,2025-04-28,9,0.7619013883152617,2025-09-27,False
D001725,Christopher Hicks,+1-350-852-5294x00129,amy97@example.com,Kolkata,2023-10-05,3,0.6677291544796706,2025-09-27,False
D001726,Bobby Johnson Jr.,+1-282-788-6179x56839,simongregory@example.net,Pune,2024-05-25,3,0.7108147890216068,2025-09-27,False
D001727,Michael Cooper,(586)666-5372x9154,daniel45@example.org,Hyderabad,2024-01-09,5,0.809740360850311,2025-09-27,False
D001728,Gerald Lowe,6225340562,hjones@example.net,Mumbai,2023-11-27,4,0.5918869651778119,2025-09-27,False
D001729,Samantha Potter,001-975-765-0878x41477,qgarner@example.com,Chennai,2023-10-30,0,0.5375272238402502,2025-09-27,False
D001730,Angela Leblanc,727.508.9053x7304,lmoyer@example.com,Indore,2024-08-29,3,0.6206439013999717,2025-09-27,False
D001731,Deanna Phillips,558.612.7854x94031,abigail73@example.org,Mumbai,2025-01-23,2,0.5355751805886098,2025-09-27,False
D001732,Joseph Wilson,+1-296-988-7942x323,iterry@example.com,Ahmedabad,2024-06-07,5,0.7138663677811329,2025-09-27,False
D001733,John Lee,(338)880-2929,nicholasnavarro@example.org,Bhopal,2024-02-22,4,0.6510063121998753,2025-09-27,False
D001734,Michael Johnson,001-558-955-5107x980,hstewart@example.com,Bengaluru,2025-05-15,2,0.881377673712163,2025-09-27,False
D001735,Connor Wagner,(294)211-1088,qbarber@example.org,Thane,2025-05-06,7,0.5884177805080828,2025-09-27,False
D001736,Jessica Hayes,963-969-6305x4283,rachel12@example.org,Kolkata,2025-07-03,0,0.8105361115285095,2025-09-27,False
D001737,Tracie Harris,(454)355-8036,wilkinsonjulie@example.net,Kanpur,2024-05-26,4,0.8663409511802511,2025-09-27,False
D001738,Nicole Gonzales,(222)310-9076x2772,nzuniga@example.org,Bhopal,2024-12-19,5,0.4221053719678503,2025-09-27,False
D001739,Melissa Rice,001-979-967-3957x14713,whiterichard@example.com,Pune,2024-03-23,2,0.8828957650534839,2025-09-27,True
D001740,Cindy Pearson,5392553906,kcollins@example.org,Ahmedabad,2025-03-27,1,0.7075632912751559,2025-09-27,True
D001741,Chris Parker,566-268-2098x54558,hjackson@example.org,Chennai,2024-09-26,5,0.4055996526278521,2025-09-27,False
D001742,Lindsay Rogers,635-854-3127,richardsonjohn@example.net,Delhi,2024-05-08,2,0.45820015891518795,2025-09-27,True
D001743,Sandra Krause,+1-811-504-5534x19477,johnweber@example.org,Ahmedabad,2025-02-27,1,0.4255658190533486,2025-09-27,False
D001744,Jay Porter,292-718-1573,scott16@example.net,Ahmedabad,2025-03-17,5,0.47127812856747003,2025-09-27,False
D001745,Christopher Powell,+1-669-496-3849x1212,kevin41@example.net,Bengaluru,2023-12-11,5,0.5159505608844575,2025-09-27,True
D001746,Scott Webster,+1-964-746-7288x39321,richard93@example.net,Jaipur,2024-05-04,4,0.8131993868723167,2025-09-27,False
D001747,Angela Morgan,753.781.4805x1705,qarmstrong@example.com,Indore,2025-01-15,4,0.6951560052453809,2025-09-27,False
D001748,Mary Davis,838.582.6561x090,amanda29@example.com,Lucknow,2024-06-17,5,0.6189653819236854,2025-09-27,False
D001749,Jenna Downs,615.798.7274,catherine56@example.org,Indore,2025-02-05,2,0.5369359098526856,2025-09-27,False
D001750,Betty Palmer,(389)232-0496,lloydrenee@example.org,Ahmedabad,2025-06-19,0,0.4636596311276457,2025-09-27,False
D001751,Kyle Mcdonald,702-502-4952x34796,xdavis@example.org,Pune,2023-12-25,5,0.5220472862463013,2025-09-27,False
D001752,Jason Washington,(815)937-8995x09403,fdavis@example.org,Delhi,2025-08-06,2,0.15284703448373363,2025-09-27,True
D001753,Elizabeth Lynch DDS,242-251-7819,emily07@example.com,Lucknow,2025-04-24,5,0.5139003778564282,2025-09-27,False
D001754,Eric Taylor,+1-663-894-5233x96104,huynhmegan@example.net,Mumbai,2025-03-12,2,0.7623521375742791,2025-09-27,False
D001755,Cynthia Allen,(435)460-1882,rebecca09@example.org,Indore,2025-02-28,0,0.8087662079790603,2025-09-27,False
D001756,Jennifer Barrera,463-287-6220,brownsteven@example.com,Bhopal,2025-02-15,4,0.7170644054334014,2025-09-27,False
D001757,Amy Hall,(746)541-6661x039,lanemelissa@example.net,Lucknow,2024-08-01,3,0.6262822517177913,2025-09-27,False
D001758,Diane Bauer,(736)527-8727,scottpatricia@example.org,Hyderabad,2024-09-01,1,0.7147551610763249,2025-09-27,False
D001759,Victor Kelly,536.694.3886x95097,wilsontanya@example.net,Jaipur,2025-08-29,2,0.6083543319236149,2025-09-27,False
D001760,Tammy Yu,598-694-1525x84921,jacqueline25@example.com,Jaipur,2024-11-18,2,0.6902596383381852,2025-09-27,False
D001761,George Dominguez,868.415.1173x6291,chloemitchell@example.org,Nagpur,2025-08-28,4,0.8156620356426248,2025-09-27,False
D001762,Ashley Lang,(850)509-3616,tamara60@example.org,Delhi,2023-11-15,4,0.8040841235943879,2025-09-27,False
D001763,Melanie Ballard,646-662-6111,ray40@example.org,Delhi,2024-02-04,6,0.6725042078619703,2025-09-27,False
D001764,Melvin Gray,435.659.5990,carlsonshannon@example.org,Bengaluru,2025-02-26,5,0.8131815924282323,2025-09-27,False
D001765,Kimberly Cross,936-351-1811x23506,shermanrachel@example.com,Pune,2024-09-04,0,0.5997532376302821,2025-09-27,False
D001766,Taylor Rodriguez,001-610-904-3517x916,gbaker@example.com,Chennai,2024-11-18,2,0.6804782497485731,2025-09-27,False
D001767,Paul Henderson,001-441-876-8043x163,handerson@example.com,Pune,2025-09-14,2,0.7360421953030316,2025-09-27,True
D001768,Duane Lamb,481-962-9717x4223,kennethdean@example.net,Pune,2024-11-22,4,0.4772074721699962,2025-09-27,False
D001769,Veronica Morales MD,+1-488-748-8276x835,njones@example.com,Nagpur,2024-05-31,4,0.8144485559879389,2025-09-27,False
D001770,Anita Davis,+1-576-471-3341,morenoernest@example.com,Nagpur,2025-09-04,1,0.6711021943596576,2025-09-27,False
D001771,Shawn Lowe,(589)234-1638x4621,allisonlee@example.org,Mumbai,2025-04-17,4,0.5468382066792181,2025-09-27,False
D001772,James Salinas,(464)862-1326x171,hernandezryan@example.org,Kanpur,2023-10-27,2,0.5992998313592279,2025-09-27,False
D001773,Carol Edwards,001-803-706-6375x58106,uhill@example.com,Kolkata,2025-07-27,4,0.8202679399745969,2025-09-27,False
D001774,Christopher Rivers,(575)870-0397x460,marvinsmith@example.com,Delhi,2023-12-06,3,0.8655655877844246,2025-09-27,False
D001775,Ryan Harrell,001-431-689-3120x041,sgreen@example.net,Indore,2025-06-09,3,0.7546619263879837,2025-09-27,False
D001776,Anthony Decker,384.651.0555,smelton@example.com,Chennai,2024-09-25,5,0.5262212315139838,2025-09-27,False
D001777,Norma Yoder,001-447-812-5639,ijohnson@example.net,Delhi,2024-03-05,1,0.13791009631144704,2025-09-27,True
D001778,Michelle Smith,724.367.1768,mstafford@example.com,Indore,2025-07-10,7,0.8050346541146138,2025-09-27,False
D001779,Amanda Stewart,354.873.6963x097,michaelgolden@example.net,Delhi,2024-04-17,2,0.46088318879978274,2025-09-27,False
D001780,Teresa Velazquez,001-899-768-8881x524,amypham@example.org,Pune,2024-05-05,4,0.6824063905430912,2025-09-27,False
D001781,William Donaldson,(830)699-3456,lindseyhunt@example.net,Kolkata,2025-03-17,3,0.4614199894285521,2025-09-27,False
D001782,Carrie Mendoza,984-530-5203,khawkins@example.org,Hyderabad,2024-08-15,2,0.6477295964514722,2025-09-27,False
D001783,Sue Williams,001-960-752-0375x92848,mrodriguez@example.net,Kolkata,2024-11-01,4,0.8521664237662699,2025-09-27,False
D001784,Tracey Shaw DDS,854.505.5685,volson@example.net,Indore,2024-01-05,4,0.8472694261202955,2025-09-27,False
D001785,Tiffany Johnson,+1-892-902-9973x5662,stephaniebean@example.com,Bengaluru,2023-10-30,2,0.8315271965579746,2025-09-27,False
D001786,Troy Davis,001-596-528-9841,angelica55@example.net,Ahmedabad,2025-07-11,3,0.8363981625397214,2025-09-27,False
D001787,Albert Foster,(766)969-8568,mmercado@example.net,Mumbai,2025-02-11,2,0.8613379142621206,2025-09-27,False
D001788,Casey Lester,542-470-4271x7435,tiffany72@example.org,Jaipur,2024-08-03,5,0.4166966024329287,2025-09-27,False
D001789,Jose Walker,377-397-8153x6357,joshua97@example.com,Hyderabad,2024-05-06,4,0.864402009998895,2025-09-27,False
D001790,Dawn Campbell,416-789-7998x181,andrekaufman@example.org,Bhopal,2024-10-06,3,0.43259640109234554,2025-09-27,True
D001791,Jason Garza,+1-936-389-3943,xsims@example.com,Pune,2023-11-18,3,0.6250142560093437,2025-09-27,False
D001792,Joshua Lee,001-907-251-0530x9878,tbowman@example.org,Ahmedabad,2024-03-15,5,0.2135438920945896,2025-09-27,True
D001793,Kelly Peterson,001-912-430-9741x5264,brianna68@example.com,Delhi,2024-12-18,3,0.8432933005301717,2025-09-27,True
D001794,Daniel Morrison,(956)237-0287x93415,amygibson@example.org,Pune,2024-08-24,2,0.807396000817948,2025-09-27,False
D001795,Anthony Ryan,(203)692-7984x2196,kdavenport@example.net,Thane,2024-12-25,4,0.4842602960718797,2025-09-27,False
D001796,Stephanie Schwartz,+1-819-872-2186x8154,byrdjessica@example.com,Jaipur,2024-07-05,6,0.6871351901285436,2025-09-27,False
D001797,Diana Velazquez,321.684.1635x97836,darrylhaney@example.com,Bengaluru,2025-06-25,1,0.8420736064928609,2025-09-27,False
D001798,Melissa Gonzalez,+1-928-300-2505x609,andrea94@example.org,Jaipur,2023-10-04,1,0.5099003559809618,2025-09-27,False
D001799,Donna Sanchez,+1-477-795-5432x0934,jkirby@example.net,Delhi,2024-06-06,2,0.8434935347616599,2025-09-27,False
D001800,Joseph Ward,(975)971-1065,ocarrillo@example.com,Thane,2024-05-30,3,0.7646332029183167,2025-09-27,False
D001801,Patrick Ewing DDS,921.898.9046x950,sandramaldonado@example.org,Nagpur,2023-12-21,2,0.8323834960460988,2025-09-27,False
D001802,Jessica Brown,+1-770-367-7440,richard55@example.org,Pune,2024-01-05,4,0.46596491287690545,2025-09-27,False
D001803,Heather Ruiz,(434)923-9730x875,anncampbell@example.com,Hyderabad,2025-03-24,3,0.6972046919045365,2025-09-27,False
D001804,Dana Russell,701-305-8204,joshuapollard@example.com,Delhi,2023-11-22,3,0.6044218308625342,2025-09-27,False
D001805,James Allen,742.724.7915x32591,ibeltran@example.net,Delhi,2024-07-31,2,0.7840369929053099,2025-09-27,False
D001806,Christina Yates,+1-547-413-6547x5462,waynelee@example.net,Lucknow,2024-10-05,5,0.7725663742491999,2025-09-27,False
D001807,Isaac Pena,408-943-4503,beardjoseph@example.net,Hyderabad,2025-06-04,2,0.7494430425585339,2025-09-27,False
D001808,Ronald Brown,+1-769-289-7083x8460,rschneider@example.org,Bengaluru,2025-03-30,5,0.6189988739477771,2025-09-27,False
D001809,Robert Jones,398-829-8019x305,orubio@example.org,Bengaluru,2025-05-10,1,0.48113628627953736,2025-09-27,False
D001810,John Smith,687.560.4586,irose@example.com,Pune,2024-10-28,1,0.6666690574462861,2025-09-27,False
D001811,Lisa Harrison,+1-629-818-4887x30897,ggonzalez@example.org,Chennai,2025-01-17,5,0.8721285198228257,2025-09-27,False
D001812,April Rodriguez,(917)396-6438,fischerdakota@example.com,Pune,2023-11-21,2,0.6158584425133056,2025-09-27,False
D001813,Marissa Hayes,(723)242-5143x9439,nwhite@example.net,Delhi,2024-04-05,6,0.40913399080483837,2025-09-27,False
D001814,Joyce Green,995-954-0088,vthompson@example.com,Thane,2025-02-11,3,0.5480410445677252,2025-09-27,False
D001815,Charlotte Lowery,406.970.7726x1183,vickiemarquez@example.net,Chennai,2025-08-19,2,0.7660491849113459,2025-09-27,False
D001816,Terry Gonzalez,3499707619,robinvega@example.org,Thane,2024-10-20,2,0.8959985045074256,2025-09-27,False
D001817,Jonathan Braun,001-434-701-9754x4407,emerritt@example.org,Bengaluru,2023-10-08,2,0.736580366390132,2025-09-27,False
D001818,David Johnson,001-709-329-6434x8085,hbarber@example.net,Delhi,2024-02-20,2,0.8965853947991664,2025-09-27,False
D001819,Dawn Gonzales,+1-913-446-3892,jlopez@example.com,Bhopal,2025-03-03,3,0.8834756961669239,2025-09-27,False
D001820,Lisa Rojas,260-559-6132,sullivanjames@example.org,Thane,2025-03-09,1,0.5202675432579735,2025-09-27,False
D001821,Michael Johnson,001-947-212-9326x42638,simonjeffery@example.net,Ahmedabad,2024-10-03,3,0.6150929333892565,2025-09-27,False
D001822,Jonathan Olson,883-830-3082,paigemedina@example.net,Pune,2025-04-02,2,0.5211178300379036,2025-09-27,False
D001823,Kathryn Sanders,799-501-1879x3364,rebecca34@example.org,Hyderabad,2025-09-03,0,0.6270276613047746,2025-09-27,False
D001824,Travis Barrett,(626)455-9631x95471,wolfekevin@example.org,Lucknow,2024-07-10,7,0.7079660035433344,2025-09-27,False
D001825,Julie Robbins,355.848.3694x497,georgenewman@example.com,Bhopal,2023-11-29,2,0.8515005425757481,2025-09-27,False
D001826,Bobby Hall,001-519-796-4230x81552,whitney21@example.com,Thane,2024-07-11,7,0.6821696115910867,2025-09-27,False
D001827,Deborah Santos,+1-815-775-6297x8681,sweeneychristian@example.org,Thane,2025-04-24,2,0.8045516084115231,2025-09-27,False
D001828,Shawn Burton,+1-355-720-0725x18645,cooktraci@example.org,Ahmedabad,2024-04-14,1,0.4104226199038504,2025-09-27,False
D001829,James Figueroa DVM,(723)227-8387x30686,uroy@example.net,Thane,2023-10-07,4,0.15615979954984852,2025-09-27,True
D001830,Aimee Rodriguez,843.729.0640x7252,jamie81@example.org,Delhi,2024-01-25,4,0.4848617198739365,2025-09-27,True
D001831,Mrs. Erica Mcbride,644.804.6542x31896,jenniferleon@example.net,Kanpur,2025-02-10,6,0.6220322457102656,2025-09-27,False
D001832,Cynthia Fernandez,758-533-1495x682,deantodd@example.org,Jaipur,2025-09-01,2,0.8478595873740007,2025-09-27,False
D001833,Jessica Moore,682-521-7226,markperkins@example.org,Lucknow,2025-05-02,3,0.6010042358254307,2025-09-27,False
D001834,Austin Sparks,(613)416-2631x80364,cjohnson@example.org,Bengaluru,2025-03-04,3,0.863278557570919,2025-09-27,False
D001835,William Allen,447-582-0366x4688,andersoneugene@example.net,Nagpur,2025-07-22,3,0.42400115131506466,2025-09-27,False
D001836,Kristine Vang,767.286.4552,tiffanyduncan@example.com,Pune,2025-01-26,3,0.8897102568387998,2025-09-27,False
D001837,Rachel Miller,+1-839-578-1617x54931,vlewis@example.net,Lucknow,2024-09-20,4,0.7716895824878078,2025-09-27,False
D001838,Michelle Clark,299-934-3007,elliottmatthew@example.org,Ahmedabad,2023-11-13,2,0.2388333520865893,2025-09-27,True
D001839,Amanda Castro DVM,(246)308-8885x58154,jessica61@example.org,Bhopal,2025-06-10,3,0.5306436801684189,2025-09-27,False
D001840,Amber Crawford,001-991-717-4131x18212,johnpowell@example.org,Chennai,2025-07-18,3,0.7609265802665561,2025-09-27,False
D001841,Brandi Estes,919-711-9067x8593,courtneycabrera@example.org,Indore,2024-06-26,0,0.458776630812719,2025-09-27,False
D001842,Michael Hayes,001-881-786-1676x89229,kellycynthia@example.org,Bengaluru,2024-10-11,8,0.6740600324909092,2025-09-27,False
D001843,Karen Williams,471-438-1203,ashleyward@example.org,Bhopal,2024-08-19,3,0.7395987276761398,2025-09-27,False
D001844,Scott Diaz,(681)933-4975,nelsongary@example.net,Jaipur,2024-05-22,3,0.8585108559402783,2025-09-27,False
D001845,Sandra King,001-849-612-5510x8393,randall31@example.net,Jaipur,2025-05-23,2,0.6864293758092698,2025-09-27,False
D001846,Kevin Shelton,743-777-6136,john03@example.org,Indore,2024-02-19,2,0.7873608113046708,2025-09-27,False
D001847,Kelly Carter,219.691.6852x8766,carol66@example.com,Kolkata,2024-09-21,4,0.8837008151176149,2025-09-27,False
D001848,Gabriel Young,859.841.7982x76409,johnwells@example.net,Mumbai,2024-10-27,3,0.5211649057268695,2025-09-27,False
D001849,Debra Brown,880-708-3935,fmorris@example.org,Bengaluru,2024-07-19,1,0.8521884168304963,2025-09-27,False
D001850,Tyler Robbins,9025420256,crawfordchristopher@example.org,Bhopal,2025-08-26,5,0.7121452003916349,2025-09-27,False
D001851,Todd Moore,810.275.3238x784,smithdeborah@example.com,Kanpur,2024-04-30,6,0.655069270955201,2025-09-27,False
D001852,Dr. Randy Thomas,001-910-750-3488x825,bbryant@example.org,Mumbai,2024-01-06,3,0.5693398022285154,2025-09-27,False
D001853,Paul Hardy,870.724.2132x94393,griffintimothy@example.net,Bhopal,2023-10-19,1,0.5462370166117787,2025-09-27,False
D001854,Robert Carroll,398.646.4026x39017,emmalee@example.com,Thane,2024-07-31,3,0.8222028061460329,2025-09-27,False
D001855,Shawn Gardner,383-477-4281x507,lrussell@example.net,Bengaluru,2025-03-19,5,0.7204583873220377,2025-09-27,False
D001856,Anthony Martinez,+1-887-813-0754x58532,robin52@example.net,Thane,2025-03-15,5,0.6822209208269067,2025-09-27,False
D001857,Matthew Martinez,(495)400-6928x18717,ambergardner@example.net,Kolkata,2023-12-15,1,0.4947977450883464,2025-09-27,True
D001858,Kristine Hill,333-947-3768,lisasoto@example.net,Kanpur,2024-08-26,4,0.6075390645038996,2025-09-27,False
D001859,Ronald Williamson,901.369.3432x4880,teresajones@example.org,Bengaluru,2025-09-07,6,0.6931193360149472,2025-09-27,False
D001860,Deborah Morse,001-754-259-5075,anna39@example.net,Thane,2023-11-05,1,0.544457157901906,2025-09-27,False
D001861,Thomas Warner,271-656-0740,hspencer@example.com,Kolkata,2024-03-21,4,0.5623394781689006,2025-09-27,False
D001862,Mr. Richard Carter MD,(443)545-3408x42131,juliereynolds@example.net,Kolkata,2024-07-09,1,0.8365178007630684,2025-09-27,False
D001863,Charles Wiley,001-810-471-6105x5674,fieldshannah@example.org,Bhopal,2024-03-19,1,0.41449029512498814,2025-09-27,False
D001864,Laurie Barnett,(651)373-0990x1884,crystal31@example.com,Mumbai,2023-11-12,4,0.49297672269551335,2025-09-27,False
D001865,Catherine Johnson,282-361-9904,richard08@example.net,Bhopal,2024-06-11,4,0.7764650330024307,2025-09-27,False
D001866,Kayla Lee,3489388060,warren25@example.net,Thane,2024-12-31,5,0.8615719438584288,2025-09-27,False
D001867,Michael Robinson,2114406310,hsmith@example.org,Kolkata,2025-02-28,4,0.516092391735146,2025-09-27,False
D001868,Julia Bell,907.881.9411,ujackson@example.net,Hyderabad,2025-05-09,3,0.24783547874638664,2025-09-27,True
D001869,Nicole Murray,9158216283,fmedina@example.net,Lucknow,2024-10-23,3,0.4781220571259584,2025-09-27,False
D001870,Carolyn Valencia,959.679.1352,jamie30@example.net,Ahmedabad,2024-09-08,1,0.6147745617603377,2025-09-27,False
D001871,Gregory Payne,(287)333-7506x60081,jonescatherine@example.com,Pune,2024-01-20,2,0.562013977816924,2025-09-27,False
D001872,Franklin Franklin,(874)995-1472x810,kaufmanmichael@example.com,Bhopal,2025-01-20,2,0.21422739067655328,2025-09-27,True
D001873,Amy Lara,954.291.0864,pnorris@example.net,Nagpur,2025-03-04,3,0.6232996506743134,2025-09-27,False
D001874,Ralph Lutz,(939)221-2123x64814,crawfordamanda@example.org,Mumbai,2024-07-28,2,0.8939913222101306,2025-09-27,False
D001875,Matthew Andrews,001-803-870-6004x149,deborah06@example.com,Indore,2023-11-29,4,0.823327456751147,2025-09-27,False
D001876,Nicholas Ballard,665-782-1703x46201,vfigueroa@example.org,Kolkata,2025-08-18,1,0.7570607637011528,2025-09-27,False
D001877,Thomas Brown,978.845.7531x808,njohnson@example.org,Delhi,2023-12-08,1,0.25591676271699865,2025-09-27,True
D001878,Bryan Sanders,001-258-279-8568x0328,jennifercruz@example.com,Hyderabad,2023-10-13,5,0.5464178112301302,2025-09-27,False
D001879,Desiree Peterson,(342)451-2619x663,jennifer55@example.com,Ahmedabad,2024-12-19,4,0.8309075880729537,2025-09-27,False
D001880,Richard Stewart,+1-336-916-0978,seanramirez@example.org,Bhopal,2024-06-26,3,0.8957988877649926,2025-09-27,False
D001881,Thomas Perry,(491)690-9561,joshua26@example.net,Jaipur,2025-02-17,2,0.7389365602343326,2025-09-27,False
D001882,Desiree Gray,(683)885-5163x2920,geoffreyrivera@example.com,Hyderabad,2025-01-08,1,0.4979196209471169,2025-09-27,False
D001883,Mrs. Kimberly Parker MD,843.463.0451,cwilson@example.com,Bengaluru,2025-06-08,3,0.8251054908009938,2025-09-27,False
D001884,Kimberly Adkins,853.959.7260,justin41@example.com,Indore,2025-08-24,2,0.6365472690496874,2025-09-27,False
D001885,David Leonard,919-820-5208x567,abbottmatthew@example.net,Thane,2024-06-15,3,0.8679865541047338,2025-09-27,False
D001886,William Carpenter,555.435.4050x593,kimkeith@example.org,Jaipur,2024-03-07,3,0.7083620563500368,2025-09-27,True
D001887,Eddie Ortiz,(992)386-0816x9972,johnsonderek@example.net,Bhopal,2025-01-23,6,0.6805550543842004,2025-09-27,False
D001888,Megan Turner,(629)797-3094x42787,mdrake@example.net,Nagpur,2024-09-15,4,0.6232389538415406,2025-09-27,False
D001889,Nathan Olson,(272)857-3414x7265,vshaffer@example.org,Lucknow,2025-02-28,2,0.8620172462151273,2025-09-27,False
D001890,Mr. Tyler Rivera,814-990-0777x7141,wallacemary@example.com,Kolkata,2024-03-31,1,0.4390159353269277,2025-09-27,False
D001891,Mr. Eric Webb,741-693-9214x84726,frankmeyers@example.com,Pune,2025-05-12,5,0.6089280932610657,2025-09-27,False
D001892,David Marshall,(266)325-7298x6863,xwillis@example.com,Chennai,2024-08-25,5,0.7123664259478073,2025-09-27,False
D001893,Nicole Gonzalez,770.778.3915x66778,robersonkatherine@example.net,Lucknow,2024-03-04,4,0.591458203664887,2025-09-27,False
D001894,Kelly Richardson,359.312.9738,woodsnatasha@example.net,Thane,2025-06-20,4,0.8793453269558777,2025-09-27,False
D001895,Seth Lopez,001-642-444-3261x269,smiller@example.org,Kolkata,2025-01-12,0,0.810076829342824,2025-09-27,False
D001896,Sara Taylor,001-906-909-1849x476,hgraham@example.net,Thane,2024-03-18,2,0.6098273724295026,2025-09-27,False
D001897,William Castro,(433)883-6682x9894,jhenderson@example.org,Kolkata,2024-05-20,4,0.7207304261661098,2025-09-27,False
D001898,Mr. Christopher Brady Jr.,(313)588-6731,obrienpatrick@example.com,Thane,2025-08-02,3,0.45180193478477604,2025-09-27,False
D001899,Kaylee Parker,(890)677-0569,danielsmercedes@example.net,Hyderabad,2023-10-16,2,0.4941734366447251,2025-09-27,False
D001900,Samantha Rogers,+1-681-575-1172x7397,wesleybrown@example.net,Pune,2024-03-09,5,0.4335338257701445,2025-09-27,False
D001901,Daniel Golden,+1-458-343-6496x335,davisrandy@example.org,Kanpur,2024-12-13,2,0.7280748572515827,2025-09-27,False
D001902,Amanda Adams,(715)564-4650x4623,javierrodriguez@example.net,Hyderabad,2025-05-28,4,0.7951078807759722,2025-09-27,False
D001903,Lawrence Guzman,(591)681-2876,amandafuentes@example.org,Lucknow,2025-06-19,3,0.704344380264659,2025-09-27,False
D001904,Christopher Villarreal,206-394-4993x06651,perezcharles@example.net,Ahmedabad,2025-01-27,7,0.8676979770918503,2025-09-27,False
D001905,Elizabeth Randolph,+1-405-723-9140x911,dgriffin@example.org,Chennai,2023-11-11,5,0.6447804531138028,2025-09-27,False
D001906,Adam Reyes,(235)855-8077,jessejones@example.com,Delhi,2024-09-29,0,0.8119925292258562,2025-09-27,False
D001907,Darryl Potter,+1-428-846-9748,cynthiaschneider@example.org,Ahmedabad,2024-03-14,3,0.46418030644759894,2025-09-27,False
D001908,Mckenzie Williams,782-706-4557,tdoyle@example.net,Nagpur,2025-03-02,3,0.7718684074762228,2025-09-27,False
D001909,Jonathan Pearson,001-925-430-0652x0429,angelicaellis@example.net,Delhi,2023-10-01,2,0.49343610720172776,2025-09-27,False
D001910,Katherine Gutierrez,961.797.5015x93540,nbell@example.net,Bengaluru,2025-05-19,6,0.45056259409082916,2025-09-27,False
D001911,Randall Haynes,001-209-858-5201x8873,jacquelineowens@example.com,Delhi,2025-07-11,4,0.6329833740930684,2025-09-27,False
D001912,Joe Young,001-307-338-5776x8169,michaelrosales@example.org,Delhi,2024-06-19,5,0.43150838943768544,2025-09-27,False
D001913,James Watson,(941)809-2904,charlesjames@example.com,Jaipur,2025-04-06,3,0.4907488141354206,2025-09-27,False
D001914,Megan Hendrix,8963664200,danielbrown@example.com,Mumbai,2025-04-08,2,0.7081473563653923,2025-09-27,False
D001915,Eric Bell,(376)388-4442x73362,gthomas@example.org,Nagpur,2024-02-24,6,0.8084302402705112,2025-09-27,False
D001916,Joshua Cannon,(825)897-0345,tylerdavid@example.org,Chennai,2023-12-21,1,0.7649578147562888,2025-09-27,False
D001917,Pamela Schultz,(207)976-1242,melindahawkins@example.net,Indore,2024-08-28,4,0.5224044807060667,2025-09-27,False
D001918,Jeremy Benson,333.744.1351x307,millssamuel@example.org,Bengaluru,2025-04-19,3,0.500969080970933,2025-09-27,False
D001919,Norma Kelley,(621)703-8208x0825,grantwhite@example.org,Jaipur,2025-09-15,3,0.5360420787889888,2025-09-27,False
D001920,Mercedes Kent,001-496-695-2881x18463,brianaguilar@example.net,Mumbai,2025-08-03,2,0.6289176312790343,2025-09-27,True
D001921,Crystal Wagner,4377148717,harrelldavid@example.org,Thane,2025-09-11,1,0.5131347923792176,2025-09-27,False
D001922,Carmen Abbott,481.256.1890x810,mcaldwell@example.com,Bengaluru,2023-11-01,2,0.7105370442352169,2025-09-27,False
D001923,Adam Scott,(301)769-2379x246,adam68@example.net,Jaipur,2023-11-04,5,0.49340394909524926,2025-09-27,False
D001924,Bryan Gonzales,+1-655-820-9447x2126,nataliejohnson@example.com,Hyderabad,2023-11-19,3,0.1320138241320368,2025-09-27,True
D001925,Theresa Johnston,332.628.3242,tjackson@example.net,Bengaluru,2025-05-14,4,0.6340420300938234,2025-09-27,False
D001926,Christopher Curry,262.892.5391x89217,pamelayoung@example.com,Pune,2024-01-31,5,0.8577504381227077,2025-09-27,False
D001927,Janice Stein,935.539.3628x63627,nicholas10@example.org,Pune,2024-01-14,0,0.7080492810746774,2025-09-27,False
D001928,Dr. Selena Garcia,001-602-569-8856,cookpatrick@example.org,Chennai,2024-01-27,4,0.4966893049395276,2025-09-27,False
D001929,Katelyn Mason,736.546.7801,brandonlewis@example.com,Indore,2025-02-15,1,0.43934182847094894,2025-09-27,False
D001930,Diana Elliott,001-554-201-5103x569,angiejordan@example.org,Hyderabad,2024-07-26,4,0.6350101047863483,2025-09-27,True
D001931,Donald Deleon,3907575757,tammymendoza@example.com,Pune,2023-12-27,2,0.7312149867106759,2025-09-27,False
D001932,Martin Crawford,001-998-267-1208x0037,washingtonsandra@example.net,Hyderabad,2023-10-28,5,0.6055804829231746,2025-09-27,False
D001933,James Evans,001-608-962-4821x3577,bryanlambert@example.org,Bengaluru,2024-11-27,3,0.6907541548120362,2025-09-27,False
D001934,Erica Carter,423-492-0594,lsanford@example.net,Jaipur,2025-05-02,3,0.48088667819235165,2025-09-27,False
D001935,Brandon Morris,966.453.9603x390,scotthall@example.net,Indore,2024-01-18,2,0.8009601961279913,2025-09-27,False
D001936,Casey Johnson,264.227.6209x78096,tracy81@example.net,Nagpur,2024-04-09,3,0.7421927122960368,2025-09-27,False
D001937,Jennifer Lewis,+1-589-825-6791,lewisjonathan@example.org,Indore,2025-05-25,5,0.41572859762301306,2025-09-27,False
D001938,Joshua Baxter,(758)531-1726x301,jessicaoconnell@example.org,Pune,2025-06-21,5,0.5928102986930459,2025-09-27,False
D001939,Eric Hughes,001-319-848-3953x21241,dianejames@example.com,Delhi,2025-08-12,4,0.5305333999476647,2025-09-27,False
D001940,Abigail Thomas,(626)930-8792x8561,heatherkennedy@example.org,Lucknow,2023-11-16,8,0.6098269213355052,2025-09-27,False
D001941,Michael Parker,815-301-5848x133,nancyjohnson@example.net,Bhopal,2025-07-27,5,0.4320977429989072,2025-09-27,False
D001942,Andrew Collins,677-277-5963,dhartman@example.org,Nagpur,2025-03-02,1,0.8213474721113807,2025-09-27,False
D001943,Marcia Cook,(801)873-0944x87289,patrickpitts@example.com,Kolkata,2023-10-28,6,0.4828100297050857,2025-09-27,False
D001944,Justin Bryan,001-612-264-8673x2391,torresrachel@example.com,Ahmedabad,2024-01-12,1,0.42384157212488166,2025-09-27,False
D001945,Melanie Jones,(440)769-0938x967,michellefields@example.net,Chennai,2023-10-09,3,0.6696152636682415,2025-09-27,False
D001946,Robert Wall,505-252-2839x217,shieldsrobert@example.org,Bengaluru,2023-12-23,5,0.831149608487062,2025-09-27,False
D001947,Daniel Freeman,252-586-9599,brhodes@example.com,Ahmedabad,2024-12-17,1,0.44713798894946805,2025-09-27,False
D001948,Jamie Davies,+1-557-472-3446x232,christina54@example.net,Kolkata,2024-10-10,5,0.5113924821049801,2025-09-27,False
D001949,Megan Adams,001-714-781-4336,phogan@example.net,Bhopal,2025-01-17,2,0.8606987940000982,2025-09-27,False
D001950,Ronald Choi,815.288.4599x41205,ericpoole@example.com,Hyderabad,2025-08-27,3,0.8936569911053305,2025-09-27,False
D001951,Jennifer Reyes,627-250-9941x431,punderwood@example.net,Jaipur,2025-04-21,5,0.6441205647167153,2025-09-27,False
D001952,Jacob Carson,809.568.8613,jennifer56@example.org,Ahmedabad,2025-04-05,0,0.5010089186611962,2025-09-27,False
D001953,Stephanie Diaz,+1-524-600-2437x6576,roberthawkins@example.org,Kanpur,2024-08-22,3,0.4791196313371068,2025-09-27,False
D001954,Thomas Robinson,258.285.6396,mcarter@example.net,Lucknow,2024-11-05,1,0.8579752352561723,2025-09-27,False
D001955,Amber Torres,(356)655-5784x1510,gregorydalton@example.net,Indore,2024-11-25,2,0.20404051133954595,2025-09-27,True
D001956,Nathaniel Knight,+1-973-703-1202,rclements@example.com,Chennai,2024-02-28,0,0.41579050607321033,2025-09-27,False
D001957,Karen Liu,+1-804-685-2638x14759,danielhenson@example.org,Kolkata,2024-07-10,4,0.5636000110194646,2025-09-27,False
D001958,Kathleen Meadows,001-952-299-2850x84549,sheryllawson@example.net,Mumbai,2024-03-14,5,0.4028173799307146,2025-09-27,True
D001959,Michelle Simmons,532-844-1055,zvargas@example.net,Thane,2024-10-08,3,0.4456544387890804,2025-09-27,False
D001960,James Rios,978-962-5449,joshua10@example.net,Hyderabad,2024-11-01,0,0.45535284440325546,2025-09-27,False
D001961,Justin Sanchez,249.879.3580,saracombs@example.com,Delhi,2024-08-28,1,0.7283284783114226,2025-09-27,False
D001962,Alyssa Singleton,551.911.4093,anthony55@example.com,Chennai,2025-08-03,5,0.6714510657388096,2025-09-27,False
D001963,Nicholas Garcia,(542)430-1158x41985,ndeleon@example.com,Chennai,2025-07-09,4,0.7588516808546685,2025-09-27,False
D001964,Sheila Fitzgerald,(468)671-4764x8878,cynthia80@example.com,Indore,2025-02-25,3,0.7663099107311298,2025-09-27,False
D001965,Meghan Smith,9958518820,danielsjamie@example.org,Pune,2025-09-13,3,0.5251865253534889,2025-09-27,False
D001966,John Harding,912.462.8335,gclayton@example.org,Bhopal,2024-05-29,6,0.7003336338528028,2025-09-27,False
D001967,Tiffany Williams,380.607.2197x3470,andrereyes@example.org,Indore,2025-04-10,6,0.7481317376502665,2025-09-27,False
D001968,Scott Cuevas,586.984.8848x81793,david63@example.com,Ahmedabad,2024-04-11,3,0.6364570222670694,2025-09-27,False
D001969,Kathryn Vasquez,322.916.5308x9177,jordan95@example.org,Indore,2023-11-19,2,0.4012637749159545,2025-09-27,False
D001970,Elaine Watkins,767-534-7371,jamie28@example.com,Kolkata,2023-10-14,3,0.7069975620174086,2025-09-27,False
D001971,Jennifer Bennett,472.668.0029,kaylabryan@example.com,Thane,2024-07-08,4,0.5877486206608105,2025-09-27,False
D001972,Patricia Green,001-931-818-0753x71330,kellygreen@example.org,Pune,2025-05-14,2,0.6119686279467907,2025-09-27,False
D001973,Charles Allen,001-861-620-7123x53071,harrisrhonda@example.com,Nagpur,2025-05-08,3,0.24810012352445535,2025-09-27,True
D001974,Tyler Hernandez,(846)641-5303,andreamoran@example.com,Jaipur,2025-03-30,5,0.6688028533632066,2025-09-27,False
D001975,Nathaniel Baxter,3285446174,hpage@example.net,Kanpur,2024-12-31,4,0.8001624297032446,2025-09-27,False
D001976,Nancy Gutierrez,001-337-405-8591x453,erica62@example.com,Kanpur,2025-08-21,6,0.599980036691237,2025-09-27,False
D001977,Jason Dean,+1-531-894-3722,brendalee@example.org,Kolkata,2025-09-27,5,0.8791742918154711,2025-09-27,False
D001978,Brandon Kane,786-489-8586x2214,hillbryce@example.com,Delhi,2024-07-16,4,0.8333041144645794,2025-09-27,False
D001979,Amanda Perez,906-277-0485x12127,kristinthomas@example.com,Jaipur,2025-01-15,1,0.5697824227817644,2025-09-27,False
D001980,Rodney Montes,(784)307-7644x7199,kramos@example.com,Ahmedabad,2023-10-03,1,0.6808361035497787,2025-09-27,False
D001981,George Salinas,+1-772-989-0382,amyscott@example.org,Nagpur,2024-06-12,2,0.6468994478578731,2025-09-27,False
D001982,Holly Bowman,001-938-785-0689x59062,alexandratucker@example.org,Bhopal,2025-08-31,2,0.8303444252869947,2025-09-27,False
D001983,John Curtis,+1-519-917-1543x03980,shelley21@example.com,Jaipur,2024-11-11,9,0.8247718797770611,2025-09-27,False
D001984,Erica Ward,001-773-792-8955,vanessamartin@example.org,Nagpur,2025-03-25,7,0.7066206028996692,2025-09-27,False
D001985,Jocelyn Jimenez,(386)752-3927x378,carlking@example.net,Ahmedabad,2025-01-16,6,0.7289754140597071,2025-09-27,False
D001986,Danielle Yoder,405.325.2252,qcaldwell@example.net,Kanpur,2025-04-07,1,0.6650967772502367,2025-09-27,False
D001987,Aaron Hansen,680.796.1535x014,janice15@example.net,Jaipur,2024-09-18,1,0.77784088852476,2025-09-27,False
D001988,Ryan Gutierrez,349-474-1464x80086,susan98@example.net,Jaipur,2024-07-19,4,0.4156608926110799,2025-09-27,False
D001989,Karen Flores,842-948-7559x2334,jonathanramos@example.net,Nagpur,2024-03-06,5,0.8990989396439288,2025-09-27,True
D001990,Hayley Stevens,001-957-818-9413x685,michaelmartinez@example.com,Ahmedabad,2023-12-23,1,0.7237538787006187,2025-09-27,False
D001991,Becky Sparks,461.831.8621,smithrachel@example.net,Pune,2024-06-07,3,0.6516352240502923,2025-09-27,False
D001992,Michael Larson,409-997-8703x282,nathancampbell@example.net,Thane,2025-03-16,3,0.7163296879647698,2025-09-27,False
D001993,Gregory Krueger,437-840-9798x57697,wagnerjacqueline@example.org,Delhi,2025-02-01,3,0.8604430789150976,2025-09-27,False
D001994,Stacey Andersen,+1-473-760-7031,williamlynch@example.net,Hyderabad,2023-11-13,2,0.5553342529559733,2025-09-27,False
D001995,Emma Mitchell,001-243-467-9185x767,matthew21@example.com,Thane,2025-03-24,1,0.45513836413828346,2025-09-27,False
D001996,Clifford Welch,205-414-2493x95619,andrewflynn@example.com,Mumbai,2025-04-06,1,0.8949206909777845,2025-09-27,False
D001997,Jill Gardner,692-935-2634x8733,nicholas74@example.org,Jaipur,2023-11-02,1,0.8738258265405445,2025-09-27,False
D001998,Matthew Carter,3388046631,stephaniehart@example.org,Lucknow,2023-12-27,6,0.8233220321663391,2025-09-27,False
D001999,Maria Gibbs,+1-737-765-2977,shannon31@example.com,Nagpur,2024-03-22,9,0.6744693392593375,2025-09-27,True
D002000,Robert Smith,+1-911-277-1155x5709,wesley94@example.org,Nagpur,2025-05-20,2,0.7398702789281855,2025-09-27,False
