donation_id,donor_id,category,condition,quantity,city,timestamp,matched_ngo,status
DN000001,D00076,formal,good,7,Bengaluru,2025-04-05,NGO0089,pending
DN000002,D00500,casual,excellent,6,Ahmedabad,2025-04-13,NGO0049,pending
DN000003,D00142,shoes,good,17,Hyderabad,2025-10-12,,approved
DN000004,D00276,casual,excellent,14,Delhi,2025-03-28,NGO0015,approved
DN000005,D00315,shoes,excellent,1,Jaipur,2025-03-21,NGO0074,pending
DN000006,D00155,accessories,good,6,Chennai,2024-12-23,NGO0040,delivered
DN000007,D00183,children,excellent,5,Ahmedabad,2025-02-15,,matched
DN000008,D00073,shoes,excellent,18,Bengaluru,2025-10-09,NGO0039,matched
DN000009,D00344,outerwear,good,12,Delhi,2025-01-30,NGO0035,pending
DN000010,D00343,accessories,fair,10,Lucknow,2024-11-29,,approved
DN000011,D00098,accessories,good,12,Mumbai,2025-06-25,NGO0064,approved
DN000012,D00306,shoes,excellent,20,Mumbai,2025-09-11,,pending
DN000013,D00419,outerwear,excellent,11,Chennai,2025-01-03,NGO0062,matched
DN000014,D00416,formal,fair,18,Kolkata,2025-05-29,NGO0003,matched
DN000015,D00140,formal,excellent,15,Ahmedabad,2025-09-02,,pending
DN000016,D00040,outerwear,good,11,Bengaluru,2024-12-11,NGO0083,matched
DN000017,D00083,accessories,fair,2,Delhi,2025-01-14,NGO0060,pending
DN000018,D00457,formal,excellent,19,Bengaluru,2025-02-18,NGO0087,pending
DN000019,D00032,formal,good,3,Bengaluru,2025-03-29,NGO0001,delivered
DN000020,D00302,accessories,fair,7,Pune,2025-08-12,NGO0093,pending
DN000021,D00102,outerwear,fair,18,Ahmedabad,2025-07-23,,delivered
DN000022,D00402,shoes,excellent,9,Delhi,2025-02-26,NGO0055,approved
DN000023,D00499,children,good,20,Jaipur,2025-05-13,NGO0061,matched
DN000024,D00216,shoes,excellent,2,Kolkata,2025-01-20,NGO0089,matched
DN000025,D00260,children,fair,5,Mumbai,2024-12-30,,matched
DN000026,D00231,children,excellent,7,Bengaluru,2025-09-13,,matched
DN000027,D00283,formal,good,10,Lucknow,2025-05-23,,matched
DN000028,D00178,shoes,excellent,20,Jaipur,2025-03-09,NGO0047,delivered
DN000029,D00277,outerwear,good,6,Delhi,2024-11-17,NGO0033,matched
DN000030,D00351,casual,excellent,5,Chennai,2025-08-28,NGO0075,approved
DN000031,D00309,children,excellent,2,Hyderabad,2024-11-15,NGO0050,delivered
DN000032,D00047,formal,fair,11,Kolkata,2024-12-11,,delivered
DN000033,D00203,shoes,excellent,3,Bengaluru,2025-02-21,NGO0013,pending
DN000034,D00253,accessories,excellent,9,Bengaluru,2025-09-09,NGO0020,approved
DN000035,D00085,outerwear,fair,8,Pune,2025-01-07,NGO0065,matched
DN000036,D00086,shoes,fair,20,Bengaluru,2024-11-15,,delivered
DN000037,D00218,outerwear,good,12,Lucknow,2025-04-11,NGO0018,approved
DN000038,D00028,accessories,fair,12,Hyderabad,2024-11-26,,pending
DN000039,D00207,children,good,19,Bengaluru,2025-08-20,NGO0003,pending
DN000040,D00277,children,good,8,Delhi,2025-05-09,NGO0018,approved
DN000041,D00109,children,excellent,4,Bengaluru,2025-10-23,,approved
DN000042,D00412,accessories,excellent,11,Hyderabad,2025-09-04,,delivered
DN000043,D00492,shoes,excellent,9,Kolkata,2025-09-10,NGO0036,approved
DN000044,D00447,casual,fair,3,Mumbai,2025-01-17,NGO0010,delivered
DN000045,D00392,accessories,good,8,Delhi,2025-07-11,NGO0069,pending
DN000046,D00088,children,fair,3,Delhi,2025-08-31,,delivered
DN000047,D00089,outerwear,good,4,Chennai,2025-11-09,NGO0019,pending
DN000048,D00171,outerwear,excellent,11,Lucknow,2025-09-08,NGO0028,matched
DN000049,D00050,accessories,good,9,Chennai,2024-12-09,,matched
DN000050,D00155,formal,good,2,Chennai,2025-05-30,NGO0016,pending
DN000051,D00416,casual,good,11,Kolkata,2024-12-30,NGO0036,delivered
DN000052,D00053,casual,excellent,10,Mumbai,2025-05-25,NGO0051,delivered
DN000053,D00445,children,excellent,4,Hyderabad,2025-02-20,NGO0027,matched
DN000054,D00316,accessories,excellent,9,Hyderabad,2024-11-26,NGO0067,approved
DN000055,D00475,accessories,good,13,Bengaluru,2024-12-23,NGO0069,approved
DN000056,D00350,children,fair,13,Mumbai,2025-04-01,NGO0039,approved
DN000057,D00376,shoes,good,18,Bengaluru,2025-05-24,NGO0059,pending
DN000058,D00168,formal,good,14,Hyderabad,2024-11-25,,delivered
DN000059,D00224,outerwear,fair,7,Pune,2025-10-25,NGO0050,pending
DN000060,D00327,children,good,2,Mumbai,2025-07-15,NGO0021,approved
DN000061,D00247,outerwear,good,14,Lucknow,2025-05-07,,delivered
DN000062,D00353,accessories,excellent,2,Bengaluru,2025-03-01,NGO0061,matched
DN000063,D00108,accessories,excellent,5,Pune,2025-08-04,,matched
DN000064,D00084,shoes,excellent,17,Chennai,2025-03-26,NGO0045,pending
DN000065,D00398,shoes,good,13,Hyderabad,2025-10-13,NGO0075,pending
DN000066,D00312,children,excellent,12,Bengaluru,2025-05-27,,approved
DN000067,D00385,accessories,fair,11,Chennai,2025-06-23,NGO0043,approved
DN000068,D00005,shoes,good,4,Jaipur,2024-12-14,NGO0084,matched
DN000069,D00297,shoes,excellent,8,Ahmedabad,2025-09-07,,delivered
DN000070,D00445,shoes,fair,11,Hyderabad,2025-05-17,,approved
DN000071,D00339,outerwear,fair,7,Jaipur,2025-07-17,,pending
DN000072,D00279,casual,excellent,14,Delhi,2025-07-25,NGO0020,approved
DN000073,D00406,formal,excellent,7,Chennai,2024-12-12,,delivered
DN000074,D00343,formal,good,10,Lucknow,2025-02-10,,delivered
DN000075,D00247,children,fair,15,Lucknow,2024-12-01,,matched
DN000076,D00290,outerwear,fair,19,Bengaluru,2025-02-03,NGO0038,matched
DN000077,D00139,children,good,6,Chennai,2025-04-11,,delivered
DN000078,D00238,formal,fair,13,Bengaluru,2025-03-17,NGO0037,delivered
DN000079,D00023,casual,fair,15,Jaipur,2025-01-15,,pending
DN000080,D00361,outerwear,good,12,Chennai,2025-03-28,NGO0007,pending
DN000081,D00187,formal,excellent,2,Ahmedabad,2025-10-01,NGO0046,delivered
DN000082,D00363,children,fair,1,Ahmedabad,2025-04-23,NGO0001,approved
DN000083,D00166,accessories,excellent,1,Delhi,2025-03-07,NGO0071,pending
DN000084,D00159,formal,excellent,16,Jaipur,2025-04-10,,matched
DN000085,D00335,outerwear,fair,10,Pune,2025-05-11,,approved
DN000086,D00444,shoes,good,8,Mumbai,2025-04-20,,matched
DN000087,D00338,formal,fair,17,Bengaluru,2025-09-11,NGO0035,pending
DN000088,D00054,children,good,8,Bengaluru,2025-02-28,NGO0054,approved
DN000089,D00314,formal,excellent,12,Hyderabad,2024-12-22,NGO0066,delivered
DN000090,D00232,formal,excellent,6,Mumbai,2025-01-02,,pending
DN000091,D00183,casual,fair,11,Ahmedabad,2025-09-15,NGO0025,delivered
DN000092,D00077,accessories,good,6,Ahmedabad,2025-10-04,NGO0060,matched
DN000093,D00127,shoes,good,9,Pune,2025-10-20,,pending
DN000094,D00018,accessories,fair,3,Jaipur,2025-09-27,,matched
DN000095,D00337,casual,good,6,Kolkata,2025-08-05,NGO0006,delivered
DN000096,D00281,accessories,good,5,Hyderabad,2025-05-07,NGO0013,delivered
DN000097,D00297,casual,excellent,6,Ahmedabad,2025-10-08,NGO0069,approved
DN000098,D00083,children,good,20,Delhi,2025-08-31,NGO0012,delivered
DN000099,D00146,children,good,16,Hyderabad,2025-03-20,NGO0037,approved
DN000100,D00363,children,excellent,13,Ahmedabad,2025-06-18,NGO0021,approved
DN000101,D00184,accessories,good,12,Ahmedabad,2025-06-23,NGO0027,delivered
DN000102,D00346,accessories,fair,2,Hyderabad,2025-08-07,NGO0001,delivered
DN000103,D00233,outerwear,excellent,7,Hyderabad,2025-03-10,NGO0014,approved
DN000104,D00084,casual,good,9,Chennai,2025-03-12,NGO0030,approved
DN000105,D00390,accessories,fair,19,Kolkata,2025-08-16,,delivered
DN000106,D00408,outerwear,excellent,4,Ahmedabad,2025-04-23,NGO0080,approved
DN000107,D00190,accessories,good,2,Chennai,2025-05-30,,delivered
DN000108,D00312,shoes,fair,17,Bengaluru,2025-05-23,NGO0094,approved
DN000109,D00485,accessories,fair,12,Mumbai,2025-02-28,NGO0019,delivered
DN000110,D00274,accessories,excellent,6,Delhi,2025-02-27,NGO0013,pending
DN000111,D00224,accessories,excellent,7,Pune,2025-10-26,NGO0085,pending
DN000112,D00046,casual,fair,16,Pune,2025-10-23,NGO0079,pending
DN000113,D00235,outerwear,fair,7,Kolkata,2025-06-08,NGO0082,approved
DN000114,D00245,outerwear,fair,14,Lucknow,2024-12-23,,matched
DN000115,D00445,children,excellent,12,Hyderabad,2025-01-27,NGO0050,pending
DN000116,D00005,shoes,excellent,9,Jaipur,2024-12-04,,delivered
DN000117,D00433,children,excellent,1,Jaipur,2025-10-05,,delivered
DN000118,D00494,shoes,good,18,Pune,2025-08-08,,delivered
DN000119,D00348,outerwear,fair,12,Kolkata,2025-04-23,NGO0018,pending
DN000120,D00018,accessories,fair,13,Jaipur,2025-11-09,NGO0099,delivered
DN000121,D00018,formal,fair,18,Jaipur,2025-05-17,,delivered
DN000122,D00345,outerwear,fair,16,Chennai,2024-12-10,NGO0021,delivered
DN000123,D00032,shoes,fair,3,Bengaluru,2025-08-06,,matched
DN000124,D00465,accessories,good,6,Mumbai,2025-08-28,,approved
DN000125,D00484,children,excellent,4,Chennai,2024-11-29,NGO0015,matched
DN000126,D00099,shoes,excellent,12,Hyderabad,2024-11-29,,pending
DN000127,D00448,shoes,excellent,11,Lucknow,2025-10-19,,delivered
DN000128,D00132,casual,excellent,1,Chennai,2025-02-22,NGO0092,pending
DN000129,D00461,children,good,12,Delhi,2025-07-23,NGO0075,pending
DN000130,D00113,children,good,4,Mumbai,2025-07-15,,pending
DN000131,D00056,outerwear,good,10,Delhi,2025-01-24,NGO0021,pending
DN000132,D00336,outerwear,good,12,Mumbai,2025-01-16,,matched
DN000133,D00049,accessories,good,15,Chennai,2025-10-06,NGO0087,matched
DN000134,D00496,shoes,good,19,Hyderabad,2025-07-03,,matched
DN000135,D00006,outerwear,excellent,7,Bengaluru,2025-06-09,,matched
DN000136,D00376,shoes,fair,18,Bengaluru,2025-04-06,,pending
DN000137,D00089,accessories,good,14,Chennai,2025-07-13,NGO0084,delivered
DN000138,D00468,shoes,fair,2,Ahmedabad,2024-12-19,NGO0051,pending
DN000139,D00398,outerwear,excellent,2,Hyderabad,2025-08-26,,delivered
DN000140,D00180,shoes,excellent,14,Hyderabad,2025-06-24,NGO0081,pending
DN000141,D00192,accessories,excellent,7,Jaipur,2025-01-20,,approved
DN000142,D00182,shoes,good,13,Ahmedabad,2025-10-16,,pending
DN000143,D00336,formal,fair,5,Mumbai,2025-08-25,NGO0066,pending
DN000144,D00056,formal,good,20,Delhi,2025-02-13,,pending
DN000145,D00414,outerwear,excellent,15,Lucknow,2025-05-31,,pending
DN000146,D00214,children,fair,13,Lucknow,2025-07-05,NGO0040,matched
DN000147,D00146,children,excellent,9,Hyderabad,2025-05-19,,delivered
DN000148,D00395,outerwear,good,13,Hyderabad,2025-06-15,NGO0034,delivered
DN000149,D00199,formal,fair,15,Ahmedabad,2025-04-14,,approved
DN000150,D00088,formal,fair,12,Delhi,2025-01-03,NGO0055,pending
DN000151,D00493,casual,excellent,2,Lucknow,2025-10-10,NGO0007,matched
DN000152,D00020,shoes,fair,5,Chennai,2025-09-14,NGO0007,delivered
DN000153,D00235,casual,fair,17,Kolkata,2025-09-30,,matched
DN000154,D00383,children,good,18,Jaipur,2025-06-23,NGO0098,matched
DN000155,D00064,shoes,good,18,Pune,2025-06-07,,pending
DN000156,D00472,children,excellent,13,Kolkata,2025-07-16,NGO0010,approved
DN000157,D00192,accessories,excellent,8,Jaipur,2025-09-07,NGO0008,matched
DN000158,D00392,shoes,good,1,Delhi,2025-08-14,,matched
DN000159,D00350,casual,excellent,17,Mumbai,2025-03-10,NGO0056,approved
DN000160,D00499,casual,excellent,9,Jaipur,2024-11-16,,delivered
DN000161,D00181,accessories,excellent,10,Jaipur,2025-10-31,NGO0012,delivered
DN000162,D00034,outerwear,excellent,11,Jaipur,2024-12-20,NGO0014,delivered
DN000163,D00225,casual,fair,9,Jaipur,2025-09-14,NGO0077,matched
DN000164,D00183,outerwear,fair,11,Ahmedabad,2025-10-11,NGO0046,matched
DN000165,D00282,shoes,good,2,Kolkata,2025-06-17,NGO0038,delivered
DN000166,D00344,formal,good,7,Delhi,2025-08-26,,pending
DN000167,D00374,casual,good,16,Pune,2025-04-08,,delivered
DN000168,D00032,children,fair,14,Bengaluru,2025-09-15,NGO0011,approved
DN000169,D00414,shoes,fair,6,Lucknow,2025-09-16,NGO0077,pending
DN000170,D00143,casual,good,7,Mumbai,2025-04-24,,delivered
DN000171,D00254,accessories,excellent,5,Delhi,2025-07-12,,delivered
DN000172,D00399,accessories,excellent,14,Jaipur,2025-06-13,NGO0025,approved
DN000173,D00418,accessories,fair,19,Chennai,2025-05-08,NGO0040,delivered
DN000174,D00190,shoes,fair,5,Chennai,2025-09-10,,approved
DN000175,D00470,outerwear,excellent,13,Ahmedabad,2025-04-14,,approved
DN000176,D00137,outerwear,fair,6,Bengaluru,2025-06-01,NGO0099,pending
DN000177,D00458,children,excellent,7,Mumbai,2025-10-19,NGO0026,matched
DN000178,D00176,shoes,good,8,Lucknow,2025-10-26,NGO0077,approved
DN000179,D00019,children,excellent,12,Chennai,2025-06-19,NGO0027,matched
DN000180,D00041,children,good,16,Ahmedabad,2024-12-02,NGO0022,delivered
DN000181,D00500,children,fair,6,Ahmedabad,2025-02-21,,pending
DN000182,D00423,outerwear,fair,12,Pune,2025-05-20,,delivered
DN000183,D00113,children,fair,14,Mumbai,2025-07-22,,matched
DN000184,D00474,casual,excellent,3,Hyderabad,2025-01-06,,delivered
DN000185,D00483,shoes,excellent,8,Pune,2025-09-13,NGO0033,pending
DN000186,D00455,shoes,excellent,6,Hyderabad,2025-02-04,NGO0051,pending
DN000187,D00040,outerwear,good,2,Bengaluru,2025-06-14,NGO0054,matched
DN000188,D00193,shoes,excellent,1,Delhi,2024-11-15,NGO0019,approved
DN000189,D00264,shoes,fair,2,Lucknow,2025-09-16,NGO0096,delivered
DN000190,D00223,casual,fair,14,Chennai,2024-12-15,,pending
DN000191,D00150,outerwear,excellent,7,Bengaluru,2025-01-17,,matched
DN000192,D00047,shoes,fair,6,Kolkata,2024-12-22,NGO0078,delivered
DN000193,D00391,formal,excellent,6,Kolkata,2025-04-24,,delivered
DN000194,D00433,outerwear,excellent,19,Jaipur,2024-12-04,,delivered
DN000195,D00135,children,excellent,4,Chennai,2024-12-28,NGO0075,approved
DN000196,D00048,shoes,good,16,Jaipur,2025-08-23,NGO0036,matched
DN000197,D00163,accessories,excellent,11,Delhi,2025-08-27,,approved
DN000198,D00474,formal,excellent,14,Hyderabad,2025-06-03,NGO0004,matched
DN000199,D00033,outerwear,good,17,Bengaluru,2025-05-27,NGO0063,pending
DN000200,D00021,outerwear,fair,14,Jaipur,2025-02-25,NGO0054,pending
DN000201,D00440,outerwear,excellent,5,Mumbai,2025-01-27,,delivered
DN000202,D00430,formal,good,3,Jaipur,2025-03-24,NGO0001,delivered
DN000203,D00378,casual,fair,2,Delhi,2025-09-26,,pending
DN000204,D00414,shoes,fair,17,Lucknow,2025-02-23,,approved
DN000205,D00425,accessories,excellent,1,Chennai,2025-08-11,NGO0064,approved
DN000206,D00351,children,good,15,Chennai,2025-05-10,,delivered
DN000207,D00384,outerwear,fair,9,Jaipur,2025-02-06,NGO0035,approved
DN000208,D00091,children,fair,1,Jaipur,2025-03-05,NGO0061,pending
DN000209,D00481,children,fair,17,Bengaluru,2025-02-08,NGO0092,pending
DN000210,D00090,outerwear,excellent,17,Hyderabad,2025-03-26,NGO0084,approved
DN000211,D00200,formal,good,9,Mumbai,2025-09-04,NGO0021,delivered
DN000212,D00122,casual,excellent,10,Ahmedabad,2025-03-21,,pending
DN000213,D00480,children,excellent,15,Kolkata,2025-10-29,,matched
DN000214,D00417,outerwear,excellent,19,Kolkata,2025-08-11,NGO0007,pending
DN000215,D00373,formal,excellent,18,Delhi,2025-03-10,NGO0006,pending
DN000216,D00228,outerwear,fair,3,Mumbai,2025-03-23,NGO0088,delivered
DN000217,D00486,outerwear,good,12,Pune,2025-03-21,NGO0010,approved
DN000218,D00451,formal,excellent,18,Delhi,2025-05-21,NGO0075,matched
DN000219,D00120,accessories,good,3,Ahmedabad,2025-02-09,,delivered
DN000220,D00117,outerwear,good,12,Pune,2025-06-28,,delivered
DN000221,D00245,accessories,excellent,8,Lucknow,2025-03-23,NGO0074,approved
DN000222,D00273,outerwear,fair,2,Jaipur,2025-06-26,,pending
DN000223,D00444,shoes,fair,8,Mumbai,2025-04-10,,matched
DN000224,D00243,formal,good,19,Ahmedabad,2024-12-31,,approved
DN000225,D00087,outerwear,good,6,Ahmedabad,2025-05-01,NGO0013,matched
DN000226,D00416,children,fair,2,Kolkata,2025-02-02,NGO0034,approved
DN000227,D00085,outerwear,good,16,Pune,2025-01-28,,matched
DN000228,D00308,shoes,fair,17,Bengaluru,2025-09-29,NGO0057,pending
DN000229,D00313,outerwear,excellent,7,Hyderabad,2025-04-21,,pending
DN000230,D00030,casual,good,2,Chennai,2025-05-13,NGO0075,approved
DN000231,D00497,casual,good,2,Kolkata,2025-03-25,,matched
DN000232,D00009,shoes,excellent,13,Mumbai,2025-05-02,NGO0001,delivered
DN000233,D00441,children,good,2,Mumbai,2025-07-25,NGO0043,pending
DN000234,D00155,formal,good,18,Chennai,2024-12-31,,matched
DN000235,D00051,formal,fair,14,Lucknow,2025-02-04,,approved
DN000236,D00278,shoes,excellent,11,Hyderabad,2025-01-29,NGO0026,matched
DN000237,D00136,formal,fair,15,Delhi,2025-10-08,NGO0013,pending
DN000238,D00180,accessories,good,5,Hyderabad,2025-07-19,,pending
DN000239,D00295,outerwear,good,18,Chennai,2025-02-16,NGO0012,pending
DN000240,D00295,children,good,13,Chennai,2025-07-29,NGO0072,approved
DN000241,D00098,shoes,good,16,Mumbai,2024-12-10,NGO0049,pending
DN000242,D00405,casual,excellent,10,Pune,2024-11-13,NGO0029,approved
DN000243,D00499,children,good,20,Jaipur,2024-12-22,NGO0080,approved
DN000244,D00271,children,excellent,7,Hyderabad,2025-01-08,NGO0058,approved
DN000245,D00223,formal,excellent,1,Chennai,2025-10-07,NGO0046,delivered
DN000246,D00264,shoes,good,17,Lucknow,2024-12-06,,delivered
DN000247,D00285,children,excellent,18,Jaipur,2024-12-25,NGO0011,matched
DN000248,D00331,shoes,excellent,4,Mumbai,2025-03-17,NGO0071,pending
DN000249,D00422,casual,excellent,14,Lucknow,2025-11-02,,pending
DN000250,D00163,shoes,excellent,13,Delhi,2025-07-23,NGO0039,approved
DN000251,D00484,shoes,fair,11,Chennai,2025-07-05,,pending
DN000252,D00086,shoes,fair,17,Bengaluru,2025-08-09,,approved
DN000253,D00243,casual,excellent,16,Ahmedabad,2025-01-06,,pending
DN000254,D00460,outerwear,good,11,Pune,2024-11-25,NGO0070,approved
DN000255,D00477,accessories,excellent,1,Delhi,2025-01-27,NGO0073,matched
DN000256,D00319,formal,good,10,Kolkata,2025-10-17,NGO0007,pending
DN000257,D00456,casual,good,7,Mumbai,2025-10-07,NGO0007,pending
DN000258,D00126,casual,good,10,Lucknow,2025-05-09,NGO0084,pending
DN000259,D00325,accessories,fair,11,Ahmedabad,2025-05-20,,pending
DN000260,D00258,children,good,17,Delhi,2024-12-03,NGO0073,matched
DN000261,D00052,accessories,good,12,Bengaluru,2025-04-14,NGO0013,approved
DN000262,D00203,casual,good,10,Bengaluru,2025-08-06,,matched
DN000263,D00080,outerwear,excellent,1,Delhi,2025-07-02,NGO0061,matched
DN000264,D00209,children,excellent,8,Bengaluru,2025-03-19,NGO0094,matched
DN000265,D00442,children,fair,9,Bengaluru,2025-10-25,NGO0028,matched
DN000266,D00018,children,fair,8,Jaipur,2025-09-21,,pending
DN000267,D00390,children,fair,18,Kolkata,2025-02-09,NGO0002,pending
DN000268,D00309,casual,good,11,Hyderabad,2025-03-04,,approved
DN000269,D00445,children,fair,10,Hyderabad,2025-03-05,NGO0095,delivered
DN000270,D00041,shoes,excellent,20,Ahmedabad,2025-06-24,NGO0014,pending
DN000271,D00459,shoes,good,12,Lucknow,2025-06-24,,pending
DN000272,D00470,children,fair,1,Ahmedabad,2025-05-07,,matched
DN000273,D00286,shoes,good,2,Chennai,2025-08-15,,approved
DN000274,D00348,accessories,fair,17,Kolkata,2025-05-15,,pending
DN000275,D00397,children,fair,18,Delhi,2025-02-05,NGO0039,pending
DN000276,D00353,children,good,6,Bengaluru,2025-04-08,NGO0014,pending
DN000277,D00410,shoes,excellent,9,Kolkata,2025-06-08,NGO0031,delivered
DN000278,D00207,outerwear,fair,10,Bengaluru,2025-01-06,NGO0032,approved
DN000279,D00337,outerwear,good,11,Kolkata,2025-02-12,,delivered
DN000280,D00170,shoes,good,16,Hyderabad,2025-05-15,,pending
DN000281,D00460,outerwear,excellent,6,Pune,2025-05-29,NGO0089,delivered
DN000282,D00423,outerwear,good,6,Pune,2025-02-03,NGO0046,delivered
DN000283,D00197,accessories,excellent,5,Chennai,2024-12-10,,matched
DN000284,D00064,formal,fair,1,Pune,2024-11-21,NGO0050,approved
DN000285,D00457,outerwear,good,15,Bengaluru,2025-08-10,NGO0064,approved
DN000286,D00050,accessories,excellent,20,Chennai,2025-02-13,,delivered
DN000287,D00154,casual,fair,2,Chennai,2024-12-27,NGO0008,pending
DN000288,D00063,accessories,good,7,Lucknow,2025-02-07,NGO0042,delivered
DN000289,D00256,children,fair,18,Lucknow,2025-08-26,NGO0083,matched
DN000290,D00326,children,excellent,18,Jaipur,2025-10-14,,pending
DN000291,D00420,casual,good,16,Chennai,2025-04-18,NGO0058,matched
DN000292,D00292,accessories,fair,11,Kolkata,2025-08-07,NGO0082,pending
DN000293,D00234,outerwear,fair,5,Delhi,2025-05-29,NGO0096,matched
DN000294,D00318,outerwear,good,19,Hyderabad,2024-11-27,NGO0078,approved
DN000295,D00246,shoes,excellent,10,Ahmedabad,2025-04-30,,approved
DN000296,D00198,outerwear,fair,17,Lucknow,2025-01-11,NGO0039,approved
DN000297,D00378,outerwear,excellent,12,Delhi,2025-03-24,,approved
DN000298,D00329,shoes,fair,18,Lucknow,2025-04-18,,pending
DN000299,D00132,shoes,excellent,9,Chennai,2025-07-12,NGO0006,approved
DN000300,D00416,children,excellent,8,Kolkata,2025-04-28,NGO0039,pending
DN000301,D00124,casual,fair,1,Mumbai,2025-10-20,NGO0009,delivered
DN000302,D00292,outerwear,excellent,19,Kolkata,2025-04-10,,matched
DN000303,D00053,formal,fair,16,Mumbai,2025-01-19,NGO0028,delivered
DN000304,D00092,outerwear,good,10,Mumbai,2025-03-14,,matched
DN000305,D00186,casual,good,20,Lucknow,2025-02-07,NGO0093,delivered
DN000306,D00071,children,good,9,Delhi,2025-04-12,NGO0090,pending
DN000307,D00274,shoes,excellent,5,Delhi,2025-02-03,,approved
DN000308,D00398,casual,excellent,15,Hyderabad,2025-06-28,NGO0096,delivered
DN000309,D00311,casual,good,3,Bengaluru,2025-09-24,NGO0052,approved
DN000310,D00485,accessories,excellent,20,Mumbai,2025-08-21,NGO0074,delivered
DN000311,D00109,formal,fair,10,Bengaluru,2025-01-30,,approved
DN000312,D00255,casual,fair,11,Bengaluru,2025-04-01,,approved
DN000313,D00279,casual,good,16,Delhi,2024-11-12,NGO0079,matched
DN000314,D00020,shoes,good,19,Chennai,2025-07-18,NGO0098,pending
DN000315,D00092,children,excellent,3,Mumbai,2025-03-16,NGO0072,delivered
DN000316,D00380,outerwear,excellent,10,Pune,2025-05-20,NGO0073,pending
DN000317,D00049,formal,excellent,8,Chennai,2025-09-07,NGO0046,delivered
DN000318,D00488,shoes,good,20,Chennai,2025-05-17,NGO0095,matched
DN000319,D00079,accessories,excellent,8,Lucknow,2025-10-21,NGO0025,pending
DN000320,D00209,accessories,good,4,Bengaluru,2025-06-17,,pending
DN000321,D00362,formal,fair,8,Ahmedabad,2024-11-21,NGO0002,matched
DN000322,D00110,casual,fair,18,Pune,2025-03-17,NGO0035,matched
DN000323,D00248,casual,fair,2,Delhi,2025-10-02,NGO0018,pending
DN000324,D00038,formal,excellent,20,Pune,2025-04-04,NGO0078,pending
DN000325,D00112,formal,fair,4,Chennai,2025-07-08,NGO0081,delivered
DN000326,D00031,children,excellent,6,Mumbai,2025-10-20,NGO0052,matched
DN000327,D00070,outerwear,excellent,3,Delhi,2024-12-11,NGO0069,matched
DN000328,D00376,outerwear,good,1,Bengaluru,2025-01-01,,approved
DN000329,D00347,outerwear,fair,16,Mumbai,2024-12-08,NGO0015,delivered
DN000330,D00269,shoes,fair,6,Mumbai,2025-05-10,,matched
DN000331,D00373,outerwear,excellent,9,Delhi,2025-07-05,NGO0018,approved
DN000332,D00159,shoes,good,10,Jaipur,2024-11-17,NGO0059,matched
DN000333,D00154,shoes,fair,10,Chennai,2025-02-20,,matched
DN000334,D00434,outerwear,good,17,Chennai,2024-11-20,,pending
DN000335,D00104,formal,good,10,Delhi,2025-01-07,NGO0021,approved
DN000336,D00109,children,good,14,Bengaluru,2025-01-20,,approved
DN000337,D00093,outerwear,fair,9,Hyderabad,2024-11-15,,approved
DN000338,D00212,casual,excellent,5,Pune,2025-06-08,,pending
DN000339,D00488,children,good,10,Chennai,2025-02-11,NGO0047,approved
DN000340,D00040,accessories,fair,6,Bengaluru,2025-01-22,NGO0070,delivered
DN000341,D00431,children,excellent,13,Chennai,2025-02-25,NGO0005,pending
DN000342,D00091,accessories,fair,18,Jaipur,2025-03-01,,delivered
DN000343,D00110,shoes,good,10,Pune,2025-05-05,NGO0082,approved
DN000344,D00491,casual,fair,1,Pune,2025-09-19,,delivered
DN000345,D00239,shoes,fair,6,Kolkata,2025-08-08,,approved
DN000346,D00315,children,excellent,13,Jaipur,2025-05-08,,approved
DN000347,D00066,casual,good,12,Chennai,2024-12-23,NGO0042,pending
DN000348,D00046,accessories,fair,1,Pune,2025-03-15,NGO0007,approved
DN000349,D00392,accessories,good,12,Delhi,2025-01-23,,pending
DN000350,D00429,formal,good,14,Mumbai,2025-10-15,NGO0023,approved
DN000351,D00234,outerwear,good,17,Delhi,2025-07-17,NGO0017,pending
DN000352,D00120,formal,excellent,20,Ahmedabad,2025-05-04,,matched
DN000353,D00214,formal,excellent,5,Lucknow,2025-06-04,NGO0083,delivered
DN000354,D00118,children,excellent,16,Bengaluru,2025-07-20,,pending
DN000355,D00006,casual,excellent,9,Bengaluru,2025-01-07,NGO0037,matched
DN000356,D00091,children,good,3,Jaipur,2025-06-26,NGO0088,pending
DN000357,D00479,casual,fair,9,Chennai,2025-07-25,NGO0076,matched
DN000358,D00029,outerwear,good,18,Ahmedabad,2025-03-27,NGO0033,approved
DN000359,D00361,casual,excellent,19,Chennai,2025-04-07,NGO0057,matched
DN000360,D00008,formal,excellent,1,Jaipur,2025-01-20,NGO0064,pending
DN000361,D00067,casual,good,5,Ahmedabad,2025-08-04,NGO0019,matched
DN000362,D00362,outerwear,good,10,Ahmedabad,2025-02-18,NGO0023,delivered
DN000363,D00209,accessories,good,9,Bengaluru,2025-07-05,NGO0093,delivered
DN000364,D00109,casual,fair,14,Bengaluru,2025-02-18,,pending
DN000365,D00017,shoes,good,4,Hyderabad,2025-09-26,NGO0049,pending
DN000366,D00019,outerwear,good,20,Chennai,2025-05-22,NGO0098,pending
DN000367,D00483,formal,excellent,15,Pune,2025-01-31,NGO0080,delivered
DN000368,D00035,shoes,fair,15,Pune,2025-07-22,NGO0020,pending
DN000369,D00308,outerwear,excellent,13,Bengaluru,2025-08-20,NGO0036,delivered
DN000370,D00036,casual,fair,15,Chennai,2025-02-02,NGO0058,pending
DN000371,D00412,children,fair,16,Hyderabad,2025-04-22,,approved
DN000372,D00008,formal,fair,4,Jaipur,2025-10-15,NGO0076,pending
DN000373,D00126,casual,fair,4,Lucknow,2025-07-01,,approved
DN000374,D00147,accessories,fair,20,Bengaluru,2025-02-22,NGO0032,pending
DN000375,D00330,casual,fair,5,Pune,2025-09-18,,matched
DN000376,D00289,shoes,excellent,3,Jaipur,2025-06-20,NGO0075,delivered
DN000377,D00395,casual,good,4,Hyderabad,2025-05-16,NGO0012,pending
DN000378,D00232,children,excellent,4,Mumbai,2025-05-14,,delivered
DN000379,D00490,casual,excellent,12,Pune,2025-02-16,NGO0021,matched
DN000380,D00067,shoes,excellent,7,Ahmedabad,2025-02-13,,approved
DN000381,D00169,accessories,excellent,2,Bengaluru,2025-09-10,,pending
DN000382,D00492,accessories,excellent,10,Kolkata,2025-03-17,NGO0013,matched
DN000383,D00061,outerwear,good,18,Pune,2025-05-18,NGO0063,approved
DN000384,D00372,casual,excellent,1,Jaipur,2024-11-19,NGO0030,pending
DN000385,D00340,outerwear,good,20,Jaipur,2025-04-18,,pending
DN000386,D00304,accessories,good,2,Mumbai,2025-01-06,NGO0073,delivered
DN000387,D00130,casual,excellent,8,Pune,2025-10-18,NGO0082,pending
DN000388,D00196,children,fair,7,Lucknow,2025-10-20,NGO0096,delivered
DN000389,D00029,casual,excellent,18,Ahmedabad,2025-02-15,NGO0015,pending
DN000390,D00394,casual,excellent,20,Jaipur,2025-09-24,,matched
DN000391,D00055,children,good,12,Jaipur,2025-09-21,NGO0036,pending
DN000392,D00496,children,good,12,Hyderabad,2024-12-17,,approved
DN000393,D00269,children,good,11,Mumbai,2025-04-14,NGO0019,pending
DN000394,D00038,formal,fair,1,Pune,2024-12-02,,approved
DN000395,D00001,casual,fair,19,Kolkata,2024-12-18,NGO0027,delivered
DN000396,D00427,accessories,fair,1,Mumbai,2025-05-09,,pending
DN000397,D00241,shoes,good,16,Bengaluru,2025-02-04,,approved
DN000398,D00116,outerwear,good,19,Bengaluru,2024-11-26,NGO0052,delivered
DN000399,D00415,casual,fair,6,Hyderabad,2025-09-12,NGO0092,matched
DN000400,D00262,casual,fair,16,Pune,2025-07-29,,matched
DN000401,D00214,formal,fair,1,Lucknow,2024-11-13,NGO0011,pending
DN000402,D00195,casual,fair,10,Kolkata,2025-08-14,NGO0080,matched
DN000403,D00431,shoes,excellent,10,Chennai,2025-04-15,NGO0058,delivered
DN000404,D00078,outerwear,fair,4,Bengaluru,2025-09-24,NGO0093,approved
DN000405,D00172,shoes,good,10,Jaipur,2025-01-05,NGO0033,delivered
DN000406,D00236,casual,fair,12,Lucknow,2025-03-10,,approved
DN000407,D00275,children,good,3,Kolkata,2025-05-07,NGO0050,delivered
DN000408,D00366,casual,good,20,Hyderabad,2025-03-11,,matched
DN000409,D00009,casual,fair,13,Mumbai,2025-06-15,NGO0077,approved
DN000410,D00408,accessories,excellent,13,Ahmedabad,2024-11-26,,pending
DN000411,D00375,outerwear,good,10,Jaipur,2024-11-11,NGO0054,matched
DN000412,D00497,shoes,good,2,Kolkata,2025-01-11,NGO0008,matched
DN000413,D00221,casual,good,13,Jaipur,2025-03-19,NGO0069,approved
DN000414,D00293,casual,fair,6,Jaipur,2025-01-30,NGO0016,approved
DN000415,D00210,accessories,fair,7,Bengaluru,2024-12-15,NGO0020,matched
DN000416,D00134,outerwear,good,19,Kolkata,2025-04-23,NGO0048,pending
DN000417,D00465,formal,excellent,11,Mumbai,2025-05-22,NGO0078,approved
DN000418,D00173,outerwear,fair,5,Bengaluru,2024-12-24,NGO0080,delivered
DN000419,D00222,accessories,fair,2,Jaipur,2024-12-13,,matched
DN000420,D00070,formal,excellent,8,Delhi,2024-12-23,,pending
DN000421,D00360,outerwear,excellent,15,Kolkata,2025-03-09,NGO0005,pending
DN000422,D00279,shoes,fair,20,Delhi,2025-06-12,,delivered
DN000423,D00063,formal,fair,8,Lucknow,2025-04-28,NGO0036,pending
DN000424,D00005,shoes,good,3,Jaipur,2025-03-01,NGO0070,matched
DN000425,D00052,shoes,good,2,Bengaluru,2025-05-25,NGO0028,matched
DN000426,D00344,casual,good,2,Delhi,2024-12-01,NGO0002,pending
DN000427,D00227,formal,good,18,Bengaluru,2024-12-23,NGO0077,pending
DN000428,D00137,casual,good,18,Bengaluru,2025-11-09,NGO0040,delivered
DN000429,D00196,shoes,good,2,Lucknow,2025-08-14,NGO0043,delivered
DN000430,D00047,formal,fair,3,Kolkata,2025-03-23,,pending
DN000431,D00499,accessories,fair,19,Jaipur,2025-10-05,,delivered
DN000432,D00357,shoes,good,20,Mumbai,2024-12-09,NGO0036,approved
DN000433,D00349,casual,fair,13,Delhi,2025-06-18,,matched
DN000434,D00153,shoes,good,5,Lucknow,2025-03-09,NGO0026,matched
DN000435,D00333,formal,excellent,20,Chennai,2025-11-06,NGO0019,pending
DN000436,D00401,casual,excellent,13,Lucknow,2025-06-10,NGO0012,matched
DN000437,D00246,accessories,fair,4,Ahmedabad,2025-02-01,NGO0002,pending
DN000438,D00279,children,good,4,Delhi,2024-11-29,,approved
DN000439,D00134,outerwear,fair,4,Kolkata,2025-09-20,NGO0045,delivered
DN000440,D00100,shoes,good,6,Kolkata,2025-01-28,NGO0047,delivered
DN000441,D00158,children,excellent,19,Kolkata,2025-06-09,,delivered
DN000442,D00356,accessories,fair,6,Ahmedabad,2025-06-23,NGO0076,matched
DN000443,D00147,outerwear,fair,5,Bengaluru,2025-08-16,NGO0054,pending
DN000444,D00025,formal,good,19,Kolkata,2025-07-11,NGO0014,matched
DN000445,D00142,accessories,good,15,Hyderabad,2025-09-28,,pending
DN000446,D00443,outerwear,excellent,1,Hyderabad,2025-08-12,NGO0091,approved
DN000447,D00011,formal,good,6,Delhi,2025-05-20,NGO0088,matched
DN000448,D00326,children,good,7,Jaipur,2025-07-09,,delivered
DN000449,D00035,accessories,excellent,9,Pune,2025-08-19,NGO0020,pending
DN000450,D00142,formal,fair,16,Hyderabad,2025-05-09,NGO0028,matched
DN000451,D00099,outerwear,good,1,Hyderabad,2025-05-08,,approved
DN000452,D00048,children,good,13,Jaipur,2025-09-12,,approved
DN000453,D00187,outerwear,good,14,Ahmedabad,2025-11-08,NGO0028,approved
DN000454,D00490,accessories,excellent,19,Pune,2025-04-11,NGO0012,pending
DN000455,D00224,children,fair,15,Pune,2024-11-20,NGO0057,matched
DN000456,D00431,shoes,fair,9,Chennai,2025-02-08,NGO0003,matched
DN000457,D00257,accessories,fair,17,Lucknow,2025-04-12,NGO0005,delivered
DN000458,D00433,formal,good,15,Jaipur,2025-09-21,NGO0035,matched
DN000459,D00204,outerwear,fair,4,Bengaluru,2025-06-17,NGO0002,pending
DN000460,D00294,children,fair,13,Bengaluru,2025-05-07,NGO0085,approved
DN000461,D00336,outerwear,excellent,4,Mumbai,2025-01-14,,approved
DN000462,D00381,outerwear,fair,1,Delhi,2025-01-22,NGO0005,delivered
DN000463,D00239,shoes,good,9,Kolkata,2025-02-10,NGO0073,approved
DN000464,D00003,outerwear,fair,1,Jaipur,2025-07-14,NGO0055,approved
DN000465,D00468,formal,excellent,1,Ahmedabad,2025-02-03,NGO0082,pending
DN000466,D00239,outerwear,fair,18,Kolkata,2025-03-01,NGO0019,delivered
DN000467,D00163,accessories,good,20,Delhi,2025-10-18,,approved
DN000468,D00453,formal,excellent,3,Lucknow,2025-08-17,NGO0067,pending
DN000469,D00092,shoes,fair,4,Mumbai,2025-08-09,,pending
DN000470,D00057,shoes,excellent,5,Bengaluru,2025-02-02,NGO0008,approved
DN000471,D00229,shoes,good,12,Kolkata,2025-03-13,,approved
DN000472,D00236,children,fair,13,Lucknow,2025-10-07,NGO0054,pending
DN000473,D00042,accessories,excellent,19,Pune,2025-09-27,NGO0071,matched
DN000474,D00279,shoes,excellent,16,Delhi,2025-02-21,NGO0015,matched
DN000475,D00104,casual,fair,19,Delhi,2025-11-05,NGO0013,approved
DN000476,D00118,children,excellent,5,Bengaluru,2025-05-17,NGO0003,delivered
DN000477,D00052,children,excellent,4,Bengaluru,2025-10-19,NGO0100,matched
DN000478,D00045,casual,good,11,Hyderabad,2025-08-06,,delivered
DN000479,D00102,casual,good,5,Ahmedabad,2024-12-17,,pending
DN000480,D00088,shoes,fair,4,Delhi,2025-03-08,NGO0012,approved
DN000481,D00184,formal,good,16,Ahmedabad,2025-05-18,,matched
DN000482,D00465,casual,excellent,20,Mumbai,2024-11-18,,matched
DN000483,D00325,formal,good,7,Ahmedabad,2025-10-28,,delivered
DN000484,D00463,accessories,good,6,Lucknow,2025-01-28,NGO0018,delivered
DN000485,D00302,formal,excellent,16,Pune,2025-11-09,NGO0034,pending
DN000486,D00412,outerwear,fair,2,Hyderabad,2025-05-24,NGO0038,delivered
DN000487,D00147,children,fair,14,Bengaluru,2025-08-16,NGO0025,approved
DN000488,D00114,casual,good,14,Ahmedabad,2025-04-24,,matched
DN000489,D00268,shoes,good,9,Ahmedabad,2025-02-19,,matched
DN000490,D00182,casual,good,17,Ahmedabad,2025-01-11,,approved
DN000491,D00023,accessories,fair,9,Jaipur,2025-06-16,NGO0043,pending
DN000492,D00419,accessories,fair,13,Chennai,2025-04-01,,pending
DN000493,D00048,casual,fair,13,Jaipur,2025-03-26,,approved
DN000494,D00351,shoes,good,10,Chennai,2025-03-18,NGO0016,delivered
DN000495,D00413,casual,excellent,9,Chennai,2025-07-13,NGO0073,matched
DN000496,D00327,casual,excellent,14,Mumbai,2025-05-30,,approved
DN000497,D00072,children,fair,7,Hyderabad,2025-05-30,,approved
DN000498,D00333,outerwear,excellent,8,Chennai,2025-04-21,NGO0094,pending
DN000499,D00198,shoes,excellent,7,Lucknow,2025-07-07,NGO0066,pending
DN000500,D00483,shoes,excellent,17,Pune,2025-02-22,NGO0068,approved
DN000501,D00472,outerwear,good,8,Kolkata,2025-04-21,NGO0088,delivered
DN000502,D00071,casual,excellent,17,Delhi,2025-03-24,NGO0018,approved
DN000503,D00268,outerwear,good,19,Ahmedabad,2025-03-26,,delivered
DN000504,D00117,formal,good,1,Pune,2025-06-09,,approved
DN000505,D00017,outerwear,excellent,1,Hyderabad,2025-09-13,NGO0013,approved
DN000506,D00339,accessories,fair,19,Jaipur,2025-05-02,NGO0055,pending
DN000507,D00160,accessories,fair,5,Delhi,2025-08-25,NGO0048,pending
DN000508,D00255,accessories,fair,8,Bengaluru,2024-12-20,,matched
DN000509,D00098,children,excellent,9,Mumbai,2025-05-06,,matched
DN000510,D00203,children,excellent,8,Bengaluru,2025-04-24,NGO0066,matched
DN000511,D00423,formal,fair,17,Pune,2024-11-18,NGO0009,pending
DN000512,D00230,casual,fair,16,Kolkata,2025-08-28,NGO0054,delivered
DN000513,D00131,formal,good,5,Chennai,2024-11-19,,delivered
DN000514,D00358,accessories,excellent,12,Kolkata,2025-01-19,NGO0002,approved
DN000515,D00198,shoes,good,19,Lucknow,2024-12-11,NGO0007,delivered
DN000516,D00329,formal,fair,15,Lucknow,2024-12-31,NGO0021,delivered
DN000517,D00311,children,excellent,13,Bengaluru,2025-01-15,,approved
DN000518,D00104,outerwear,fair,18,Delhi,2025-02-24,,delivered
DN000519,D00274,accessories,fair,12,Delhi,2025-04-26,NGO0062,matched
DN000520,D00457,accessories,excellent,15,Bengaluru,2025-02-11,NGO0017,delivered
DN000521,D00105,outerwear,excellent,16,Hyderabad,2025-08-31,,pending
DN000522,D00130,outerwear,excellent,17,Pune,2025-07-17,NGO0087,pending
DN000523,D00031,formal,fair,12,Mumbai,2025-03-22,,matched
DN000524,D00488,shoes,excellent,6,Chennai,2025-01-30,,approved
DN000525,D00155,formal,fair,12,Chennai,2025-04-01,,delivered
DN000526,D00434,formal,good,19,Chennai,2024-12-16,NGO0067,delivered
DN000527,D00472,children,good,15,Kolkata,2025-05-17,NGO0004,matched
DN000528,D00178,shoes,fair,8,Jaipur,2025-05-18,NGO0010,delivered
DN000529,D00442,casual,good,6,Bengaluru,2025-06-10,NGO0019,pending
DN000530,D00246,outerwear,fair,6,Ahmedabad,2025-03-21,NGO0055,matched
DN000531,D00316,formal,excellent,4,Hyderabad,2025-07-25,NGO0072,approved
DN000532,D00198,accessories,excellent,2,Lucknow,2025-03-21,NGO0092,delivered
DN000533,D00311,formal,fair,6,Bengaluru,2025-04-27,,approved
DN000534,D00202,outerwear,excellent,20,Jaipur,2025-06-01,NGO0058,approved
DN000535,D00458,accessories,fair,16,Mumbai,2025-09-08,NGO0011,pending
DN000536,D00118,accessories,excellent,16,Bengaluru,2025-04-06,,pending
DN000537,D00180,casual,fair,7,Hyderabad,2025-05-28,,delivered
DN000538,D00423,accessories,fair,1,Pune,2025-09-29,NGO0095,delivered
DN000539,D00279,casual,good,5,Delhi,2025-10-25,NGO0069,approved
DN000540,D00490,formal,good,20,Pune,2025-05-06,,delivered
DN000541,D00426,accessories,excellent,3,Hyderabad,2025-05-04,NGO0037,delivered
DN000542,D00471,children,excellent,12,Bengaluru,2025-02-16,NGO0051,pending
DN000543,D00104,outerwear,good,13,Delhi,2025-11-10,NGO0010,matched
DN000544,D00386,casual,excellent,5,Bengaluru,2025-03-10,NGO0095,approved
DN000545,D00472,children,fair,4,Kolkata,2025-05-03,NGO0050,matched
DN000546,D00059,children,good,12,Jaipur,2025-02-08,NGO0096,matched
DN000547,D00016,outerwear,good,20,Chennai,2025-01-23,NGO0028,delivered
DN000548,D00273,accessories,good,18,Jaipur,2025-05-25,,approved
DN000549,D00218,casual,good,15,Lucknow,2024-12-11,NGO0076,approved
DN000550,D00172,accessories,good,5,Jaipur,2025-01-31,NGO0056,approved
DN000551,D00280,shoes,good,16,Mumbai,2025-05-01,,delivered
DN000552,D00285,casual,excellent,20,Jaipur,2025-01-31,NGO0093,delivered
DN000553,D00139,formal,excellent,17,Chennai,2025-02-21,,pending
DN000554,D00127,casual,fair,20,Pune,2025-09-30,NGO0081,matched
DN000555,D00336,accessories,good,3,Mumbai,2025-10-29,NGO0051,matched
DN000556,D00122,shoes,fair,13,Ahmedabad,2025-05-18,,pending
DN000557,D00064,casual,good,10,Pune,2025-08-09,NGO0053,approved
DN000558,D00320,accessories,excellent,12,Hyderabad,2025-08-26,,approved
DN000559,D00059,formal,good,9,Jaipur,2024-12-05,,matched
DN000560,D00339,accessories,good,19,Jaipur,2025-11-01,,pending
DN000561,D00465,children,excellent,13,Mumbai,2025-07-06,NGO0026,delivered
DN000562,D00496,children,fair,5,Hyderabad,2024-12-07,NGO0095,pending
DN000563,D00051,shoes,good,8,Lucknow,2024-11-23,,pending
DN000564,D00097,casual,fair,12,Bengaluru,2025-06-22,,approved
DN000565,D00452,accessories,good,8,Ahmedabad,2025-07-24,NGO0083,delivered
DN000566,D00350,shoes,good,5,Mumbai,2025-08-07,NGO0085,matched
DN000567,D00096,shoes,excellent,8,Lucknow,2025-08-04,NGO0007,approved
DN000568,D00003,children,fair,8,Jaipur,2025-02-06,,matched
DN000569,D00274,shoes,good,11,Delhi,2024-11-20,,matched
DN000570,D00475,children,fair,17,Bengaluru,2025-11-04,NGO0027,delivered
DN000571,D00465,children,good,6,Mumbai,2025-01-14,,pending
DN000572,D00027,children,good,3,Chennai,2025-02-05,NGO0052,approved
DN000573,D00081,casual,excellent,14,Kolkata,2025-09-26,NGO0034,delivered
DN000574,D00204,casual,fair,8,Bengaluru,2025-03-04,NGO0003,delivered
DN000575,D00226,shoes,excellent,2,Delhi,2025-01-25,NGO0085,matched
DN000576,D00046,outerwear,good,3,Pune,2025-01-31,,delivered
DN000577,D00098,formal,excellent,8,Mumbai,2025-08-28,NGO0040,approved
DN000578,D00406,children,fair,14,Chennai,2025-08-18,NGO0011,matched
DN000579,D00307,shoes,good,20,Delhi,2025-06-29,NGO0025,matched
DN000580,D00124,outerwear,fair,2,Mumbai,2025-10-29,NGO0015,matched
DN000581,D00226,outerwear,fair,14,Delhi,2025-07-03,,delivered
DN000582,D00300,children,good,14,Pune,2025-01-19,,delivered
DN000583,D00307,children,excellent,11,Delhi,2025-07-02,NGO0042,delivered
DN000584,D00350,children,excellent,4,Mumbai,2025-09-21,NGO0087,approved
DN000585,D00328,casual,good,6,Ahmedabad,2025-06-09,NGO0091,delivered
DN000586,D00116,casual,fair,13,Bengaluru,2025-04-13,NGO0078,matched
DN000587,D00311,casual,fair,10,Bengaluru,2025-04-23,NGO0078,approved
DN000588,D00387,shoes,fair,18,Bengaluru,2025-03-23,NGO0043,delivered
DN000589,D00171,children,fair,6,Lucknow,2025-01-08,NGO0049,matched
DN000590,D00154,children,excellent,13,Chennai,2025-05-05,,pending
DN000591,D00014,casual,fair,11,Chennai,2025-06-14,NGO0078,matched
DN000592,D00479,children,fair,6,Chennai,2025-10-12,NGO0090,delivered
DN000593,D00411,children,excellent,13,Jaipur,2025-10-20,,approved
DN000594,D00415,shoes,fair,4,Hyderabad,2024-11-18,,delivered
DN000595,D00020,shoes,good,6,Chennai,2024-11-14,NGO0015,approved
DN000596,D00358,formal,fair,16,Kolkata,2024-12-08,NGO0013,approved
DN000597,D00076,children,fair,8,Bengaluru,2025-09-22,,approved
DN000598,D00247,shoes,fair,12,Lucknow,2025-10-14,,pending
DN000599,D00128,accessories,good,2,Lucknow,2025-09-16,,matched
DN000600,D00006,casual,excellent,16,Bengaluru,2024-11-15,NGO0010,delivered
DN000601,D00433,accessories,excellent,13,Jaipur,2025-06-18,NGO0091,approved
DN000602,D00374,shoes,fair,18,Pune,2025-10-28,NGO0031,delivered
DN000603,D00006,formal,fair,9,Bengaluru,2025-05-03,NGO0024,matched
DN000604,D00453,outerwear,fair,20,Lucknow,2025-03-27,NGO0056,delivered
DN000605,D00212,casual,fair,2,Pune,2025-07-12,,pending
DN000606,D00216,shoes,excellent,2,Kolkata,2025-04-25,,pending
DN000607,D00494,children,fair,19,Pune,2025-04-22,,pending
DN000608,D00379,shoes,fair,16,Hyderabad,2025-09-23,NGO0054,delivered
DN000609,D00143,outerwear,excellent,14,Mumbai,2025-05-05,NGO0059,matched
DN000610,D00137,children,good,18,Bengaluru,2025-06-27,,approved
DN000611,D00023,children,fair,20,Jaipur,2025-03-20,NGO0035,delivered
DN000612,D00026,outerwear,fair,14,Jaipur,2025-04-25,NGO0069,matched
DN000613,D00467,casual,excellent,7,Kolkata,2025-08-20,NGO0063,pending
DN000614,D00424,accessories,fair,14,Kolkata,2025-01-09,,approved
DN000615,D00426,outerwear,excellent,9,Hyderabad,2024-12-16,NGO0049,delivered
DN000616,D00039,outerwear,excellent,8,Hyderabad,2025-04-30,NGO0004,approved
DN000617,D00346,shoes,good,9,Hyderabad,2025-03-13,,delivered
DN000618,D00339,outerwear,fair,16,Jaipur,2025-08-24,,matched
DN000619,D00179,outerwear,good,20,Kolkata,2025-10-08,,approved
DN000620,D00357,children,fair,5,Mumbai,2025-04-29,,delivered
DN000621,D00228,shoes,fair,1,Mumbai,2025-03-16,,pending
DN000622,D00110,children,fair,8,Pune,2025-04-07,,pending
DN000623,D00232,outerwear,excellent,12,Mumbai,2025-01-03,,matched
DN000624,D00441,accessories,fair,13,Mumbai,2025-01-17,NGO0007,delivered
DN000625,D00091,formal,good,4,Jaipur,2025-05-15,NGO0071,pending
DN000626,D00354,shoes,excellent,18,Bengaluru,2025-04-14,,pending
DN000627,D00317,outerwear,excellent,11,Hyderabad,2024-11-22,NGO0081,pending
DN000628,D00482,casual,excellent,2,Ahmedabad,2025-10-29,NGO0052,matched
DN000629,D00363,children,excellent,3,Ahmedabad,2025-03-20,,pending
DN000630,D00257,formal,excellent,13,Lucknow,2025-07-02,,approved
DN000631,D00362,accessories,good,16,Ahmedabad,2024-12-16,,approved
DN000632,D00467,shoes,excellent,12,Kolkata,2025-09-01,,approved
DN000633,D00245,formal,excellent,3,Lucknow,2025-04-05,,approved
DN000634,D00083,children,excellent,1,Delhi,2025-02-23,NGO0015,matched
DN000635,D00253,outerwear,fair,10,Bengaluru,2025-03-06,,pending
DN000636,D00018,formal,good,18,Jaipur,2025-04-21,NGO0011,matched
DN000637,D00147,casual,excellent,1,Bengaluru,2025-07-30,NGO0063,approved
DN000638,D00288,formal,fair,13,Mumbai,2025-08-07,,pending
DN000639,D00422,shoes,good,6,Lucknow,2025-01-10,NGO0081,approved
DN000640,D00431,accessories,good,16,Chennai,2025-10-24,,matched
DN000641,D00460,casual,fair,11,Pune,2025-03-23,NGO0040,pending
DN000642,D00233,shoes,good,14,Hyderabad,2025-07-21,NGO0057,delivered
DN000643,D00092,casual,excellent,17,Mumbai,2025-01-28,NGO0071,matched
DN000644,D00491,shoes,good,18,Pune,2025-05-05,NGO0036,approved
DN000645,D00236,shoes,fair,1,Lucknow,2025-11-07,NGO0025,matched
DN000646,D00497,casual,excellent,5,Kolkata,2025-10-14,,delivered
DN000647,D00326,accessories,fair,6,Jaipur,2025-07-23,NGO0021,matched
DN000648,D00429,shoes,fair,19,Mumbai,2025-03-31,,delivered
DN000649,D00142,shoes,fair,15,Hyderabad,2024-12-25,NGO0052,approved
DN000650,D00032,casual,fair,16,Bengaluru,2025-06-05,NGO0014,pending
DN000651,D00214,casual,fair,10,Lucknow,2025-06-19,,delivered
DN000652,D00275,accessories,good,8,Kolkata,2025-04-20,,pending
DN000653,D00336,accessories,fair,2,Mumbai,2024-12-10,NGO0070,approved
DN000654,D00340,outerwear,good,13,Jaipur,2025-09-13,NGO0034,matched
DN000655,D00213,shoes,good,3,Hyderabad,2025-07-22,,approved
DN000656,D00485,casual,excellent,13,Mumbai,2024-11-22,,matched
DN000657,D00170,accessories,fair,7,Hyderabad,2024-11-16,,approved
DN000658,D00313,outerwear,excellent,5,Hyderabad,2025-10-29,,approved
DN000659,D00047,children,fair,20,Kolkata,2025-06-21,,matched
DN000660,D00211,casual,fair,18,Jaipur,2024-12-10,NGO0083,pending
DN000661,D00454,outerwear,excellent,14,Delhi,2025-01-13,NGO0083,delivered
DN000662,D00258,accessories,good,20,Delhi,2024-11-14,,approved
DN000663,D00430,outerwear,excellent,18,Jaipur,2025-05-10,,pending
DN000664,D00344,accessories,excellent,12,Delhi,2025-06-05,,pending
DN000665,D00087,shoes,fair,5,Ahmedabad,2025-07-18,NGO0022,delivered
DN000666,D00298,formal,fair,15,Pune,2025-04-27,NGO0042,matched
DN000667,D00407,accessories,fair,5,Kolkata,2025-10-22,,delivered
DN000668,D00318,children,fair,8,Hyderabad,2025-06-01,NGO0071,pending
DN000669,D00298,children,good,13,Pune,2025-05-18,NGO0043,delivered
DN000670,D00195,shoes,good,9,Kolkata,2025-04-10,,matched
DN000671,D00180,children,fair,20,Hyderabad,2024-12-11,,pending
DN000672,D00332,accessories,fair,10,Mumbai,2025-01-04,NGO0025,matched
DN000673,D00136,children,excellent,14,Delhi,2025-07-04,NGO0056,pending
DN000674,D00124,casual,excellent,17,Mumbai,2025-10-25,NGO0012,matched
DN000675,D00078,outerwear,fair,3,Bengaluru,2025-05-08,NGO0089,approved
DN000676,D00221,outerwear,fair,1,Jaipur,2025-08-18,,delivered
DN000677,D00161,outerwear,excellent,13,Delhi,2025-03-14,,delivered
DN000678,D00047,outerwear,excellent,6,Kolkata,2025-01-26,NGO0005,approved
DN000679,D00456,accessories,fair,16,Mumbai,2024-11-13,,approved
DN000680,D00046,outerwear,good,8,Pune,2025-02-01,,delivered
DN000681,D00486,children,excellent,9,Pune,2025-07-31,NGO0015,pending
DN000682,D00068,casual,fair,17,Pune,2025-08-21,NGO0021,pending
DN000683,D00480,children,excellent,15,Kolkata,2024-12-20,NGO0012,approved
DN000684,D00180,shoes,fair,16,Hyderabad,2025-05-10,NGO0068,delivered
DN000685,D00348,shoes,excellent,2,Kolkata,2025-06-15,NGO0077,matched
DN000686,D00263,shoes,good,16,Kolkata,2025-08-06,,pending
DN000687,D00162,shoes,good,7,Chennai,2025-06-06,NGO0007,matched
DN000688,D00268,formal,excellent,9,Ahmedabad,2025-03-08,NGO0086,approved
DN000689,D00320,accessories,excellent,8,Hyderabad,2025-04-22,NGO0002,matched
DN000690,D00152,children,fair,11,Pune,2025-02-04,,approved
DN000691,D00281,children,excellent,9,Hyderabad,2025-10-19,,delivered
DN000692,D00417,children,fair,14,Kolkata,2024-12-26,,delivered
DN000693,D00479,accessories,good,8,Chennai,2025-01-22,NGO0001,delivered
DN000694,D00370,outerwear,fair,4,Mumbai,2025-02-19,,matched
DN000695,D00260,children,fair,20,Mumbai,2025-01-08,,approved
DN000696,D00392,shoes,excellent,16,Delhi,2025-04-01,NGO0054,delivered
DN000697,D00132,formal,good,10,Chennai,2024-11-13,NGO0092,matched
DN000698,D00293,accessories,excellent,1,Jaipur,2025-06-26,,approved
DN000699,D00478,accessories,good,15,Kolkata,2025-02-18,NGO0066,delivered
DN000700,D00104,formal,fair,13,Delhi,2025-06-12,NGO0041,delivered
DN000701,D00331,accessories,fair,12,Mumbai,2025-01-07,,pending
DN000702,D00393,accessories,excellent,16,Bengaluru,2025-04-25,NGO0024,approved
DN000703,D00132,outerwear,fair,10,Chennai,2025-02-16,NGO0055,matched
DN000704,D00306,accessories,excellent,12,Mumbai,2025-09-19,,approved
DN000705,D00382,outerwear,fair,10,Chennai,2025-10-06,NGO0074,pending
DN000706,D00121,formal,good,17,Pune,2025-05-08,,matched
DN000707,D00404,shoes,fair,15,Bengaluru,2025-04-12,,delivered
DN000708,D00200,casual,good,15,Mumbai,2025-01-27,,approved
DN000709,D00419,casual,good,6,Chennai,2024-12-11,NGO0003,matched
DN000710,D00275,casual,fair,17,Kolkata,2025-02-20,,pending
DN000711,D00178,outerwear,excellent,6,Jaipur,2025-01-29,NGO0061,matched
DN000712,D00293,formal,good,4,Jaipur,2025-01-17,,delivered
DN000713,D00272,shoes,excellent,2,Lucknow,2025-09-01,,pending
DN000714,D00242,casual,good,11,Jaipur,2025-03-17,NGO0061,matched
DN000715,D00306,children,excellent,20,Mumbai,2025-11-05,,matched
DN000716,D00215,outerwear,excellent,16,Lucknow,2025-05-04,NGO0051,pending
DN000717,D00029,formal,good,17,Ahmedabad,2025-04-28,NGO0070,approved
DN000718,D00040,accessories,excellent,13,Bengaluru,2024-11-27,,delivered
DN000719,D00160,accessories,good,6,Delhi,2024-11-29,,pending
DN000720,D00372,outerwear,fair,1,Jaipur,2025-05-02,,approved
DN000721,D00358,shoes,excellent,10,Kolkata,2025-02-02,NGO0059,delivered
DN000722,D00144,outerwear,fair,11,Kolkata,2024-11-26,NGO0076,matched
DN000723,D00232,casual,good,19,Mumbai,2025-05-21,,pending
DN000724,D00393,formal,good,17,Bengaluru,2025-04-14,,approved
DN000725,D00352,children,excellent,16,Kolkata,2025-05-07,NGO0082,delivered
DN000726,D00139,casual,good,5,Chennai,2024-11-14,NGO0038,matched
DN000727,D00174,shoes,excellent,6,Mumbai,2025-04-03,NGO0023,delivered
DN000728,D00355,children,excellent,19,Chennai,2025-07-06,,approved
DN000729,D00349,casual,fair,5,Delhi,2024-11-24,NGO0073,pending
DN000730,D00387,outerwear,good,12,Bengaluru,2025-05-17,,pending
DN000731,D00304,children,excellent,19,Mumbai,2025-02-18,NGO0059,pending
DN000732,D00384,shoes,fair,6,Jaipur,2025-10-16,NGO0023,matched
DN000733,D00470,casual,good,13,Ahmedabad,2025-10-03,NGO0014,matched
DN000734,D00198,children,fair,16,Lucknow,2025-06-30,NGO0087,approved
DN000735,D00266,accessories,excellent,17,Jaipur,2025-07-11,,pending
DN000736,D00441,accessories,excellent,13,Mumbai,2025-05-14,NGO0079,delivered
DN000737,D00121,outerwear,fair,9,Pune,2025-02-04,NGO0008,delivered
DN000738,D00079,shoes,good,19,Lucknow,2024-12-19,NGO0025,delivered
DN000739,D00419,formal,fair,9,Chennai,2025-05-08,NGO0056,delivered
DN000740,D00413,accessories,good,17,Chennai,2025-11-08,NGO0044,matched
DN000741,D00390,children,good,11,Kolkata,2025-06-13,NGO0037,approved
DN000742,D00443,accessories,good,4,Hyderabad,2025-10-11,,matched
DN000743,D00230,accessories,good,12,Kolkata,2025-04-16,,pending
DN000744,D00426,accessories,good,3,Hyderabad,2025-10-06,,approved
DN000745,D00426,children,good,14,Hyderabad,2025-07-20,,delivered
DN000746,D00046,formal,good,8,Pune,2025-05-28,,matched
DN000747,D00392,formal,excellent,4,Delhi,2025-10-12,NGO0051,delivered
DN000748,D00375,shoes,fair,11,Jaipur,2025-09-29,,pending
DN000749,D00155,outerwear,good,5,Chennai,2025-04-23,NGO0045,matched
DN000750,D00198,shoes,excellent,9,Lucknow,2025-08-19,NGO0038,pending
DN000751,D00185,casual,fair,2,Jaipur,2025-08-20,NGO0060,approved
DN000752,D00270,formal,good,15,Chennai,2025-10-06,,delivered
DN000753,D00017,formal,fair,16,Hyderabad,2025-05-06,NGO0065,delivered
DN000754,D00461,accessories,excellent,3,Delhi,2024-12-31,NGO0054,matched
DN000755,D00188,shoes,excellent,19,Bengaluru,2025-06-03,,matched
DN000756,D00312,children,good,20,Bengaluru,2025-02-05,,pending
DN000757,D00033,accessories,excellent,1,Bengaluru,2025-11-09,NGO0029,delivered
DN000758,D00290,formal,excellent,12,Bengaluru,2025-06-26,NGO0088,matched
DN000759,D00098,casual,fair,19,Mumbai,2025-06-28,NGO0060,pending
DN000760,D00309,casual,good,2,Hyderabad,2025-09-26,,pending
DN000761,D00166,formal,fair,7,Delhi,2025-07-08,NGO0040,approved
DN000762,D00473,casual,excellent,10,Pune,2025-07-25,NGO0017,delivered
DN000763,D00472,casual,excellent,1,Kolkata,2025-06-12,NGO0014,delivered
DN000764,D00455,accessories,excellent,11,Hyderabad,2025-08-08,NGO0019,matched
DN000765,D00205,formal,good,2,Bengaluru,2025-08-23,NGO0086,pending
DN000766,D00376,outerwear,fair,10,Bengaluru,2025-05-04,NGO0058,approved
DN000767,D00241,casual,excellent,9,Bengaluru,2025-01-30,NGO0040,pending
DN000768,D00121,casual,good,5,Pune,2025-04-02,,pending
DN000769,D00179,shoes,excellent,12,Kolkata,2025-02-15,NGO0028,approved
DN000770,D00325,children,excellent,11,Ahmedabad,2025-04-30,,matched
DN000771,D00286,formal,good,8,Chennai,2025-09-08,,pending
DN000772,D00177,accessories,good,8,Kolkata,2024-11-17,NGO0023,delivered
DN000773,D00168,outerwear,excellent,9,Hyderabad,2025-06-09,NGO0010,pending
DN000774,D00186,casual,good,3,Lucknow,2025-04-10,NGO0001,matched
DN000775,D00157,casual,fair,2,Lucknow,2024-11-17,NGO0079,matched
DN000776,D00032,accessories,excellent,8,Bengaluru,2025-05-21,NGO0081,matched
DN000777,D00168,shoes,fair,14,Hyderabad,2025-05-10,,delivered
DN000778,D00154,shoes,excellent,3,Chennai,2025-03-12,,pending
DN000779,D00098,accessories,fair,7,Mumbai,2025-08-08,,approved
DN000780,D00318,accessories,good,4,Hyderabad,2025-02-03,NGO0067,matched
DN000781,D00004,shoes,excellent,15,Chennai,2025-05-27,,pending
DN000782,D00369,outerwear,good,9,Jaipur,2025-07-01,NGO0070,pending
DN000783,D00050,accessories,excellent,11,Chennai,2025-08-21,,delivered
DN000784,D00122,outerwear,excellent,9,Ahmedabad,2025-01-14,NGO0046,delivered
DN000785,D00268,accessories,good,15,Ahmedabad,2025-04-21,NGO0049,pending
DN000786,D00003,accessories,excellent,14,Jaipur,2025-10-04,,delivered
DN000787,D00017,accessories,good,13,Hyderabad,2025-03-24,NGO0014,delivered
DN000788,D00424,children,excellent,8,Kolkata,2025-10-22,NGO0026,approved
DN000789,D00236,accessories,fair,2,Lucknow,2025-05-28,NGO0072,delivered
DN000790,D00349,formal,excellent,10,Delhi,2025-07-13,NGO0081,delivered
DN000791,D00449,accessories,good,15,Bengaluru,2025-06-20,NGO0049,approved
DN000792,D00089,outerwear,fair,19,Chennai,2024-12-26,,pending
DN000793,D00019,shoes,excellent,19,Chennai,2025-01-10,NGO0001,approved
DN000794,D00369,shoes,good,6,Jaipur,2025-07-27,NGO0055,delivered
DN000795,D00289,outerwear,fair,8,Jaipur,2025-09-19,,matched
DN000796,D00006,children,fair,6,Bengaluru,2025-02-19,NGO0072,matched
DN000797,D00240,children,good,12,Mumbai,2025-11-06,,delivered
DN000798,D00090,shoes,fair,2,Hyderabad,2025-09-20,NGO0085,matched
DN000799,D00340,children,fair,9,Jaipur,2025-06-05,,approved
DN000800,D00414,formal,good,12,Lucknow,2024-12-07,,matched
DN000801,D00051,children,good,16,Lucknow,2025-03-19,,pending
DN000802,D00344,shoes,excellent,9,Delhi,2025-01-04,NGO0025,matched
DN000803,D00061,formal,good,19,Pune,2025-02-16,,pending
DN000804,D00140,children,good,2,Ahmedabad,2025-02-22,NGO0092,matched
DN000805,D00005,shoes,excellent,18,Jaipur,2025-10-24,NGO0036,delivered
DN000806,D00075,accessories,excellent,19,Mumbai,2025-03-08,,approved
DN000807,D00158,casual,good,14,Kolkata,2025-02-23,NGO0009,delivered
DN000808,D00349,outerwear,good,9,Delhi,2025-07-29,,delivered
DN000809,D00022,shoes,excellent,12,Pune,2025-04-16,NGO0073,approved
DN000810,D00220,formal,excellent,15,Hyderabad,2024-12-27,NGO0052,pending
DN000811,D00277,children,fair,17,Delhi,2025-10-19,NGO0056,matched
DN000812,D00296,casual,fair,2,Kolkata,2025-08-02,,matched
DN000813,D00175,shoes,fair,12,Kolkata,2025-04-22,NGO0032,delivered
DN000814,D00336,children,good,1,Mumbai,2025-06-21,NGO0050,approved
DN000815,D00357,casual,excellent,6,Mumbai,2025-02-19,,pending
DN000816,D00406,casual,fair,12,Chennai,2025-10-01,NGO0084,pending
DN000817,D00277,shoes,fair,9,Delhi,2025-07-14,,approved
DN000818,D00436,accessories,fair,11,Mumbai,2025-05-03,NGO0074,pending
DN000819,D00235,outerwear,excellent,11,Kolkata,2025-11-01,NGO0015,pending
DN000820,D00134,shoes,good,10,Kolkata,2025-11-05,NGO0085,delivered
DN000821,D00495,formal,excellent,10,Hyderabad,2025-02-22,NGO0007,pending
DN000822,D00160,shoes,good,9,Delhi,2025-02-22,,delivered
DN000823,D00442,formal,fair,13,Bengaluru,2025-09-26,NGO0065,delivered
DN000824,D00251,children,fair,16,Jaipur,2025-03-22,NGO0036,approved
DN000825,D00417,outerwear,excellent,15,Kolkata,2025-05-01,NGO0029,delivered
DN000826,D00277,formal,fair,10,Delhi,2025-05-06,,matched
DN000827,D00202,outerwear,good,18,Jaipur,2025-05-27,,matched
DN000828,D00207,accessories,good,17,Bengaluru,2025-02-04,,approved
DN000829,D00451,children,excellent,17,Delhi,2025-05-27,NGO0027,delivered
DN000830,D00177,outerwear,good,7,Kolkata,2025-03-19,NGO0093,matched
DN000831,D00044,shoes,fair,19,Bengaluru,2025-07-24,NGO0008,matched
DN000832,D00395,outerwear,fair,11,Hyderabad,2025-02-09,,delivered
DN000833,D00226,formal,fair,17,Delhi,2025-10-25,NGO0013,matched
DN000834,D00298,outerwear,good,1,Pune,2025-11-07,,approved
DN000835,D00389,casual,fair,19,Lucknow,2025-10-21,NGO0050,pending
DN000836,D00134,casual,fair,15,Kolkata,2025-07-07,NGO0004,pending
DN000837,D00346,children,fair,16,Hyderabad,2025-09-11,NGO0022,delivered
DN000838,D00292,casual,excellent,7,Kolkata,2024-12-31,NGO0076,approved
DN000839,D00264,casual,excellent,10,Lucknow,2025-05-01,NGO0086,pending
DN000840,D00013,accessories,excellent,11,Chennai,2025-03-15,NGO0020,matched
DN000841,D00285,outerwear,fair,17,Jaipur,2025-04-09,NGO0062,delivered
DN000842,D00199,shoes,good,11,Ahmedabad,2025-06-17,NGO0002,matched
DN000843,D00086,accessories,fair,8,Bengaluru,2024-12-19,NGO0041,delivered
DN000844,D00399,casual,excellent,13,Jaipur,2025-10-13,,pending
DN000845,D00200,casual,excellent,1,Mumbai,2025-07-21,NGO0004,matched
DN000846,D00166,accessories,fair,6,Delhi,2025-09-12,NGO0026,approved
DN000847,D00021,accessories,good,18,Jaipur,2025-02-19,,matched
DN000848,D00219,shoes,fair,11,Pune,2025-02-04,NGO0043,approved
DN000849,D00464,children,good,16,Lucknow,2025-07-16,,delivered
DN000850,D00115,formal,good,4,Pune,2025-06-20,,pending
DN000851,D00436,casual,good,20,Mumbai,2025-07-03,,delivered
DN000852,D00301,shoes,fair,9,Bengaluru,2025-01-09,,approved
DN000853,D00234,formal,fair,18,Delhi,2025-10-23,NGO0016,approved
DN000854,D00426,formal,excellent,18,Hyderabad,2025-06-14,NGO0023,approved
DN000855,D00071,accessories,excellent,13,Delhi,2024-11-23,,matched
DN000856,D00035,formal,good,7,Pune,2024-12-19,NGO0043,delivered
DN000857,D00492,shoes,fair,2,Kolkata,2025-06-20,,matched
DN000858,D00059,casual,excellent,16,Jaipur,2025-09-06,NGO0004,matched
DN000859,D00322,casual,excellent,15,Ahmedabad,2025-06-20,NGO0087,approved
DN000860,D00155,accessories,excellent,12,Chennai,2025-10-23,NGO0042,pending
DN000861,D00417,accessories,good,18,Kolkata,2024-11-12,,matched
DN000862,D00257,outerwear,fair,14,Lucknow,2024-12-20,,approved
DN000863,D00013,shoes,excellent,14,Chennai,2025-08-17,,matched
DN000864,D00162,accessories,fair,14,Chennai,2025-08-24,NGO0048,matched
DN000865,D00228,accessories,good,5,Mumbai,2025-07-02,NGO0031,delivered
DN000866,D00250,shoes,good,2,Bengaluru,2025-08-19,NGO0049,approved
DN000867,D00335,formal,good,10,Pune,2025-05-08,NGO0048,approved
DN000868,D00129,formal,good,14,Lucknow,2025-05-16,NGO0009,pending
DN000869,D00433,formal,good,4,Jaipur,2025-02-27,NGO0023,delivered
DN000870,D00137,formal,good,16,Bengaluru,2025-06-05,NGO0033,matched
DN000871,D00025,children,fair,13,Kolkata,2025-07-29,NGO0070,matched
DN000872,D00455,accessories,good,16,Hyderabad,2024-12-30,NGO0034,approved
DN000873,D00260,outerwear,fair,15,Mumbai,2025-01-29,,delivered
DN000874,D00378,formal,good,11,Delhi,2025-03-01,NGO0089,pending
DN000875,D00109,formal,fair,9,Bengaluru,2025-05-28,NGO0013,pending
DN000876,D00222,formal,good,10,Jaipur,2025-04-17,,pending
DN000877,D00490,formal,excellent,13,Pune,2024-11-14,,matched
DN000878,D00039,outerwear,fair,18,Hyderabad,2025-10-30,NGO0077,pending
DN000879,D00099,children,excellent,10,Hyderabad,2025-06-28,,approved
DN000880,D00434,shoes,excellent,2,Chennai,2025-05-05,NGO0031,approved
DN000881,D00191,formal,excellent,16,Bengaluru,2024-11-14,,delivered
DN000882,D00391,casual,fair,2,Kolkata,2024-11-14,NGO0009,pending
DN000883,D00421,shoes,good,7,Delhi,2025-07-19,NGO0094,matched
DN000884,D00124,casual,excellent,10,Mumbai,2025-10-25,NGO0084,approved
DN000885,D00418,formal,excellent,4,Chennai,2025-10-11,NGO0017,pending
DN000886,D00399,formal,fair,7,Jaipur,2025-02-10,,matched
DN000887,D00370,casual,good,17,Mumbai,2025-09-14,NGO0023,matched
DN000888,D00092,children,excellent,13,Mumbai,2025-05-18,NGO0065,approved
DN000889,D00072,accessories,fair,11,Hyderabad,2025-05-17,NGO0066,approved
DN000890,D00299,accessories,excellent,9,Bengaluru,2025-11-09,NGO0074,delivered
DN000891,D00058,casual,excellent,1,Delhi,2025-11-02,NGO0061,matched
DN000892,D00339,formal,fair,1,Jaipur,2025-07-12,,approved
DN000893,D00191,children,excellent,13,Bengaluru,2025-06-05,NGO0053,delivered
DN000894,D00071,formal,good,15,Delhi,2025-06-07,NGO0022,delivered
DN000895,D00021,outerwear,good,4,Jaipur,2025-04-02,NGO0051,matched
DN000896,D00297,children,excellent,1,Ahmedabad,2025-03-17,NGO0092,matched
DN000897,D00464,shoes,fair,4,Lucknow,2025-09-17,NGO0076,pending
DN000898,D00078,shoes,good,6,Bengaluru,2025-10-02,,matched
DN000899,D00299,accessories,excellent,12,Bengaluru,2025-03-18,NGO0033,matched
DN000900,D00222,casual,fair,12,Jaipur,2025-02-03,NGO0050,approved
DN000901,D00429,formal,fair,2,Mumbai,2025-02-21,NGO0097,delivered
DN000902,D00303,formal,fair,5,Mumbai,2024-12-26,NGO0098,delivered
DN000903,D00445,children,good,14,Hyderabad,2025-10-15,NGO0039,pending
DN000904,D00406,shoes,good,8,Chennai,2025-01-30,NGO0033,delivered
DN000905,D00315,outerwear,excellent,12,Jaipur,2025-09-09,NGO0059,pending
DN000906,D00018,formal,excellent,20,Jaipur,2025-01-12,NGO0078,pending
DN000907,D00052,formal,fair,19,Bengaluru,2025-09-04,,delivered
DN000908,D00468,accessories,fair,19,Ahmedabad,2024-11-19,NGO0075,matched
DN000909,D00121,children,excellent,12,Pune,2025-06-06,NGO0014,delivered
DN000910,D00198,accessories,fair,1,Lucknow,2025-04-23,,matched
DN000911,D00018,casual,excellent,3,Jaipur,2025-05-12,NGO0095,delivered
DN000912,D00376,accessories,excellent,18,Bengaluru,2025-05-10,,delivered
DN000913,D00190,outerwear,good,11,Chennai,2025-01-30,NGO0073,pending
DN000914,D00125,shoes,good,5,Pune,2024-12-27,,approved
DN000915,D00285,casual,fair,10,Jaipur,2025-04-20,NGO0037,pending
DN000916,D00253,outerwear,fair,16,Bengaluru,2024-12-03,NGO0006,delivered
DN000917,D00496,accessories,fair,4,Hyderabad,2025-03-27,,approved
DN000918,D00464,accessories,fair,2,Lucknow,2025-05-12,,delivered
DN000919,D00294,children,excellent,19,Bengaluru,2025-04-08,NGO0055,approved
DN000920,D00128,children,good,9,Lucknow,2024-12-22,,pending
DN000921,D00282,formal,fair,17,Kolkata,2025-06-17,NGO0078,pending
DN000922,D00495,children,good,19,Hyderabad,2025-07-22,NGO0022,approved
DN000923,D00164,casual,fair,20,Delhi,2025-05-08,NGO0084,approved
DN000924,D00155,casual,good,10,Chennai,2025-09-09,NGO0017,delivered
DN000925,D00302,formal,excellent,4,Pune,2025-06-17,,matched
DN000926,D00461,accessories,fair,6,Delhi,2025-06-27,,matched
DN000927,D00096,casual,good,17,Lucknow,2024-11-12,,matched
DN000928,D00346,outerwear,good,11,Hyderabad,2025-09-08,,matched
DN000929,D00043,shoes,excellent,5,Mumbai,2025-07-20,NGO0031,matched
DN000930,D00085,shoes,excellent,12,Pune,2025-10-15,NGO0033,approved
DN000931,D00357,outerwear,excellent,9,Mumbai,2024-12-16,,pending
DN000932,D00475,formal,good,11,Bengaluru,2025-08-17,NGO0002,delivered
DN000933,D00238,shoes,good,12,Bengaluru,2025-05-23,,pending
DN000934,D00320,children,good,10,Hyderabad,2025-09-01,NGO0045,matched
DN000935,D00141,casual,fair,3,Jaipur,2025-01-12,,matched
DN000936,D00124,outerwear,excellent,7,Mumbai,2025-06-11,,matched
DN000937,D00083,formal,good,17,Delhi,2024-12-23,,matched
DN000938,D00119,shoes,good,8,Lucknow,2025-02-07,NGO0013,matched
DN000939,D00392,shoes,good,5,Delhi,2025-09-12,NGO0047,delivered
DN000940,D00225,formal,fair,17,Jaipur,2025-01-31,,matched
DN000941,D00263,formal,fair,14,Kolkata,2025-07-31,,matched
DN000942,D00202,formal,fair,10,Jaipur,2025-03-31,NGO0006,delivered
DN000943,D00304,children,good,15,Mumbai,2025-04-21,NGO0070,pending
DN000944,D00420,outerwear,excellent,13,Chennai,2025-05-18,,pending
DN000945,D00182,outerwear,good,16,Ahmedabad,2025-08-15,NGO0095,approved
DN000946,D00128,accessories,good,5,Lucknow,2025-04-06,,matched
DN000947,D00394,casual,fair,20,Jaipur,2025-05-05,NGO0050,pending
DN000948,D00402,casual,excellent,17,Delhi,2025-06-14,NGO0006,matched
DN000949,D00333,children,excellent,19,Chennai,2025-06-09,,matched
DN000950,D00249,accessories,excellent,20,Bengaluru,2025-01-10,NGO0082,pending
DN000951,D00340,accessories,fair,18,Jaipur,2024-11-18,,approved
DN000952,D00236,children,excellent,16,Lucknow,2024-12-22,,delivered
DN000953,D00243,accessories,fair,13,Ahmedabad,2025-10-02,NGO0054,approved
DN000954,D00496,formal,fair,15,Hyderabad,2025-07-02,NGO0043,approved
DN000955,D00435,accessories,fair,12,Pune,2025-09-26,NGO0086,delivered
DN000956,D00024,children,excellent,14,Delhi,2025-06-02,NGO0050,matched
DN000957,D00489,shoes,excellent,2,Ahmedabad,2025-02-02,NGO0059,pending
DN000958,D00188,accessories,good,12,Bengaluru,2024-11-22,NGO0059,matched
DN000959,D00063,casual,fair,5,Lucknow,2025-08-06,NGO0052,matched
DN000960,D00410,shoes,fair,15,Kolkata,2025-02-25,NGO0077,pending
DN000961,D00084,shoes,good,14,Chennai,2025-02-10,NGO0096,pending
DN000962,D00080,children,fair,8,Delhi,2024-12-26,,matched
DN000963,D00327,children,fair,8,Mumbai,2024-12-13,,pending
DN000964,D00187,formal,excellent,9,Ahmedabad,2025-04-29,,approved
DN000965,D00013,formal,fair,18,Chennai,2025-02-14,NGO0048,matched
DN000966,D00499,casual,excellent,5,Jaipur,2025-03-23,NGO0023,matched
DN000967,D00385,formal,excellent,13,Chennai,2025-10-18,NGO0058,pending
DN000968,D00249,outerwear,good,5,Bengaluru,2024-11-13,,approved
DN000969,D00380,children,excellent,18,Pune,2025-05-27,NGO0027,matched
DN000970,D00262,outerwear,excellent,5,Pune,2025-09-29,NGO0004,pending
DN000971,D00439,casual,fair,6,Ahmedabad,2025-06-03,,delivered
DN000972,D00371,outerwear,good,7,Mumbai,2025-11-11,,approved
DN000973,D00278,shoes,excellent,14,Hyderabad,2025-01-19,NGO0080,approved
DN000974,D00186,casual,fair,19,Lucknow,2025-06-28,NGO0036,delivered
DN000975,D00344,accessories,good,16,Delhi,2024-11-22,,delivered
DN000976,D00160,formal,fair,13,Delhi,2025-09-01,,matched
DN000977,D00279,accessories,fair,13,Delhi,2025-08-03,NGO0083,matched
DN000978,D00108,accessories,fair,6,Pune,2025-08-04,NGO0018,delivered
DN000979,D00306,accessories,fair,18,Mumbai,2025-10-18,NGO0084,approved
DN000980,D00262,formal,fair,2,Pune,2025-09-21,NGO0003,approved
DN000981,D00281,shoes,fair,6,Hyderabad,2025-10-30,,matched
DN000982,D00083,outerwear,fair,8,Delhi,2025-08-01,NGO0015,matched
DN000983,D00005,shoes,fair,3,Jaipur,2025-08-06,NGO0005,approved
DN000984,D00062,shoes,excellent,8,Jaipur,2025-07-23,,delivered
DN000985,D00052,casual,fair,10,Bengaluru,2025-05-21,NGO0026,matched
DN000986,D00046,children,fair,9,Pune,2025-11-03,,pending
DN000987,D00149,casual,fair,6,Pune,2025-09-02,,delivered
DN000988,D00353,accessories,fair,18,Bengaluru,2025-01-01,,approved
DN000989,D00397,accessories,excellent,20,Delhi,2024-12-10,NGO0047,matched
DN000990,D00475,outerwear,excellent,4,Bengaluru,2025-10-22,,approved
DN000991,D00459,accessories,excellent,1,Lucknow,2025-04-29,NGO0018,approved
DN000992,D00023,outerwear,excellent,14,Jaipur,2025-03-14,NGO0027,delivered
DN000993,D00410,formal,fair,6,Kolkata,2025-07-16,NGO0062,delivered
DN000994,D00344,outerwear,fair,17,Delhi,2025-08-18,NGO0004,matched
DN000995,D00423,shoes,good,11,Pune,2025-07-01,,approved
DN000996,D00310,shoes,fair,13,Hyderabad,2025-02-08,NGO0014,delivered
DN000997,D00251,formal,good,18,Jaipur,2025-09-28,,delivered
DN000998,D00218,formal,fair,6,Lucknow,2025-07-27,,matched
DN000999,D00434,casual,excellent,20,Chennai,2025-01-10,NGO0029,matched
DN001000,D00241,formal,fair,5,Bengaluru,2024-11-13,,approved
DN001001,D00309,formal,fair,18,Hyderabad,2025-03-30,,approved
DN001002,D00131,casual,good,1,Chennai,2025-03-27,NGO0088,approved
DN001003,D00115,casual,good,18,Pune,2024-12-04,,pending
DN001004,D00202,children,excellent,8,Jaipur,2025-09-16,NGO0092,matched
DN001005,D00182,shoes,fair,13,Ahmedabad,2025-05-10,,matched
DN001006,D00318,casual,fair,19,Hyderabad,2025-10-14,,approved
DN001007,D00311,outerwear,excellent,12,Bengaluru,2025-11-07,,delivered
DN001008,D00065,formal,fair,8,Kolkata,2025-01-20,NGO0020,approved
DN001009,D00202,children,excellent,11,Jaipur,2025-01-01,,matched
DN001010,D00001,children,excellent,7,Kolkata,2025-02-18,,delivered
DN001011,D00279,casual,fair,17,Delhi,2025-09-18,NGO0070,approved
DN001012,D00268,outerwear,excellent,14,Ahmedabad,2025-04-25,NGO0083,pending
DN001013,D00419,outerwear,good,10,Chennai,2025-06-03,NGO0072,approved
DN001014,D00375,casual,good,18,Jaipur,2025-04-29,,matched
DN001015,D00304,accessories,good,17,Mumbai,2025-06-01,NGO0036,pending
DN001016,D00324,accessories,fair,9,Pune,2025-05-21,NGO0017,approved
DN001017,D00484,formal,fair,4,Chennai,2025-08-07,NGO0011,delivered
DN001018,D00022,children,fair,11,Pune,2025-10-18,NGO0020,approved
DN001019,D00243,formal,fair,6,Ahmedabad,2025-11-06,NGO0060,pending
DN001020,D00276,accessories,fair,7,Delhi,2025-10-08,,matched
DN001021,D00262,accessories,fair,12,Pune,2025-01-10,NGO0084,approved
DN001022,D00353,outerwear,good,20,Bengaluru,2025-06-29,NGO0089,pending
DN001023,D00177,children,fair,8,Kolkata,2024-12-06,,matched
DN001024,D00370,accessories,good,14,Mumbai,2025-04-27,,matched
DN001025,D00066,shoes,fair,16,Chennai,2025-06-06,,matched
DN001026,D00494,children,excellent,13,Pune,2025-05-13,NGO0025,approved
DN001027,D00082,outerwear,excellent,19,Pune,2024-12-30,,approved
DN001028,D00482,casual,excellent,12,Ahmedabad,2024-12-16,NGO0048,pending
DN001029,D00355,casual,fair,9,Chennai,2025-10-31,NGO0022,matched
DN001030,D00181,shoes,good,10,Jaipur,2025-06-25,,approved
DN001031,D00150,shoes,good,13,Bengaluru,2024-11-18,NGO0033,approved
DN001032,D00165,accessories,good,8,Chennai,2025-08-17,NGO0014,approved
DN001033,D00334,casual,good,19,Pune,2025-01-08,NGO0061,delivered
DN001034,D00135,shoes,excellent,1,Chennai,2025-05-29,,matched
DN001035,D00459,accessories,fair,7,Lucknow,2025-07-04,,approved
DN001036,D00438,children,excellent,11,Pune,2025-06-27,NGO0027,pending
DN001037,D00236,casual,excellent,13,Lucknow,2025-02-11,,approved
DN001038,D00320,accessories,good,15,Hyderabad,2024-11-23,NGO0077,delivered
DN001039,D00464,shoes,fair,20,Lucknow,2024-11-17,NGO0080,approved
DN001040,D00458,children,excellent,20,Mumbai,2025-08-29,NGO0092,matched
DN001041,D00445,outerwear,good,9,Hyderabad,2025-06-20,,matched
DN001042,D00043,shoes,good,11,Mumbai,2025-09-09,NGO0022,approved
DN001043,D00303,shoes,fair,11,Mumbai,2024-12-18,,approved
DN001044,D00371,children,good,10,Mumbai,2024-12-19,,matched
DN001045,D00182,accessories,good,9,Ahmedabad,2025-02-07,,pending
DN001046,D00152,formal,good,15,Pune,2025-05-29,NGO0026,matched
DN001047,D00309,casual,good,13,Hyderabad,2025-02-25,,pending
DN001048,D00161,casual,fair,5,Delhi,2025-10-19,NGO0080,matched
DN001049,D00198,accessories,excellent,1,Lucknow,2025-10-22,NGO0040,pending
DN001050,D00321,formal,fair,20,Hyderabad,2024-12-25,,pending
DN001051,D00365,formal,good,4,Jaipur,2025-04-03,NGO0050,matched
DN001052,D00428,shoes,fair,9,Lucknow,2024-12-18,NGO0071,approved
DN001053,D00435,outerwear,good,16,Pune,2024-11-18,,matched
DN001054,D00258,outerwear,fair,13,Delhi,2025-03-24,NGO0042,approved
DN001055,D00343,outerwear,excellent,17,Lucknow,2025-11-06,,pending
DN001056,D00013,formal,excellent,12,Chennai,2025-10-17,,delivered
DN001057,D00115,outerwear,fair,16,Pune,2024-12-14,,matched
DN001058,D00234,casual,fair,8,Delhi,2025-02-01,,approved
DN001059,D00133,formal,excellent,5,Jaipur,2025-08-06,NGO0061,matched
DN001060,D00442,shoes,good,13,Bengaluru,2025-01-07,,matched
DN001061,D00165,accessories,excellent,7,Chennai,2025-09-29,NGO0038,delivered
DN001062,D00261,formal,good,4,Mumbai,2025-06-11,,matched
DN001063,D00148,shoes,good,18,Jaipur,2025-03-04,NGO0027,pending
DN001064,D00435,casual,fair,15,Pune,2025-10-13,NGO0037,delivered
DN001065,D00429,outerwear,good,6,Mumbai,2025-02-21,NGO0001,pending
DN001066,D00239,formal,good,14,Kolkata,2025-10-12,,approved
DN001067,D00439,accessories,excellent,9,Ahmedabad,2025-03-16,,delivered
DN001068,D00498,formal,excellent,4,Ahmedabad,2024-11-15,NGO0070,delivered
DN001069,D00087,formal,excellent,2,Ahmedabad,2025-08-25,NGO0082,approved
DN001070,D00309,shoes,excellent,12,Hyderabad,2025-05-23,,pending
DN001071,D00464,children,fair,4,Lucknow,2025-09-16,,matched
DN001072,D00437,accessories,fair,1,Pune,2024-12-22,NGO0061,approved
DN001073,D00291,shoes,fair,4,Lucknow,2025-04-12,NGO0024,pending
DN001074,D00008,casual,fair,4,Jaipur,2025-03-07,NGO0013,delivered
DN001075,D00451,casual,good,9,Delhi,2025-10-09,,approved
DN001076,D00141,children,good,19,Jaipur,2025-03-06,NGO0067,delivered
DN001077,D00325,accessories,good,19,Ahmedabad,2024-12-02,NGO0034,matched
DN001078,D00174,shoes,fair,7,Mumbai,2025-01-16,NGO0089,matched
DN001079,D00033,formal,good,1,Bengaluru,2025-01-27,NGO0047,pending
DN001080,D00100,outerwear,fair,13,Kolkata,2025-10-31,NGO0097,delivered
DN001081,D00475,accessories,excellent,13,Bengaluru,2024-12-24,NGO0073,delivered
DN001082,D00280,children,good,18,Mumbai,2025-01-18,,matched
DN001083,D00069,shoes,good,19,Mumbai,2025-03-02,NGO0097,approved
DN001084,D00162,children,fair,3,Chennai,2025-03-09,,approved
DN001085,D00429,formal,fair,16,Mumbai,2025-03-15,NGO0021,pending
DN001086,D00050,shoes,excellent,4,Chennai,2025-04-14,NGO0069,matched
DN001087,D00348,shoes,fair,19,Kolkata,2025-02-17,,matched
DN001088,D00457,accessories,fair,1,Bengaluru,2025-02-15,NGO0077,delivered
DN001089,D00224,outerwear,excellent,7,Pune,2024-11-21,,approved
DN001090,D00103,accessories,good,9,Ahmedabad,2025-06-09,,matched
DN001091,D00083,outerwear,excellent,5,Delhi,2025-06-16,,approved
DN001092,D00106,accessories,excellent,5,Bengaluru,2025-08-08,NGO0045,matched
DN001093,D00397,casual,fair,2,Delhi,2025-05-10,NGO0018,approved
DN001094,D00460,shoes,excellent,9,Pune,2024-11-20,NGO0093,delivered
DN001095,D00240,casual,excellent,9,Mumbai,2025-06-02,,matched
DN001096,D00427,casual,excellent,3,Mumbai,2025-06-27,NGO0058,approved
DN001097,D00013,casual,good,16,Chennai,2025-08-01,NGO0078,delivered
DN001098,D00409,outerwear,fair,13,Delhi,2025-06-02,NGO0038,pending
DN001099,D00275,outerwear,fair,18,Kolkata,2025-07-15,NGO0004,matched
DN001100,D00476,outerwear,excellent,19,Chennai,2025-06-02,NGO0070,pending
DN001101,D00118,children,good,18,Bengaluru,2025-09-10,,matched
DN001102,D00408,children,fair,5,Ahmedabad,2024-12-09,NGO0060,matched
DN001103,D00172,shoes,fair,18,Jaipur,2025-08-11,NGO0027,approved
DN001104,D00279,casual,excellent,6,Delhi,2025-02-19,,approved
DN001105,D00414,formal,excellent,6,Lucknow,2025-03-03,,matched
DN001106,D00045,accessories,excellent,1,Hyderabad,2025-05-04,NGO0011,pending
DN001107,D00179,outerwear,excellent,16,Kolkata,2024-12-08,,pending
DN001108,D00244,children,good,17,Jaipur,2025-07-20,NGO0081,approved
DN001109,D00022,accessories,good,17,Pune,2025-09-02,NGO0077,delivered
DN001110,D00189,formal,excellent,2,Mumbai,2025-08-10,NGO0030,pending
DN001111,D00467,accessories,good,18,Kolkata,2025-10-18,NGO0068,matched
DN001112,D00206,outerwear,good,14,Bengaluru,2024-12-23,,pending
DN001113,D00122,children,fair,10,Ahmedabad,2025-05-04,,approved
DN001114,D00248,children,excellent,17,Delhi,2025-04-24,,delivered
DN001115,D00487,outerwear,fair,17,Lucknow,2025-02-15,,approved
DN001116,D00273,accessories,good,12,Jaipur,2025-04-07,NGO0065,approved
DN001117,D00274,children,fair,6,Delhi,2025-11-09,,matched
DN001118,D00026,accessories,excellent,2,Jaipur,2024-12-06,,pending
DN001119,D00420,shoes,fair,18,Chennai,2025-04-15,NGO0062,matched
DN001120,D00150,children,excellent,17,Bengaluru,2025-04-06,,approved
DN001121,D00394,accessories,good,10,Jaipur,2024-12-23,NGO0070,approved
DN001122,D00184,children,fair,1,Ahmedabad,2025-08-25,,approved
DN001123,D00454,children,fair,19,Delhi,2025-03-17,NGO0063,approved
DN001124,D00185,accessories,fair,11,Jaipur,2025-09-09,NGO0043,delivered
DN001125,D00189,outerwear,good,14,Mumbai,2025-07-17,,matched
DN001126,D00474,accessories,excellent,15,Hyderabad,2025-06-17,NGO0035,pending
DN001127,D00264,outerwear,good,8,Lucknow,2024-11-25,NGO0076,matched
DN001128,D00245,formal,fair,7,Lucknow,2025-09-15,NGO0084,delivered
DN001129,D00136,shoes,good,9,Delhi,2025-09-13,,delivered
DN001130,D00045,accessories,good,12,Hyderabad,2024-12-16,NGO0041,delivered
DN001131,D00311,shoes,excellent,8,Bengaluru,2024-11-27,NGO0055,pending
DN001132,D00180,casual,good,5,Hyderabad,2025-01-29,,approved
DN001133,D00350,formal,excellent,7,Mumbai,2025-04-06,NGO0069,approved
DN001134,D00107,outerwear,excellent,4,Mumbai,2025-06-08,NGO0051,matched
DN001135,D00319,casual,excellent,1,Kolkata,2025-03-20,NGO0022,approved
DN001136,D00321,shoes,good,2,Hyderabad,2025-08-22,,approved
DN001137,D00326,shoes,excellent,6,Jaipur,2025-03-22,,delivered
DN001138,D00270,accessories,fair,17,Chennai,2024-11-11,NGO0011,matched
DN001139,D00094,children,fair,10,Bengaluru,2025-02-12,,pending
DN001140,D00308,accessories,fair,2,Bengaluru,2025-02-16,NGO0055,approved
DN001141,D00052,casual,fair,7,Bengaluru,2024-11-24,,pending
DN001142,D00041,outerwear,good,13,Ahmedabad,2025-02-18,NGO0059,pending
DN001143,D00396,children,fair,7,Delhi,2025-03-16,NGO0069,pending
DN001144,D00032,children,fair,16,Bengaluru,2025-07-10,,pending
DN001145,D00135,casual,fair,6,Chennai,2025-06-02,NGO0025,matched
DN001146,D00254,formal,good,14,Delhi,2025-10-20,,matched
DN001147,D00446,outerwear,excellent,5,Delhi,2025-10-04,NGO0073,delivered
DN001148,D00231,children,fair,13,Bengaluru,2025-09-16,,approved
DN001149,D00443,outerwear,fair,4,Hyderabad,2025-09-02,NGO0092,matched
DN001150,D00213,children,fair,16,Hyderabad,2025-05-15,NGO0080,pending
DN001151,D00126,casual,good,13,Lucknow,2024-12-16,,matched
DN001152,D00343,shoes,good,15,Lucknow,2025-01-20,,delivered
DN001153,D00257,children,fair,4,Lucknow,2025-06-25,,pending
DN001154,D00109,shoes,fair,1,Bengaluru,2025-10-29,NGO0099,pending
DN001155,D00316,casual,fair,17,Hyderabad,2025-05-22,NGO0074,matched
DN001156,D00001,accessories,excellent,12,Kolkata,2025-08-23,,matched
DN001157,D00054,shoes,excellent,16,Bengaluru,2025-07-13,NGO0069,pending
DN001158,D00019,shoes,good,20,Chennai,2025-10-21,NGO0058,matched
DN001159,D00462,outerwear,excellent,18,Ahmedabad,2024-12-28,,matched
DN001160,D00326,shoes,excellent,14,Jaipur,2025-01-02,,matched
DN001161,D00216,outerwear,fair,16,Kolkata,2025-04-03,,delivered
DN001162,D00341,shoes,excellent,6,Lucknow,2025-01-11,,matched
DN001163,D00296,accessories,fair,1,Kolkata,2025-03-18,,approved
DN001164,D00177,formal,excellent,1,Kolkata,2025-06-01,NGO0081,approved
DN001165,D00111,shoes,fair,1,Bengaluru,2025-01-22,,delivered
DN001166,D00159,shoes,fair,18,Jaipur,2025-01-27,,delivered
DN001167,D00222,formal,good,3,Jaipur,2025-05-19,NGO0058,pending
DN001168,D00496,accessories,excellent,13,Hyderabad,2025-08-01,NGO0059,delivered
DN001169,D00222,shoes,fair,7,Jaipur,2025-05-14,NGO0001,matched
DN001170,D00349,shoes,good,10,Delhi,2025-05-02,NGO0073,matched
DN001171,D00457,outerwear,good,5,Bengaluru,2025-05-05,NGO0019,delivered
DN001172,D00403,outerwear,good,10,Hyderabad,2025-08-02,NGO0021,delivered
DN001173,D00407,formal,fair,15,Kolkata,2025-06-04,NGO0074,pending
DN001174,D00127,shoes,good,17,Pune,2025-04-06,NGO0052,delivered
DN001175,D00498,accessories,fair,3,Ahmedabad,2025-08-01,NGO0016,matched
DN001176,D00175,children,good,2,Kolkata,2025-08-20,NGO0007,approved
DN001177,D00495,shoes,fair,2,Hyderabad,2025-06-26,NGO0082,pending
DN001178,D00123,children,excellent,9,Jaipur,2024-12-25,NGO0074,matched
DN001179,D00261,formal,good,4,Mumbai,2025-08-05,NGO0038,approved
DN001180,D00476,outerwear,fair,5,Chennai,2025-01-15,,matched
DN001181,D00414,children,fair,1,Lucknow,2024-11-21,,delivered
DN001182,D00174,children,fair,3,Mumbai,2025-10-02,NGO0028,delivered
DN001183,D00170,shoes,good,17,Hyderabad,2025-07-11,NGO0071,matched
DN001184,D00438,shoes,fair,10,Pune,2025-02-20,NGO0076,pending
DN001185,D00265,formal,excellent,16,Bengaluru,2025-03-30,NGO0036,matched
DN001186,D00059,children,good,12,Jaipur,2025-02-03,,pending
DN001187,D00365,shoes,fair,17,Jaipur,2025-05-04,NGO0066,delivered
DN001188,D00335,casual,excellent,16,Pune,2025-03-18,NGO0017,matched
DN001189,D00317,formal,excellent,10,Hyderabad,2025-04-16,,delivered
DN001190,D00151,accessories,fair,6,Kolkata,2024-11-20,NGO0081,delivered
DN001191,D00125,shoes,excellent,5,Pune,2025-06-13,NGO0047,approved
DN001192,D00063,outerwear,fair,5,Lucknow,2025-02-28,,pending
DN001193,D00376,casual,good,13,Bengaluru,2025-03-20,NGO0052,approved
DN001194,D00170,children,good,13,Hyderabad,2025-10-17,,matched
DN001195,D00199,outerwear,good,9,Ahmedabad,2025-08-07,NGO0071,delivered
DN001196,D00071,accessories,good,18,Delhi,2024-11-21,NGO0085,delivered
DN001197,D00114,casual,good,10,Ahmedabad,2025-02-02,NGO0035,pending
DN001198,D00154,accessories,good,13,Chennai,2025-02-18,NGO0050,matched
DN001199,D00203,outerwear,good,14,Bengaluru,2025-06-25,NGO0017,matched
DN001200,D00393,accessories,good,5,Bengaluru,2025-08-05,,delivered
DN001201,D00393,shoes,good,1,Bengaluru,2024-11-13,,approved
DN001202,D00308,shoes,excellent,16,Bengaluru,2025-01-15,,delivered
DN001203,D00398,shoes,fair,16,Hyderabad,2025-10-11,,pending
DN001204,D00259,shoes,good,1,Jaipur,2025-07-26,NGO0090,pending
DN001205,D00121,casual,excellent,3,Pune,2025-02-02,,pending
DN001206,D00210,formal,fair,16,Bengaluru,2025-06-09,,matched
DN001207,D00139,children,excellent,18,Chennai,2025-10-18,,matched
DN001208,D00401,outerwear,good,3,Lucknow,2025-04-15,NGO0008,approved
DN001209,D00209,children,excellent,9,Bengaluru,2024-11-17,,delivered
DN001210,D00309,shoes,good,17,Hyderabad,2025-03-23,,delivered
DN001211,D00141,accessories,good,6,Jaipur,2025-08-15,NGO0079,delivered
DN001212,D00498,children,fair,13,Ahmedabad,2025-03-12,,pending
DN001213,D00411,casual,good,1,Jaipur,2025-05-14,NGO0014,pending
DN001214,D00268,accessories,fair,17,Ahmedabad,2025-06-21,NGO0015,approved
DN001215,D00101,casual,fair,6,Lucknow,2025-07-28,,approved
DN001216,D00490,formal,good,1,Pune,2025-01-12,,approved
DN001217,D00199,children,excellent,7,Ahmedabad,2025-07-16,,matched
DN001218,D00271,casual,fair,3,Hyderabad,2025-03-18,,delivered
DN001219,D00378,formal,fair,5,Delhi,2025-04-07,NGO0021,approved
DN001220,D00450,shoes,good,1,Delhi,2025-07-23,NGO0004,approved
DN001221,D00151,formal,good,16,Kolkata,2025-05-08,NGO0010,matched
DN001222,D00485,formal,fair,9,Mumbai,2025-09-25,,matched
DN001223,D00125,accessories,fair,8,Pune,2025-03-15,NGO0068,matched
DN001224,D00308,outerwear,good,15,Bengaluru,2025-10-09,NGO0020,approved
DN001225,D00225,children,good,5,Jaipur,2025-03-08,,delivered
DN001226,D00430,children,excellent,3,Jaipur,2025-02-01,NGO0043,matched
DN001227,D00235,formal,fair,14,Kolkata,2025-03-28,NGO0028,approved
DN001228,D00451,formal,good,1,Delhi,2025-11-04,,matched
DN001229,D00420,shoes,good,20,Chennai,2025-06-15,,delivered
DN001230,D00214,accessories,good,19,Lucknow,2025-01-30,NGO0078,approved
DN001231,D00184,casual,excellent,15,Ahmedabad,2025-06-21,NGO0007,approved
DN001232,D00135,formal,fair,15,Chennai,2025-05-03,,matched
DN001233,D00462,shoes,excellent,9,Ahmedabad,2024-12-23,NGO0063,pending
DN001234,D00038,children,excellent,7,Pune,2025-10-05,,pending
DN001235,D00114,accessories,good,16,Ahmedabad,2025-05-05,,pending
DN001236,D00385,casual,good,15,Chennai,2025-06-25,NGO0094,delivered
DN001237,D00456,shoes,good,20,Mumbai,2025-08-09,NGO0060,approved
DN001238,D00059,shoes,excellent,1,Jaipur,2024-12-14,NGO0008,approved
DN001239,D00323,formal,fair,6,Pune,2025-06-10,NGO0069,matched
DN001240,D00057,outerwear,good,7,Bengaluru,2025-01-29,NGO0099,pending
DN001241,D00316,children,fair,20,Hyderabad,2025-05-17,,delivered
DN001242,D00402,accessories,good,1,Delhi,2025-10-25,NGO0085,approved
DN001243,D00082,children,fair,19,Pune,2025-03-06,NGO0002,matched
DN001244,D00106,accessories,good,1,Bengaluru,2025-01-06,NGO0029,approved
DN001245,D00092,shoes,good,4,Mumbai,2025-05-04,NGO0058,delivered
DN001246,D00448,children,fair,17,Lucknow,2025-07-18,NGO0093,pending
DN001247,D00046,outerwear,good,5,Pune,2025-08-14,NGO0059,pending
DN001248,D00063,formal,fair,2,Lucknow,2025-10-19,NGO0075,pending
DN001249,D00032,formal,excellent,16,Bengaluru,2025-04-23,,delivered
DN001250,D00052,children,fair,9,Bengaluru,2025-05-14,,matched
DN001251,D00077,children,fair,20,Ahmedabad,2025-04-20,,delivered
DN001252,D00073,casual,fair,16,Bengaluru,2025-04-06,NGO0004,matched
DN001253,D00264,children,good,8,Lucknow,2025-01-29,NGO0048,matched
DN001254,D00232,shoes,fair,13,Mumbai,2025-03-24,,delivered
DN001255,D00090,accessories,good,20,Hyderabad,2025-06-11,,matched
DN001256,D00496,casual,excellent,11,Hyderabad,2025-06-09,NGO0002,approved
DN001257,D00481,formal,excellent,15,Bengaluru,2024-12-05,NGO0084,matched
DN001258,D00148,shoes,fair,13,Jaipur,2025-09-09,NGO0093,approved
DN001259,D00290,outerwear,good,4,Bengaluru,2025-08-22,NGO0083,pending
DN001260,D00445,outerwear,fair,3,Hyderabad,2025-10-20,,approved
DN001261,D00098,accessories,good,10,Mumbai,2025-01-05,,delivered
DN001262,D00228,children,excellent,20,Mumbai,2025-08-09,NGO0006,pending
DN001263,D00242,children,excellent,3,Jaipur,2025-03-08,NGO0028,delivered
DN001264,D00059,casual,excellent,7,Jaipur,2025-09-26,NGO0059,approved
DN001265,D00277,children,good,20,Delhi,2025-05-11,NGO0032,delivered
DN001266,D00148,casual,good,17,Jaipur,2025-09-16,,delivered
DN001267,D00198,children,fair,16,Lucknow,2025-09-26,NGO0020,matched
DN001268,D00171,casual,good,18,Lucknow,2025-04-29,NGO0040,delivered
DN001269,D00449,casual,good,13,Bengaluru,2025-10-21,,matched
DN001270,D00165,outerwear,good,6,Chennai,2025-10-31,NGO0060,delivered
DN001271,D00029,accessories,excellent,9,Ahmedabad,2025-10-13,NGO0061,delivered
DN001272,D00243,children,excellent,16,Ahmedabad,2025-02-09,NGO0030,matched
DN001273,D00144,children,excellent,4,Kolkata,2025-05-12,NGO0035,pending
DN001274,D00115,formal,fair,8,Pune,2025-06-28,NGO0069,approved
DN001275,D00010,outerwear,excellent,15,Jaipur,2025-02-18,,pending
DN001276,D00082,accessories,good,15,Pune,2025-02-28,NGO0019,approved
DN001277,D00239,casual,fair,17,Kolkata,2025-06-03,,matched
DN001278,D00019,formal,fair,14,Chennai,2025-11-06,,delivered
DN001279,D00209,casual,fair,5,Bengaluru,2025-04-09,NGO0061,delivered
DN001280,D00086,shoes,fair,8,Bengaluru,2025-05-07,NGO0060,matched
DN001281,D00083,children,fair,13,Delhi,2024-11-28,,matched
DN001282,D00217,children,fair,14,Hyderabad,2025-03-04,NGO0006,approved
DN001283,D00186,casual,good,2,Lucknow,2025-10-30,,delivered
DN001284,D00159,formal,good,1,Jaipur,2024-12-18,NGO0023,pending
DN001285,D00308,formal,excellent,4,Bengaluru,2025-07-17,,matched
DN001286,D00317,shoes,fair,3,Hyderabad,2024-12-02,NGO0070,delivered
DN001287,D00043,formal,fair,13,Mumbai,2024-12-07,,pending
DN001288,D00217,formal,excellent,11,Hyderabad,2025-02-10,NGO0014,approved
DN001289,D00183,formal,fair,14,Ahmedabad,2025-08-14,NGO0032,matched
DN001290,D00103,formal,excellent,2,Ahmedabad,2025-09-02,NGO0086,approved
DN001291,D00237,children,excellent,14,Bengaluru,2025-09-17,NGO0005,delivered
DN001292,D00323,casual,fair,5,Pune,2025-03-27,,pending
DN001293,D00065,casual,fair,8,Kolkata,2025-11-10,,approved
DN001294,D00272,casual,fair,11,Lucknow,2024-12-09,NGO0063,pending
DN001295,D00329,shoes,excellent,7,Lucknow,2025-10-05,NGO0032,delivered
DN001296,D00034,outerwear,good,4,Jaipur,2025-08-09,,matched
DN001297,D00361,casual,fair,13,Chennai,2025-07-24,NGO0058,matched
DN001298,D00012,casual,good,7,Hyderabad,2025-06-11,,approved
DN001299,D00375,casual,fair,10,Jaipur,2025-02-11,NGO0046,pending
DN001300,D00006,casual,fair,2,Bengaluru,2025-01-22,,delivered
DN001301,D00237,accessories,fair,20,Bengaluru,2025-01-15,NGO0054,matched
DN001302,D00064,casual,excellent,12,Pune,2025-05-15,NGO0081,approved
DN001303,D00340,shoes,good,2,Jaipur,2025-10-17,NGO0027,delivered
DN001304,D00342,accessories,good,11,Hyderabad,2025-03-29,NGO0076,matched
DN001305,D00306,formal,good,7,Mumbai,2025-03-01,NGO0062,matched
DN001306,D00256,accessories,good,19,Lucknow,2024-12-28,NGO0093,pending
DN001307,D00398,outerwear,good,5,Hyderabad,2025-08-21,NGO0020,matched
DN001308,D00348,formal,good,14,Kolkata,2025-04-21,,matched
DN001309,D00087,outerwear,good,17,Ahmedabad,2025-03-24,NGO0026,matched
DN001310,D00053,formal,excellent,6,Mumbai,2025-09-05,,matched
DN001311,D00488,children,fair,8,Chennai,2025-10-14,NGO0091,pending
DN001312,D00477,children,fair,19,Delhi,2024-12-02,,matched
DN001313,D00238,casual,good,5,Bengaluru,2025-05-03,NGO0035,matched
DN001314,D00166,shoes,good,2,Delhi,2024-12-03,,approved
DN001315,D00004,shoes,excellent,1,Chennai,2025-08-04,,delivered
DN001316,D00120,formal,fair,8,Ahmedabad,2025-01-10,,delivered
DN001317,D00280,casual,excellent,17,Mumbai,2024-11-28,,delivered
DN001318,D00006,accessories,good,11,Bengaluru,2025-07-07,NGO0068,matched
DN001319,D00013,casual,excellent,1,Chennai,2025-09-05,,pending
DN001320,D00076,children,good,11,Bengaluru,2025-10-12,,delivered
DN001321,D00287,outerwear,excellent,11,Hyderabad,2025-04-11,,matched
DN001322,D00411,formal,good,1,Jaipur,2025-05-25,NGO0010,pending
DN001323,D00176,accessories,fair,2,Lucknow,2024-12-24,,delivered
DN001324,D00265,formal,excellent,13,Bengaluru,2025-09-09,NGO0018,approved
DN001325,D00467,shoes,good,19,Kolkata,2025-08-05,NGO0069,delivered
DN001326,D00499,casual,fair,10,Jaipur,2024-11-11,NGO0024,matched
DN001327,D00261,formal,fair,13,Mumbai,2025-05-06,NGO0050,pending
DN001328,D00264,accessories,excellent,20,Lucknow,2025-04-13,NGO0087,delivered
DN001329,D00421,shoes,excellent,17,Delhi,2025-01-03,NGO0068,matched
DN001330,D00202,formal,good,6,Jaipur,2025-03-24,NGO0022,approved
DN001331,D00052,shoes,good,8,Bengaluru,2025-03-27,NGO0050,delivered
DN001332,D00127,children,fair,3,Pune,2025-09-04,,delivered
DN001333,D00400,outerwear,good,4,Pune,2025-02-18,,delivered
DN001334,D00392,outerwear,excellent,12,Delhi,2025-10-17,,approved
DN001335,D00316,children,fair,2,Hyderabad,2025-10-24,NGO0008,matched
DN001336,D00016,accessories,good,9,Chennai,2024-12-22,NGO0013,pending
DN001337,D00053,shoes,fair,17,Mumbai,2025-01-28,,approved
DN001338,D00129,formal,good,9,Lucknow,2025-07-14,,matched
DN001339,D00279,children,excellent,2,Delhi,2025-09-15,NGO0063,pending
DN001340,D00121,outerwear,excellent,7,Pune,2025-03-15,NGO0047,delivered
DN001341,D00251,shoes,good,10,Jaipur,2025-10-19,,pending
DN001342,D00489,children,excellent,6,Ahmedabad,2024-11-27,NGO0100,pending
DN001343,D00339,shoes,good,18,Jaipur,2025-01-10,NGO0097,approved
DN001344,D00163,accessories,good,10,Delhi,2025-09-22,NGO0001,approved
DN001345,D00354,outerwear,good,5,Bengaluru,2024-12-11,NGO0096,pending
DN001346,D00141,casual,fair,18,Jaipur,2025-07-10,NGO0010,delivered
DN001347,D00228,casual,excellent,17,Mumbai,2025-08-16,,pending
DN001348,D00165,accessories,good,7,Chennai,2025-06-08,NGO0085,pending
DN001349,D00290,formal,good,15,Bengaluru,2025-07-24,NGO0048,delivered
DN001350,D00138,formal,excellent,20,Jaipur,2024-11-28,NGO0098,pending
DN001351,D00494,outerwear,excellent,14,Pune,2025-07-03,,delivered
DN001352,D00144,outerwear,fair,18,Kolkata,2025-09-06,NGO0049,matched
DN001353,D00389,shoes,fair,19,Lucknow,2025-10-05,,pending
DN001354,D00368,outerwear,fair,6,Lucknow,2025-07-20,,approved
DN001355,D00369,shoes,excellent,20,Jaipur,2025-05-29,,delivered
DN001356,D00223,casual,good,18,Chennai,2025-03-21,NGO0075,delivered
DN001357,D00231,shoes,excellent,13,Bengaluru,2025-04-01,,pending
DN001358,D00324,outerwear,good,15,Pune,2025-02-05,NGO0066,pending
DN001359,D00312,formal,excellent,10,Bengaluru,2025-03-24,NGO0097,delivered
DN001360,D00165,formal,good,6,Chennai,2025-08-23,,approved
DN001361,D00181,children,good,1,Jaipur,2025-05-13,NGO0083,pending
DN001362,D00265,formal,good,19,Bengaluru,2025-04-23,,matched
DN001363,D00062,shoes,good,15,Jaipur,2025-08-31,NGO0028,matched
DN001364,D00289,formal,fair,16,Jaipur,2025-10-06,NGO0087,approved
DN001365,D00492,formal,fair,9,Kolkata,2025-02-13,NGO0068,approved
DN001366,D00014,accessories,good,6,Chennai,2025-04-23,,approved
DN001367,D00180,formal,excellent,20,Hyderabad,2024-12-10,NGO0074,matched
DN001368,D00288,outerwear,good,18,Mumbai,2025-02-08,NGO0051,delivered
DN001369,D00417,formal,fair,4,Kolkata,2025-11-08,,matched
DN001370,D00295,outerwear,good,5,Chennai,2025-08-09,,delivered
DN001371,D00262,shoes,fair,4,Pune,2025-03-25,NGO0035,matched
DN001372,D00149,children,good,10,Pune,2025-01-08,,pending
DN001373,D00211,children,good,3,Jaipur,2025-07-17,NGO0002,approved
DN001374,D00128,shoes,excellent,1,Lucknow,2025-04-18,,pending
DN001375,D00491,accessories,fair,2,Pune,2025-05-12,NGO0087,matched
DN001376,D00177,children,fair,8,Kolkata,2025-09-06,NGO0069,delivered
DN001377,D00149,formal,excellent,2,Pune,2025-09-20,NGO0080,matched
DN001378,D00317,formal,fair,1,Hyderabad,2025-07-09,NGO0024,approved
DN001379,D00348,accessories,fair,6,Kolkata,2025-05-11,NGO0005,pending
DN001380,D00344,casual,excellent,13,Delhi,2024-12-30,NGO0066,delivered
DN001381,D00049,shoes,good,9,Chennai,2025-10-05,NGO0043,matched
DN001382,D00057,children,excellent,17,Bengaluru,2025-09-14,,approved
DN001383,D00262,accessories,good,8,Pune,2025-05-11,,matched
DN001384,D00178,casual,excellent,20,Jaipur,2025-02-14,NGO0066,matched
DN001385,D00292,outerwear,excellent,6,Kolkata,2025-11-07,NGO0065,matched
DN001386,D00066,children,good,19,Chennai,2025-06-20,NGO0034,approved
DN001387,D00255,casual,fair,18,Bengaluru,2025-09-15,,pending
DN001388,D00085,accessories,excellent,18,Pune,2025-08-16,NGO0078,approved
DN001389,D00242,casual,excellent,2,Jaipur,2025-01-05,,approved
DN001390,D00231,formal,excellent,12,Bengaluru,2025-10-24,,matched
DN001391,D00037,children,good,4,Delhi,2025-10-31,NGO0084,pending
DN001392,D00155,formal,fair,5,Chennai,2025-08-03,,approved
DN001393,D00318,formal,good,4,Hyderabad,2025-05-28,NGO0066,delivered
DN001394,D00335,casual,good,17,Pune,2025-10-02,NGO0031,pending
DN001395,D00353,children,excellent,12,Bengaluru,2025-04-07,NGO0013,matched
DN001396,D00471,children,excellent,17,Bengaluru,2025-07-09,,pending
DN001397,D00439,accessories,good,15,Ahmedabad,2025-01-28,,matched
DN001398,D00092,shoes,fair,2,Mumbai,2025-03-21,NGO0063,pending
DN001399,D00060,shoes,fair,4,Lucknow,2025-05-17,NGO0025,approved
DN001400,D00405,children,fair,18,Pune,2025-01-31,,delivered
DN001401,D00071,formal,fair,9,Delhi,2025-10-02,NGO0074,delivered
DN001402,D00242,outerwear,good,10,Jaipur,2024-12-14,NGO0005,pending
DN001403,D00352,outerwear,excellent,2,Kolkata,2025-10-02,,approved
DN001404,D00479,casual,fair,13,Chennai,2024-11-20,NGO0013,approved
DN001405,D00149,formal,good,18,Pune,2025-01-18,,approved
DN001406,D00125,casual,fair,20,Pune,2025-06-18,NGO0057,matched
DN001407,D00499,shoes,good,7,Jaipur,2025-05-14,NGO0094,approved
DN001408,D00365,formal,excellent,1,Jaipur,2025-10-31,NGO0072,delivered
DN001409,D00342,formal,excellent,5,Hyderabad,2025-08-01,,delivered
DN001410,D00234,formal,fair,5,Delhi,2025-10-31,,approved
DN001411,D00485,casual,excellent,2,Mumbai,2024-11-30,NGO0023,approved
DN001412,D00093,formal,excellent,3,Hyderabad,2024-12-16,NGO0093,delivered
DN001413,D00222,accessories,excellent,10,Jaipur,2025-01-15,NGO0089,matched
DN001414,D00252,outerwear,fair,17,Pune,2025-07-04,NGO0041,approved
DN001415,D00122,outerwear,good,16,Ahmedabad,2025-04-28,,pending
DN001416,D00410,formal,excellent,13,Kolkata,2024-11-11,,approved
DN001417,D00023,accessories,fair,1,Jaipur,2025-01-30,,approved
DN001418,D00110,children,excellent,20,Pune,2025-03-28,,approved
DN001419,D00250,children,fair,18,Bengaluru,2025-08-06,NGO0045,pending
DN001420,D00411,shoes,excellent,7,Jaipur,2025-07-08,,approved
DN001421,D00148,shoes,excellent,17,Jaipur,2025-08-26,,delivered
DN001422,D00366,outerwear,excellent,7,Hyderabad,2025-01-11,,approved
DN001423,D00429,outerwear,fair,13,Mumbai,2025-10-02,NGO0054,approved
DN001424,D00255,formal,fair,10,Bengaluru,2025-09-06,,delivered
DN001425,D00386,accessories,fair,10,Bengaluru,2025-08-31,NGO0083,approved
DN001426,D00398,outerwear,excellent,9,Hyderabad,2024-12-11,,matched
DN001427,D00306,formal,fair,5,Mumbai,2025-01-04,,pending
DN001428,D00337,outerwear,good,13,Kolkata,2025-11-06,,delivered
DN001429,D00389,casual,excellent,13,Lucknow,2025-11-03,,delivered
DN001430,D00478,formal,excellent,14,Kolkata,2025-02-14,NGO0072,pending
DN001431,D00369,formal,good,1,Jaipur,2025-11-11,NGO0068,pending
DN001432,D00351,children,excellent,2,Chennai,2025-01-03,,pending
DN001433,D00241,children,fair,9,Bengaluru,2024-11-12,NGO0067,matched
DN001434,D00020,casual,excellent,6,Chennai,2025-01-07,,matched
DN001435,D00279,formal,good,13,Delhi,2025-07-01,,matched
DN001436,D00416,shoes,fair,8,Kolkata,2024-12-09,NGO0060,matched
DN001437,D00245,shoes,good,10,Lucknow,2024-11-19,,delivered
DN001438,D00210,casual,fair,11,Bengaluru,2024-12-04,,approved
DN001439,D00155,accessories,excellent,7,Chennai,2025-07-06,NGO0075,pending
DN001440,D00257,formal,good,15,Lucknow,2025-07-16,NGO0079,pending
DN001441,D00405,formal,fair,11,Pune,2024-11-13,NGO0068,delivered
DN001442,D00450,formal,excellent,11,Delhi,2024-12-15,,delivered
DN001443,D00196,accessories,excellent,8,Lucknow,2025-08-31,NGO0040,pending
DN001444,D00165,shoes,fair,18,Chennai,2025-01-24,,delivered
DN001445,D00228,children,good,18,Mumbai,2024-12-03,NGO0035,approved
DN001446,D00290,accessories,good,12,Bengaluru,2025-06-16,,matched
DN001447,D00256,children,fair,15,Lucknow,2025-02-11,NGO0028,delivered
DN001448,D00331,casual,fair,7,Mumbai,2025-09-27,,delivered
DN001449,D00114,formal,fair,4,Ahmedabad,2025-04-22,NGO0062,approved
DN001450,D00048,casual,good,14,Jaipur,2024-12-08,NGO0087,approved
DN001451,D00094,accessories,good,4,Bengaluru,2025-03-28,,approved
DN001452,D00492,children,excellent,12,Kolkata,2025-05-02,NGO0083,approved
DN001453,D00465,casual,excellent,1,Mumbai,2025-02-28,NGO0074,approved
DN001454,D00366,accessories,excellent,16,Hyderabad,2025-06-03,,delivered
DN001455,D00136,formal,fair,10,Delhi,2025-10-23,NGO0066,matched
DN001456,D00482,formal,good,19,Ahmedabad,2025-04-29,NGO0042,approved
DN001457,D00445,accessories,fair,2,Hyderabad,2025-02-18,NGO0030,pending
DN001458,D00409,shoes,fair,4,Delhi,2025-06-07,,matched
DN001459,D00009,shoes,good,16,Mumbai,2025-08-10,NGO0014,delivered
DN001460,D00177,accessories,excellent,15,Kolkata,2025-06-19,,delivered
DN001461,D00156,outerwear,excellent,2,Lucknow,2024-12-27,NGO0075,delivered
DN001462,D00309,formal,excellent,2,Hyderabad,2025-08-10,,delivered
DN001463,D00017,children,good,8,Hyderabad,2025-05-30,NGO0037,matched
DN001464,D00390,accessories,good,2,Kolkata,2025-03-18,NGO0069,approved
DN001465,D00033,formal,fair,17,Bengaluru,2025-08-10,,approved
DN001466,D00135,casual,fair,3,Chennai,2025-04-16,NGO0029,delivered
DN001467,D00033,outerwear,good,12,Bengaluru,2024-12-19,,pending
DN001468,D00048,shoes,fair,9,Jaipur,2025-09-13,NGO0047,pending
DN001469,D00065,casual,good,5,Kolkata,2025-10-31,NGO0037,delivered
DN001470,D00230,children,good,5,Kolkata,2025-08-21,,delivered
DN001471,D00058,casual,good,17,Delhi,2025-01-05,NGO0035,delivered
DN001472,D00020,outerwear,fair,5,Chennai,2025-07-31,NGO0057,approved
DN001473,D00396,casual,excellent,8,Delhi,2024-12-16,,delivered
DN001474,D00451,shoes,fair,18,Delhi,2025-08-30,,approved
DN001475,D00217,casual,excellent,5,Hyderabad,2025-01-12,,approved
DN001476,D00462,outerwear,good,20,Ahmedabad,2025-10-25,,matched
DN001477,D00447,formal,excellent,18,Mumbai,2024-12-03,,pending
DN001478,D00403,children,excellent,7,Hyderabad,2025-06-15,NGO0077,approved
DN001479,D00185,formal,fair,2,Jaipur,2025-01-04,,approved
DN001480,D00339,formal,excellent,14,Jaipur,2025-08-16,NGO0089,pending
DN001481,D00238,shoes,fair,9,Bengaluru,2025-02-02,NGO0089,approved
DN001482,D00046,outerwear,fair,6,Pune,2024-12-03,,approved
DN001483,D00367,outerwear,fair,5,Pune,2024-12-28,NGO0003,approved
DN001484,D00204,casual,good,20,Bengaluru,2025-08-13,NGO0077,matched
DN001485,D00361,children,fair,13,Chennai,2025-10-15,,matched
DN001486,D00291,shoes,good,9,Lucknow,2025-03-20,NGO0025,approved
DN001487,D00075,shoes,good,11,Mumbai,2025-09-06,,delivered
DN001488,D00484,casual,excellent,11,Chennai,2025-07-25,,approved
DN001489,D00399,accessories,excellent,14,Jaipur,2025-06-14,,approved
DN001490,D00172,accessories,good,4,Jaipur,2025-01-20,,matched
DN001491,D00241,children,fair,20,Bengaluru,2025-10-13,NGO0005,matched
DN001492,D00288,outerwear,good,3,Mumbai,2025-03-11,NGO0100,delivered
DN001493,D00145,children,fair,17,Hyderabad,2025-10-13,,approved
DN001494,D00296,shoes,good,2,Kolkata,2025-08-31,NGO0082,matched
DN001495,D00432,outerwear,fair,6,Jaipur,2024-11-30,,matched
DN001496,D00418,casual,good,14,Chennai,2024-11-12,,pending
DN001497,D00206,children,good,20,Bengaluru,2025-04-10,,pending
DN001498,D00463,outerwear,excellent,10,Lucknow,2025-02-10,NGO0012,approved
DN001499,D00477,accessories,excellent,3,Delhi,2025-10-15,,approved
DN001500,D00077,children,good,1,Ahmedabad,2024-11-28,NGO0031,matched
DN001501,D00177,casual,excellent,13,Kolkata,2025-04-26,NGO0019,matched
DN001502,D00311,shoes,excellent,6,Bengaluru,2025-08-17,,delivered
DN001503,D00374,casual,fair,17,Pune,2025-05-27,NGO0089,matched
DN001504,D00006,accessories,fair,3,Bengaluru,2025-10-26,NGO0033,delivered
DN001505,D00327,casual,excellent,19,Mumbai,2025-08-15,NGO0037,approved
DN001506,D00420,shoes,fair,13,Chennai,2024-11-19,NGO0024,matched
DN001507,D00080,children,excellent,4,Delhi,2025-04-19,NGO0002,delivered
DN001508,D00055,shoes,excellent,19,Jaipur,2025-05-25,,matched
DN001509,D00416,children,good,10,Kolkata,2025-02-17,NGO0043,matched
DN001510,D00265,casual,good,11,Bengaluru,2025-04-18,,delivered
DN001511,D00489,accessories,excellent,15,Ahmedabad,2025-01-27,NGO0087,matched
DN001512,D00150,shoes,fair,3,Bengaluru,2025-05-30,NGO0089,matched
DN001513,D00334,formal,good,2,Pune,2025-03-06,NGO0100,pending
DN001514,D00481,formal,good,14,Bengaluru,2024-12-30,NGO0075,pending
DN001515,D00485,formal,fair,14,Mumbai,2025-10-30,,pending
DN001516,D00152,accessories,fair,10,Pune,2025-07-03,NGO0056,approved
DN001517,D00328,casual,fair,8,Ahmedabad,2025-03-13,NGO0004,pending
DN001518,D00437,outerwear,good,6,Pune,2024-12-04,,delivered
DN001519,D00050,formal,good,17,Chennai,2025-10-04,NGO0031,approved
DN001520,D00391,outerwear,fair,9,Kolkata,2025-01-21,,matched
DN001521,D00134,formal,good,17,Kolkata,2025-10-01,NGO0073,delivered
DN001522,D00159,formal,good,4,Jaipur,2025-08-14,,delivered
DN001523,D00376,formal,excellent,1,Bengaluru,2025-07-20,NGO0094,delivered
DN001524,D00253,outerwear,fair,11,Bengaluru,2025-04-29,NGO0023,delivered
DN001525,D00125,shoes,good,14,Pune,2025-05-06,NGO0043,delivered
DN001526,D00418,outerwear,fair,10,Chennai,2024-12-01,NGO0071,approved
DN001527,D00372,shoes,good,13,Jaipur,2024-12-30,,matched
DN001528,D00306,children,good,1,Mumbai,2025-10-12,NGO0075,pending
DN001529,D00291,casual,fair,10,Lucknow,2025-03-08,NGO0028,matched
DN001530,D00272,children,good,2,Lucknow,2025-06-13,,matched
DN001531,D00471,outerwear,excellent,12,Bengaluru,2025-10-24,,matched
DN001532,D00498,children,fair,6,Ahmedabad,2025-05-11,,pending
DN001533,D00275,shoes,fair,3,Kolkata,2025-10-28,,approved
DN001534,D00343,outerwear,excellent,13,Lucknow,2025-01-24,NGO0095,matched
DN001535,D00267,shoes,good,19,Jaipur,2025-08-26,NGO0091,delivered
DN001536,D00395,shoes,good,10,Hyderabad,2025-03-06,,approved
DN001537,D00119,formal,fair,19,Lucknow,2025-02-05,,delivered
DN001538,D00061,shoes,excellent,7,Pune,2025-08-18,,matched
DN001539,D00091,shoes,excellent,6,Jaipur,2025-02-22,,approved
DN001540,D00231,accessories,good,20,Bengaluru,2025-01-08,NGO0095,matched
DN001541,D00400,shoes,excellent,14,Pune,2024-12-02,NGO0023,matched
DN001542,D00478,casual,fair,1,Kolkata,2025-06-17,NGO0033,pending
DN001543,D00249,outerwear,good,19,Bengaluru,2025-05-03,,pending
DN001544,D00199,casual,excellent,1,Ahmedabad,2025-04-05,NGO0097,pending
DN001545,D00411,shoes,excellent,16,Jaipur,2024-12-21,,delivered
DN001546,D00426,casual,good,18,Hyderabad,2025-09-12,,pending
DN001547,D00196,casual,good,12,Lucknow,2025-05-21,,matched
DN001548,D00226,casual,fair,12,Delhi,2025-08-25,,approved
DN001549,D00276,casual,fair,14,Delhi,2025-07-11,,matched
DN001550,D00092,formal,excellent,13,Mumbai,2025-10-05,,matched
DN001551,D00163,children,excellent,13,Delhi,2025-05-02,,matched
DN001552,D00390,children,fair,20,Kolkata,2025-05-21,NGO0069,pending
DN001553,D00234,casual,good,9,Delhi,2025-07-10,NGO0004,delivered
DN001554,D00248,children,fair,2,Delhi,2025-03-11,NGO0009,delivered
DN001555,D00024,children,good,19,Delhi,2025-08-25,NGO0008,matched
DN001556,D00482,accessories,fair,14,Ahmedabad,2025-05-22,NGO0041,pending
DN001557,D00397,accessories,fair,10,Delhi,2025-10-12,NGO0002,pending
DN001558,D00234,shoes,fair,13,Delhi,2025-06-18,NGO0028,approved
DN001559,D00408,accessories,fair,18,Ahmedabad,2025-04-08,NGO0001,matched
DN001560,D00138,children,good,13,Jaipur,2025-02-15,NGO0032,delivered
DN001561,D00203,accessories,good,12,Bengaluru,2025-05-10,,approved
DN001562,D00194,children,fair,18,Bengaluru,2025-03-22,NGO0033,pending
DN001563,D00060,shoes,good,13,Lucknow,2025-01-20,NGO0038,approved
DN001564,D00038,formal,good,6,Pune,2025-04-11,NGO0061,pending
DN001565,D00206,shoes,good,13,Bengaluru,2025-03-08,,approved
DN001566,D00283,casual,good,2,Lucknow,2025-03-08,NGO0031,matched
DN001567,D00113,shoes,good,19,Mumbai,2024-12-17,,pending
DN001568,D00079,formal,excellent,12,Lucknow,2025-07-11,NGO0087,pending
DN001569,D00276,children,fair,17,Delhi,2025-03-19,,pending
DN001570,D00215,formal,good,18,Lucknow,2025-07-25,,delivered
DN001571,D00295,accessories,excellent,14,Chennai,2025-07-08,NGO0003,approved
DN001572,D00038,children,fair,6,Pune,2025-01-10,,pending
DN001573,D00418,children,fair,13,Chennai,2024-11-17,,matched
DN001574,D00124,outerwear,good,17,Mumbai,2024-11-25,NGO0091,approved
DN001575,D00100,shoes,fair,2,Kolkata,2025-09-17,NGO0080,matched
DN001576,D00437,children,good,3,Pune,2025-10-21,NGO0061,matched
DN001577,D00304,casual,good,20,Mumbai,2024-12-07,,approved
DN001578,D00453,children,excellent,8,Lucknow,2025-08-20,,matched
DN001579,D00374,children,excellent,4,Pune,2025-03-26,NGO0080,delivered
DN001580,D00073,shoes,good,11,Bengaluru,2025-10-11,,delivered
DN001581,D00157,formal,good,6,Lucknow,2025-03-06,NGO0067,approved
DN001582,D00240,children,excellent,6,Mumbai,2025-05-16,,matched
DN001583,D00181,accessories,good,1,Jaipur,2024-12-05,,matched
DN001584,D00132,casual,excellent,19,Chennai,2024-12-14,NGO0095,pending
DN001585,D00489,formal,excellent,15,Ahmedabad,2025-07-30,NGO0004,approved
DN001586,D00191,outerwear,excellent,5,Bengaluru,2025-11-08,,delivered
DN001587,D00096,outerwear,excellent,12,Lucknow,2025-01-02,NGO0100,approved
DN001588,D00191,accessories,excellent,15,Bengaluru,2024-12-17,NGO0045,matched
DN001589,D00222,accessories,good,6,Jaipur,2025-10-26,NGO0021,matched
DN001590,D00310,formal,fair,8,Hyderabad,2025-02-15,NGO0093,approved
DN001591,D00481,formal,fair,10,Bengaluru,2025-08-08,NGO0027,approved
DN001592,D00251,casual,good,6,Jaipur,2025-11-01,NGO0005,matched
DN001593,D00235,casual,excellent,1,Kolkata,2025-05-08,NGO0058,approved
DN001594,D00021,accessories,good,16,Jaipur,2025-01-19,,delivered
DN001595,D00269,accessories,fair,6,Mumbai,2025-10-18,,delivered
DN001596,D00499,accessories,excellent,9,Jaipur,2025-03-23,,pending
DN001597,D00102,outerwear,fair,17,Ahmedabad,2025-03-18,NGO0067,matched
DN001598,D00290,children,good,14,Bengaluru,2025-01-26,NGO0079,matched
DN001599,D00255,casual,good,16,Bengaluru,2025-04-12,NGO0007,pending
DN001600,D00305,accessories,excellent,9,Pune,2025-02-07,,delivered
DN001601,D00276,casual,fair,4,Delhi,2025-03-24,NGO0079,approved
DN001602,D00282,casual,fair,15,Kolkata,2025-01-19,,pending
DN001603,D00125,accessories,good,3,Pune,2025-04-21,,matched
DN001604,D00486,casual,fair,20,Pune,2025-11-09,NGO0090,matched
DN001605,D00302,accessories,excellent,7,Pune,2025-01-27,NGO0071,pending
DN001606,D00163,casual,excellent,1,Delhi,2025-01-07,,delivered
DN001607,D00005,children,excellent,15,Jaipur,2025-01-26,NGO0083,delivered
DN001608,D00207,outerwear,good,2,Bengaluru,2025-02-21,NGO0040,approved
DN001609,D00321,formal,fair,12,Hyderabad,2025-07-24,,pending
DN001610,D00288,formal,good,18,Mumbai,2025-03-25,NGO0069,approved
DN001611,D00034,formal,fair,10,Jaipur,2025-04-18,,approved
DN001612,D00188,accessories,fair,19,Bengaluru,2025-04-04,NGO0089,matched
DN001613,D00304,outerwear,good,6,Mumbai,2025-05-21,NGO0098,matched
DN001614,D00109,formal,excellent,11,Bengaluru,2025-05-30,NGO0086,pending
DN001615,D00276,outerwear,fair,6,Delhi,2025-10-14,,pending
DN001616,D00416,shoes,good,8,Kolkata,2025-04-06,NGO0078,approved
DN001617,D00472,shoes,fair,12,Kolkata,2024-12-30,NGO0057,pending
DN001618,D00344,accessories,good,17,Delhi,2025-01-05,,approved
DN001619,D00134,accessories,good,12,Kolkata,2024-12-28,,delivered
DN001620,D00060,casual,excellent,3,Lucknow,2025-02-03,NGO0011,pending
DN001621,D00418,accessories,excellent,3,Chennai,2025-03-17,NGO0082,pending
DN001622,D00089,shoes,excellent,3,Chennai,2025-10-17,,delivered
DN001623,D00138,casual,good,10,Jaipur,2025-06-04,NGO0051,matched
DN001624,D00377,casual,excellent,2,Delhi,2025-09-07,NGO0050,matched
DN001625,D00366,formal,excellent,15,Hyderabad,2025-10-01,NGO0025,approved
DN001626,D00459,shoes,excellent,15,Lucknow,2025-05-03,NGO0065,delivered
DN001627,D00496,casual,excellent,4,Hyderabad,2025-03-03,,pending
DN001628,D00057,accessories,excellent,11,Bengaluru,2025-02-02,NGO0065,delivered
DN001629,D00460,casual,excellent,2,Pune,2025-04-25,NGO0073,matched
DN001630,D00497,outerwear,fair,12,Kolkata,2025-09-07,NGO0072,matched
DN001631,D00063,formal,excellent,13,Lucknow,2025-09-18,NGO0050,approved
DN001632,D00053,outerwear,excellent,1,Mumbai,2025-04-10,NGO0020,matched
DN001633,D00409,children,fair,4,Delhi,2025-03-22,,approved
DN001634,D00149,casual,excellent,13,Pune,2025-08-29,,pending
DN001635,D00428,formal,excellent,14,Lucknow,2025-03-24,,approved
DN001636,D00327,casual,excellent,2,Mumbai,2025-07-02,NGO0008,delivered
DN001637,D00421,formal,excellent,6,Delhi,2025-08-26,NGO0098,approved
DN001638,D00407,casual,fair,1,Kolkata,2025-09-23,NGO0054,approved
DN001639,D00482,accessories,good,17,Ahmedabad,2025-05-05,,pending
DN001640,D00340,formal,fair,6,Jaipur,2025-10-19,NGO0070,pending
DN001641,D00023,shoes,good,20,Jaipur,2025-09-15,,approved
DN001642,D00469,formal,excellent,13,Ahmedabad,2025-05-08,,approved
DN001643,D00179,casual,fair,16,Kolkata,2025-06-11,NGO0074,pending
DN001644,D00269,children,fair,7,Mumbai,2025-02-25,,matched
DN001645,D00479,children,fair,15,Chennai,2025-10-13,NGO0021,pending
DN001646,D00363,shoes,good,10,Ahmedabad,2025-01-27,NGO0011,pending
DN001647,D00347,shoes,good,9,Mumbai,2025-03-07,NGO0005,matched
DN001648,D00314,shoes,good,9,Hyderabad,2024-11-21,NGO0074,delivered
DN001649,D00373,formal,good,11,Delhi,2025-05-29,,pending
DN001650,D00491,children,excellent,4,Pune,2025-03-14,,approved
DN001651,D00155,shoes,good,10,Chennai,2025-09-14,NGO0051,approved
DN001652,D00261,formal,good,6,Mumbai,2025-04-13,,pending
DN001653,D00096,accessories,good,4,Lucknow,2025-02-11,,approved
DN001654,D00420,shoes,good,14,Chennai,2025-07-03,NGO0093,pending
DN001655,D00166,shoes,excellent,14,Delhi,2025-03-28,NGO0005,matched
DN001656,D00385,casual,excellent,9,Chennai,2025-08-12,NGO0027,delivered
DN001657,D00458,casual,good,13,Mumbai,2025-02-24,,matched
DN001658,D00482,shoes,excellent,20,Ahmedabad,2025-04-17,NGO0038,matched
DN001659,D00133,formal,excellent,9,Jaipur,2024-12-01,NGO0019,matched
DN001660,D00185,formal,excellent,10,Jaipur,2025-09-05,,pending
DN001661,D00225,children,good,15,Jaipur,2025-06-03,NGO0001,approved
DN001662,D00193,accessories,fair,4,Delhi,2025-04-15,NGO0042,pending
DN001663,D00115,accessories,good,10,Pune,2025-05-26,NGO0054,delivered
DN001664,D00480,casual,good,8,Kolkata,2024-12-15,NGO0056,approved
DN001665,D00155,shoes,good,9,Chennai,2025-02-01,,pending
DN001666,D00220,outerwear,fair,12,Hyderabad,2025-06-14,NGO0004,matched
DN001667,D00166,accessories,excellent,4,Delhi,2025-08-16,,pending
DN001668,D00491,children,fair,11,Pune,2025-09-17,NGO0074,delivered
DN001669,D00244,casual,fair,4,Jaipur,2025-06-06,NGO0064,delivered
DN001670,D00063,outerwear,good,13,Lucknow,2025-07-13,,matched
DN001671,D00396,casual,good,17,Delhi,2025-04-16,NGO0042,delivered
DN001672,D00090,outerwear,fair,14,Hyderabad,2024-11-25,,matched
DN001673,D00461,shoes,good,15,Delhi,2025-07-05,NGO0037,approved
DN001674,D00271,shoes,fair,8,Hyderabad,2025-02-04,NGO0092,approved
DN001675,D00113,casual,excellent,15,Mumbai,2025-07-11,,pending
DN001676,D00398,casual,good,18,Hyderabad,2025-08-28,,pending
DN001677,D00292,outerwear,good,15,Kolkata,2025-05-19,NGO0063,matched
DN001678,D00154,outerwear,fair,18,Chennai,2025-10-25,,delivered
DN001679,D00054,formal,fair,16,Bengaluru,2025-10-26,NGO0035,approved
DN001680,D00031,casual,good,17,Mumbai,2025-11-06,NGO0005,approved
DN001681,D00287,casual,excellent,6,Hyderabad,2025-07-27,NGO0048,pending
DN001682,D00415,accessories,fair,13,Hyderabad,2025-01-24,NGO0084,delivered
DN001683,D00116,outerwear,excellent,2,Bengaluru,2025-02-25,NGO0087,delivered
DN001684,D00069,formal,fair,17,Mumbai,2025-01-26,,delivered
DN001685,D00201,children,fair,2,Kolkata,2025-07-20,,matched
DN001686,D00125,shoes,fair,1,Pune,2025-07-15,NGO0022,approved
DN001687,D00017,shoes,good,9,Hyderabad,2025-09-04,NGO0058,pending
DN001688,D00258,children,good,17,Delhi,2025-06-20,,pending
DN001689,D00164,formal,good,19,Delhi,2025-10-10,,delivered
DN001690,D00217,children,fair,11,Hyderabad,2025-09-04,NGO0024,delivered
DN001691,D00409,outerwear,excellent,13,Delhi,2025-03-04,,delivered
DN001692,D00008,casual,good,2,Jaipur,2025-04-12,NGO0033,delivered
DN001693,D00416,outerwear,fair,5,Kolkata,2025-10-30,NGO0034,pending
DN001694,D00477,children,excellent,13,Delhi,2025-01-31,NGO0009,matched
DN001695,D00121,shoes,excellent,10,Pune,2025-01-25,NGO0028,pending
DN001696,D00302,outerwear,excellent,15,Pune,2024-12-23,,matched
DN001697,D00420,casual,good,11,Chennai,2024-12-24,,pending
DN001698,D00126,children,good,15,Lucknow,2025-07-13,,approved
DN001699,D00094,shoes,excellent,19,Bengaluru,2025-09-04,,pending
DN001700,D00447,casual,excellent,15,Mumbai,2025-07-15,NGO0057,delivered
DN001701,D00210,accessories,excellent,20,Bengaluru,2025-07-10,,pending
DN001702,D00273,shoes,fair,19,Jaipur,2025-10-28,,approved
DN001703,D00178,formal,excellent,11,Jaipur,2025-04-03,NGO0039,approved
DN001704,D00309,shoes,good,12,Hyderabad,2025-08-29,,pending
DN001705,D00188,children,fair,2,Bengaluru,2024-12-20,,delivered
DN001706,D00098,accessories,fair,16,Mumbai,2025-05-26,NGO0053,pending
DN001707,D00254,accessories,fair,14,Delhi,2025-04-13,,pending
DN001708,D00174,casual,excellent,6,Mumbai,2024-11-18,,approved
DN001709,D00328,formal,fair,2,Ahmedabad,2025-01-13,,pending
DN001710,D00343,children,good,7,Lucknow,2025-07-16,,delivered
DN001711,D00292,formal,excellent,10,Kolkata,2025-03-19,NGO0077,delivered
DN001712,D00257,children,excellent,8,Lucknow,2025-03-27,NGO0053,pending
DN001713,D00417,formal,fair,17,Kolkata,2025-04-18,,matched
DN001714,D00219,outerwear,fair,12,Pune,2025-03-20,,pending
DN001715,D00292,outerwear,fair,5,Kolkata,2025-05-07,,approved
DN001716,D00496,accessories,good,3,Hyderabad,2025-11-07,NGO0070,delivered
DN001717,D00143,casual,excellent,4,Mumbai,2025-04-10,NGO0047,delivered
DN001718,D00375,casual,excellent,12,Jaipur,2025-03-15,,matched
DN001719,D00288,outerwear,good,4,Mumbai,2024-11-25,,delivered
DN001720,D00361,accessories,fair,14,Chennai,2025-04-10,,approved
DN001721,D00214,accessories,excellent,20,Lucknow,2025-03-08,NGO0001,matched
DN001722,D00352,casual,good,15,Kolkata,2025-07-17,,delivered
DN001723,D00067,accessories,good,1,Ahmedabad,2025-01-08,NGO0008,approved
DN001724,D00084,children,excellent,18,Chennai,2025-09-10,NGO0079,approved
DN001725,D00282,casual,fair,20,Kolkata,2025-10-17,NGO0051,approved
DN001726,D00275,formal,fair,13,Kolkata,2025-04-04,,delivered
DN001727,D00317,accessories,excellent,4,Hyderabad,2025-01-18,NGO0072,pending
DN001728,D00288,children,good,11,Mumbai,2025-01-30,NGO0050,pending
DN001729,D00398,outerwear,good,1,Hyderabad,2025-04-28,,delivered
DN001730,D00194,children,good,10,Bengaluru,2025-01-25,,approved
DN001731,D00242,outerwear,good,19,Jaipur,2024-12-25,NGO0100,approved
DN001732,D00170,formal,excellent,13,Hyderabad,2025-02-24,NGO0033,matched
DN001733,D00141,accessories,excellent,3,Jaipur,2025-10-25,NGO0067,delivered
DN001734,D00282,children,fair,14,Kolkata,2025-07-21,,approved
DN001735,D00286,accessories,fair,4,Chennai,2025-05-16,NGO0057,matched
DN001736,D00365,casual,good,9,Jaipur,2025-03-19,NGO0015,pending
DN001737,D00124,formal,fair,16,Mumbai,2025-08-29,NGO0026,pending
DN001738,D00060,formal,good,14,Lucknow,2025-09-12,,delivered
DN001739,D00219,children,fair,11,Pune,2025-10-10,NGO0019,approved
DN001740,D00027,accessories,excellent,1,Chennai,2025-03-13,NGO0087,approved
DN001741,D00331,outerwear,fair,20,Mumbai,2025-05-21,,approved
DN001742,D00036,accessories,fair,13,Chennai,2025-08-27,NGO0036,pending
DN001743,D00302,casual,good,3,Pune,2025-01-10,,delivered
DN001744,D00435,children,excellent,9,Pune,2025-03-23,,pending
DN001745,D00342,formal,excellent,1,Hyderabad,2025-10-15,,delivered
DN001746,D00352,accessories,excellent,13,Kolkata,2025-06-24,,approved
DN001747,D00002,outerwear,good,8,Chennai,2024-11-21,,matched
DN001748,D00204,accessories,good,8,Bengaluru,2025-07-30,NGO0014,delivered
DN001749,D00136,outerwear,excellent,2,Delhi,2025-02-17,NGO0093,matched
DN001750,D00331,casual,excellent,7,Mumbai,2025-02-01,,delivered
DN001751,D00455,shoes,fair,18,Hyderabad,2025-08-21,NGO0079,delivered
DN001752,D00123,shoes,good,13,Jaipur,2025-05-13,NGO0084,pending
DN001753,D00270,casual,fair,5,Chennai,2025-02-27,,approved
DN001754,D00308,children,fair,17,Bengaluru,2025-07-12,NGO0007,pending
DN001755,D00072,children,fair,17,Hyderabad,2025-07-23,,approved
DN001756,D00310,formal,good,15,Hyderabad,2025-01-14,,delivered
DN001757,D00389,formal,excellent,13,Lucknow,2025-03-28,NGO0021,pending
DN001758,D00385,casual,excellent,5,Chennai,2025-10-19,,pending
DN001759,D00019,formal,fair,2,Chennai,2025-08-06,,delivered
DN001760,D00269,outerwear,good,16,Mumbai,2025-01-27,NGO0091,matched
DN001761,D00421,accessories,fair,9,Delhi,2025-08-16,,delivered
DN001762,D00339,outerwear,excellent,15,Jaipur,2024-12-19,NGO0028,approved
DN001763,D00178,shoes,fair,20,Jaipur,2025-03-12,NGO0083,matched
DN001764,D00320,outerwear,good,7,Hyderabad,2024-11-27,,delivered
DN001765,D00113,shoes,excellent,14,Mumbai,2024-12-20,,pending
DN001766,D00245,outerwear,fair,8,Lucknow,2024-12-12,NGO0016,delivered
DN001767,D00473,shoes,excellent,1,Pune,2025-04-19,,matched
DN001768,D00120,outerwear,excellent,19,Ahmedabad,2025-01-28,NGO0018,delivered
DN001769,D00031,formal,excellent,6,Mumbai,2024-11-12,NGO0070,approved
DN001770,D00390,shoes,fair,16,Kolkata,2025-04-10,,approved
DN001771,D00124,casual,excellent,9,Mumbai,2025-10-09,,delivered
DN001772,D00248,children,fair,12,Delhi,2025-07-03,NGO0038,approved
DN001773,D00099,casual,excellent,5,Hyderabad,2025-08-14,NGO0042,pending
DN001774,D00137,outerwear,good,14,Bengaluru,2025-07-17,,delivered
DN001775,D00190,shoes,fair,13,Chennai,2025-10-25,NGO0024,matched
DN001776,D00274,children,fair,3,Delhi,2025-08-14,NGO0075,delivered
DN001777,D00240,outerwear,good,4,Mumbai,2025-08-16,,pending
DN001778,D00384,accessories,fair,10,Jaipur,2025-02-17,NGO0047,pending
DN001779,D00386,children,fair,5,Bengaluru,2025-06-27,NGO0032,pending
DN001780,D00320,casual,excellent,13,Hyderabad,2025-07-17,,pending
DN001781,D00184,shoes,excellent,6,Ahmedabad,2025-06-12,NGO0055,delivered
DN001782,D00027,shoes,fair,7,Chennai,2024-11-19,NGO0096,matched
DN001783,D00421,shoes,excellent,13,Delhi,2025-03-23,NGO0010,pending
DN001784,D00259,children,fair,8,Jaipur,2025-01-08,,approved
DN001785,D00083,formal,excellent,7,Delhi,2025-04-24,NGO0034,matched
DN001786,D00247,accessories,excellent,7,Lucknow,2025-07-09,NGO0061,pending
DN001787,D00034,outerwear,excellent,3,Jaipur,2025-08-13,,pending
DN001788,D00177,accessories,fair,11,Kolkata,2025-01-30,,delivered
DN001789,D00054,shoes,fair,4,Bengaluru,2025-05-09,NGO0074,matched
DN001790,D00303,children,excellent,2,Mumbai,2025-04-08,NGO0035,approved
DN001791,D00091,formal,fair,11,Jaipur,2025-01-26,,approved
DN001792,D00365,shoes,good,12,Jaipur,2025-04-01,NGO0039,matched
DN001793,D00041,casual,excellent,2,Ahmedabad,2025-09-11,NGO0006,pending
DN001794,D00346,casual,fair,5,Hyderabad,2025-05-16,,approved
DN001795,D00217,casual,fair,6,Hyderabad,2025-09-30,NGO0055,approved
DN001796,D00053,outerwear,excellent,6,Mumbai,2025-06-10,NGO0065,approved
DN001797,D00214,accessories,fair,16,Lucknow,2025-03-15,NGO0059,approved
DN001798,D00242,casual,excellent,3,Jaipur,2025-01-23,,delivered
DN001799,D00477,outerwear,fair,17,Delhi,2025-02-14,NGO0092,delivered
DN001800,D00354,shoes,excellent,8,Bengaluru,2025-02-01,NGO0059,pending
DN001801,D00183,casual,good,10,Ahmedabad,2025-01-09,,pending
DN001802,D00490,outerwear,fair,7,Pune,2025-04-01,,matched
DN001803,D00147,accessories,excellent,2,Bengaluru,2025-02-09,NGO0052,approved
DN001804,D00093,children,excellent,17,Hyderabad,2024-12-05,,pending
DN001805,D00166,shoes,good,10,Delhi,2025-11-04,NGO0008,pending
DN001806,D00457,children,fair,19,Bengaluru,2025-10-10,NGO0022,matched
DN001807,D00267,shoes,fair,2,Jaipur,2025-05-23,,matched
DN001808,D00376,children,fair,10,Bengaluru,2025-02-05,NGO0049,delivered
DN001809,D00292,children,good,15,Kolkata,2025-06-11,,matched
DN001810,D00124,children,fair,8,Mumbai,2025-01-26,NGO0095,matched
DN001811,D00044,shoes,excellent,20,Bengaluru,2025-03-31,,approved
DN001812,D00108,shoes,fair,16,Pune,2025-02-04,,matched
DN001813,D00029,formal,fair,11,Ahmedabad,2025-07-11,NGO0070,approved
DN001814,D00387,shoes,fair,3,Bengaluru,2025-05-22,NGO0037,approved
DN001815,D00115,shoes,good,16,Pune,2025-10-16,,delivered
DN001816,D00286,outerwear,fair,13,Chennai,2025-10-02,,pending
DN001817,D00112,accessories,excellent,6,Chennai,2025-03-12,,pending
DN001818,D00142,accessories,excellent,3,Hyderabad,2025-07-12,,approved
DN001819,D00187,formal,excellent,17,Ahmedabad,2025-08-07,NGO0001,approved
DN001820,D00304,shoes,good,16,Mumbai,2025-04-07,NGO0007,approved
DN001821,D00297,formal,excellent,10,Ahmedabad,2025-02-27,NGO0062,matched
DN001822,D00114,casual,fair,14,Ahmedabad,2025-10-22,NGO0010,delivered
DN001823,D00182,children,excellent,14,Ahmedabad,2025-04-15,NGO0053,delivered
DN001824,D00067,shoes,excellent,1,Ahmedabad,2025-10-02,NGO0016,pending
DN001825,D00391,shoes,fair,5,Kolkata,2025-09-27,,matched
DN001826,D00092,formal,good,18,Mumbai,2025-08-04,,approved
DN001827,D00174,casual,good,20,Mumbai,2025-08-25,,delivered
DN001828,D00482,children,excellent,15,Ahmedabad,2025-10-02,NGO0010,matched
DN001829,D00041,shoes,fair,8,Ahmedabad,2025-01-02,,delivered
DN001830,D00097,children,excellent,13,Bengaluru,2025-09-16,,approved
DN001831,D00158,children,excellent,2,Kolkata,2025-11-03,NGO0033,matched
DN001832,D00023,shoes,fair,5,Jaipur,2025-10-13,,delivered
DN001833,D00176,accessories,excellent,14,Lucknow,2024-11-21,NGO0022,matched
DN001834,D00039,casual,excellent,14,Hyderabad,2025-06-24,,matched
DN001835,D00151,formal,excellent,1,Kolkata,2025-02-07,,approved
DN001836,D00440,children,fair,8,Mumbai,2025-08-01,NGO0046,delivered
DN001837,D00176,casual,excellent,14,Lucknow,2025-02-23,,pending
DN001838,D00348,children,good,16,Kolkata,2025-08-18,NGO0041,matched
DN001839,D00023,formal,excellent,7,Jaipur,2025-06-03,NGO0023,approved
DN001840,D00044,outerwear,fair,11,Bengaluru,2025-08-08,,pending
DN001841,D00466,shoes,fair,14,Delhi,2025-03-05,NGO0071,pending
DN001842,D00184,formal,good,6,Ahmedabad,2025-04-28,,pending
DN001843,D00406,accessories,fair,10,Chennai,2025-08-18,NGO0093,pending
DN001844,D00279,shoes,fair,6,Delhi,2025-06-07,,pending
DN001845,D00466,outerwear,fair,3,Delhi,2024-12-09,,matched
DN001846,D00222,shoes,fair,18,Jaipur,2024-11-21,,approved
DN001847,D00452,children,fair,16,Ahmedabad,2025-08-15,NGO0084,delivered
DN001848,D00465,casual,good,20,Mumbai,2025-04-16,NGO0022,matched
DN001849,D00092,outerwear,fair,1,Mumbai,2025-07-04,NGO0010,matched
DN001850,D00473,shoes,fair,4,Pune,2025-08-25,NGO0028,pending
DN001851,D00123,shoes,good,8,Jaipur,2025-09-03,NGO0047,delivered
DN001852,D00210,outerwear,fair,17,Bengaluru,2025-03-23,NGO0087,approved
DN001853,D00292,formal,excellent,12,Kolkata,2025-07-21,NGO0084,delivered
DN001854,D00102,accessories,good,11,Ahmedabad,2024-12-31,NGO0080,delivered
DN001855,D00253,children,excellent,15,Bengaluru,2025-02-28,NGO0060,matched
DN001856,D00351,formal,excellent,17,Chennai,2025-05-20,NGO0042,pending
DN001857,D00246,formal,good,8,Ahmedabad,2025-10-10,NGO0039,approved
DN001858,D00382,casual,excellent,11,Chennai,2025-08-08,NGO0075,pending
DN001859,D00236,children,excellent,9,Lucknow,2025-08-04,,approved
DN001860,D00117,formal,excellent,14,Pune,2025-06-12,NGO0037,delivered
DN001861,D00114,shoes,excellent,15,Ahmedabad,2025-06-24,,matched
DN001862,D00198,formal,excellent,4,Lucknow,2025-11-06,NGO0044,delivered
DN001863,D00412,shoes,good,5,Hyderabad,2025-05-14,,matched
DN001864,D00420,accessories,excellent,2,Chennai,2024-12-30,NGO0048,delivered
DN001865,D00374,children,excellent,11,Pune,2025-01-12,,approved
DN001866,D00091,outerwear,good,20,Jaipur,2025-05-08,NGO0004,matched
DN001867,D00004,casual,fair,14,Chennai,2024-11-30,NGO0053,delivered
DN001868,D00145,children,fair,5,Hyderabad,2025-06-21,NGO0008,matched
DN001869,D00186,outerwear,fair,2,Lucknow,2025-05-22,NGO0085,delivered
DN001870,D00290,formal,excellent,7,Bengaluru,2024-11-28,NGO0056,pending
DN001871,D00223,children,good,1,Chennai,2024-12-27,,matched
DN001872,D00140,formal,good,3,Ahmedabad,2025-03-02,NGO0035,approved
DN001873,D00369,children,good,7,Jaipur,2025-07-02,NGO0036,approved
DN001874,D00309,formal,excellent,11,Hyderabad,2025-02-22,,approved
DN001875,D00306,children,fair,14,Mumbai,2025-04-23,,approved
DN001876,D00075,shoes,good,15,Mumbai,2025-08-12,,pending
DN001877,D00143,shoes,excellent,2,Mumbai,2025-04-14,,pending
DN001878,D00260,outerwear,good,20,Mumbai,2025-08-11,NGO0099,pending
DN001879,D00021,shoes,excellent,13,Jaipur,2025-02-10,NGO0021,delivered
DN001880,D00304,outerwear,excellent,9,Mumbai,2025-06-08,NGO0025,pending
DN001881,D00499,shoes,fair,18,Jaipur,2025-09-03,NGO0095,approved
DN001882,D00255,outerwear,fair,18,Bengaluru,2025-10-21,NGO0007,matched
DN001883,D00141,shoes,fair,14,Jaipur,2025-11-09,,matched
DN001884,D00084,accessories,excellent,5,Chennai,2024-11-18,NGO0049,delivered
DN001885,D00109,outerwear,good,2,Bengaluru,2025-09-30,,pending
DN001886,D00437,accessories,good,9,Pune,2025-03-15,NGO0040,pending
DN001887,D00009,outerwear,fair,17,Mumbai,2024-12-27,,delivered
DN001888,D00347,shoes,excellent,2,Mumbai,2024-12-19,NGO0066,approved
DN001889,D00472,formal,good,10,Kolkata,2025-02-03,,pending
DN001890,D00366,shoes,excellent,3,Hyderabad,2025-11-11,,delivered
DN001891,D00009,shoes,good,5,Mumbai,2025-07-14,,matched
DN001892,D00017,casual,excellent,7,Hyderabad,2024-12-26,,approved
DN001893,D00054,formal,fair,2,Bengaluru,2025-07-19,,delivered
DN001894,D00492,outerwear,excellent,16,Kolkata,2025-07-25,NGO0045,matched
DN001895,D00352,children,fair,4,Kolkata,2025-05-26,NGO0043,approved
DN001896,D00245,formal,good,2,Lucknow,2024-12-22,NGO0010,matched
DN001897,D00448,casual,fair,12,Lucknow,2025-02-14,NGO0078,matched
DN001898,D00325,casual,fair,19,Ahmedabad,2025-04-05,NGO0015,pending
DN001899,D00132,accessories,good,15,Chennai,2024-12-26,NGO0019,pending
DN001900,D00387,children,fair,5,Bengaluru,2025-10-05,NGO0066,approved
DN001901,D00251,casual,excellent,9,Jaipur,2024-11-23,,matched
DN001902,D00011,formal,fair,18,Delhi,2025-06-21,NGO0052,delivered
DN001903,D00467,shoes,fair,20,Kolkata,2025-01-02,NGO0068,pending
DN001904,D00428,children,fair,10,Lucknow,2025-10-12,,delivered
DN001905,D00185,formal,good,4,Jaipur,2025-07-06,,delivered
DN001906,D00296,shoes,good,15,Kolkata,2025-06-30,NGO0075,matched
DN001907,D00014,accessories,fair,16,Chennai,2025-06-13,,matched
DN001908,D00366,accessories,fair,1,Hyderabad,2025-02-13,,approved
DN001909,D00386,casual,fair,16,Bengaluru,2025-07-24,,delivered
DN001910,D00387,shoes,excellent,10,Bengaluru,2024-12-05,NGO0050,matched
DN001911,D00360,shoes,fair,2,Kolkata,2025-05-02,NGO0051,matched
DN001912,D00403,shoes,good,17,Hyderabad,2025-11-02,NGO0098,pending
DN001913,D00307,outerwear,good,3,Delhi,2025-07-29,NGO0035,pending
DN001914,D00254,formal,fair,3,Delhi,2025-08-25,,delivered
DN001915,D00146,formal,excellent,13,Hyderabad,2025-10-28,NGO0034,delivered
DN001916,D00368,accessories,good,13,Lucknow,2025-10-05,,approved
DN001917,D00312,outerwear,fair,11,Bengaluru,2025-10-25,NGO0096,pending
DN001918,D00161,accessories,excellent,4,Delhi,2025-03-23,NGO0031,delivered
DN001919,D00253,formal,fair,15,Bengaluru,2025-11-01,NGO0081,delivered
DN001920,D00367,outerwear,excellent,18,Pune,2025-10-10,NGO0055,matched
DN001921,D00222,formal,good,10,Jaipur,2024-11-14,,approved
DN001922,D00094,formal,good,16,Bengaluru,2024-11-11,NGO0038,matched
DN001923,D00060,shoes,excellent,13,Lucknow,2025-07-24,,matched
DN001924,D00039,formal,fair,5,Hyderabad,2025-03-09,,pending
DN001925,D00296,children,good,16,Kolkata,2024-11-27,,matched
DN001926,D00234,accessories,excellent,4,Delhi,2025-06-08,NGO0096,matched
DN001927,D00432,outerwear,good,7,Jaipur,2025-07-26,NGO0005,pending
DN001928,D00173,outerwear,excellent,6,Bengaluru,2024-12-17,NGO0090,approved
DN001929,D00126,formal,excellent,4,Lucknow,2024-11-26,NGO0099,pending
DN001930,D00211,children,excellent,20,Jaipur,2025-06-15,,approved
DN001931,D00297,accessories,good,12,Ahmedabad,2025-05-13,,matched
DN001932,D00015,casual,excellent,4,Pune,2025-10-06,,matched
DN001933,D00189,children,excellent,6,Mumbai,2024-12-06,NGO0004,matched
DN001934,D00055,formal,excellent,8,Jaipur,2025-02-20,,approved
DN001935,D00333,formal,good,18,Chennai,2025-02-10,NGO0093,delivered
DN001936,D00217,shoes,good,11,Hyderabad,2025-10-18,NGO0058,approved
DN001937,D00483,outerwear,fair,20,Pune,2025-07-15,NGO0072,pending
DN001938,D00317,shoes,good,16,Hyderabad,2024-12-02,,matched
DN001939,D00482,accessories,fair,15,Ahmedabad,2024-12-08,NGO0032,pending
DN001940,D00448,accessories,fair,4,Lucknow,2025-09-21,NGO0030,approved
DN001941,D00480,children,good,18,Kolkata,2025-01-27,,approved
DN001942,D00321,formal,fair,13,Hyderabad,2025-09-27,,matched
DN001943,D00240,children,excellent,18,Mumbai,2025-05-10,NGO0005,pending
DN001944,D00211,formal,excellent,7,Jaipur,2025-06-04,,approved
DN001945,D00289,shoes,good,6,Jaipur,2025-07-13,,matched
DN001946,D00045,shoes,fair,5,Hyderabad,2025-08-22,NGO0008,pending
DN001947,D00312,casual,excellent,7,Bengaluru,2025-11-10,NGO0028,pending
DN001948,D00378,children,excellent,5,Delhi,2025-04-03,,matched
DN001949,D00137,outerwear,fair,15,Bengaluru,2025-09-23,NGO0042,approved
DN001950,D00096,formal,excellent,12,Lucknow,2025-04-22,NGO0061,pending
DN001951,D00344,casual,fair,19,Delhi,2025-07-31,,matched
DN001952,D00358,accessories,fair,12,Kolkata,2025-07-07,NGO0087,delivered
DN001953,D00287,casual,fair,10,Hyderabad,2025-06-30,NGO0082,delivered
DN001954,D00246,children,good,11,Ahmedabad,2025-03-08,,pending
DN001955,D00384,shoes,fair,18,Jaipur,2024-12-24,NGO0096,delivered
DN001956,D00269,shoes,good,5,Mumbai,2025-11-03,NGO0089,delivered
DN001957,D00022,casual,excellent,16,Pune,2025-08-15,,approved
DN001958,D00029,formal,good,9,Ahmedabad,2025-07-07,,approved
DN001959,D00153,outerwear,fair,5,Lucknow,2025-07-10,NGO0046,matched
DN001960,D00453,formal,excellent,3,Lucknow,2025-07-16,NGO0031,delivered
DN001961,D00013,formal,excellent,7,Chennai,2025-05-09,NGO0035,pending
DN001962,D00308,children,good,4,Bengaluru,2025-03-16,,delivered
DN001963,D00057,children,excellent,10,Bengaluru,2025-04-10,NGO0083,pending
DN001964,D00377,formal,fair,3,Delhi,2024-12-06,NGO0002,pending
DN001965,D00100,accessories,excellent,7,Kolkata,2025-09-01,,matched
DN001966,D00499,shoes,excellent,14,Jaipur,2024-11-28,NGO0067,pending
DN001967,D00224,casual,fair,13,Pune,2025-08-06,NGO0043,pending
DN001968,D00049,formal,fair,12,Chennai,2024-11-14,NGO0018,pending
DN001969,D00094,casual,fair,19,Bengaluru,2025-01-09,,matched
DN001970,D00291,children,good,6,Lucknow,2025-04-14,NGO0032,approved
DN001971,D00137,casual,excellent,18,Bengaluru,2025-01-17,,pending
DN001972,D00412,children,good,15,Hyderabad,2025-01-19,,delivered
DN001973,D00441,formal,fair,16,Mumbai,2024-11-17,,approved
DN001974,D00381,casual,excellent,5,Delhi,2025-04-18,,matched
DN001975,D00131,accessories,fair,13,Chennai,2024-11-26,NGO0043,matched
DN001976,D00160,children,excellent,1,Delhi,2025-08-12,NGO0044,delivered
DN001977,D00203,accessories,fair,11,Bengaluru,2025-06-01,NGO0040,approved
DN001978,D00475,children,excellent,8,Bengaluru,2025-04-08,,approved
DN001979,D00043,casual,good,9,Mumbai,2024-11-24,NGO0039,matched
DN001980,D00345,formal,good,17,Chennai,2025-06-01,NGO0060,approved
DN001981,D00178,outerwear,excellent,20,Jaipur,2025-08-04,,matched
DN001982,D00111,outerwear,fair,18,Bengaluru,2024-11-16,,approved
DN001983,D00078,shoes,good,16,Bengaluru,2024-11-15,,delivered
DN001984,D00167,formal,excellent,17,Kolkata,2025-02-11,,matched
DN001985,D00021,accessories,fair,6,Jaipur,2025-03-05,,pending
DN001986,D00259,children,fair,19,Jaipur,2025-09-02,NGO0061,approved
DN001987,D00400,casual,good,10,Pune,2024-11-28,NGO0020,pending
DN001988,D00356,children,excellent,14,Ahmedabad,2025-10-23,NGO0020,matched
DN001989,D00265,formal,excellent,1,Bengaluru,2025-01-27,,pending
DN001990,D00025,casual,fair,5,Kolkata,2025-03-22,,approved
DN001991,D00276,accessories,excellent,5,Delhi,2025-04-11,,matched
DN001992,D00361,shoes,excellent,12,Chennai,2024-11-18,NGO0057,delivered
DN001993,D00081,children,good,6,Kolkata,2025-09-20,NGO0091,matched
DN001994,D00160,outerwear,excellent,6,Delhi,2025-05-28,NGO0082,pending
DN001995,D00061,outerwear,good,14,Pune,2025-10-13,NGO0009,pending
DN001996,D00397,children,good,14,Delhi,2024-12-16,NGO0048,pending
DN001997,D00416,outerwear,fair,8,Kolkata,2025-04-08,NGO0074,pending
DN001998,D00062,outerwear,fair,2,Jaipur,2025-02-27,NGO0062,pending
DN001999,D00166,outerwear,good,11,Delhi,2025-08-02,NGO0093,matched
DN002000,D00256,children,fair,7,Lucknow,2025-05-05,NGO0041,pending
